[2m2026-03-16T01:52:14.231595Z[0m [32m INFO[0m [2mswarmllm::config[0m[2m:[0m Loaded config [3mpath[0m[2m=[0m/home/user/.local/share/swarmllm-test3/config.toml
[2m2026-03-16T01:52:14.238203Z[0m [32m INFO[0m [2mswarmllm::daemon[0m[2m:[0m Detected provider API keys in environment [3mproviders[0m[2m=[0m["deepseek"] [3mcount[0m[2m=[0m1
[2m2026-03-16T01:52:14.238238Z[0m [32m INFO[0m [2mswarmllm::daemon[0m[2m:[0m SwarmLLM daemon starting with resolved config [3mport[0m[2m=[0m8902 [3mdata_dir[0m[2m=[0m/home/user/.local/share/swarmllm-test3 [3mbootstrap_peers[0m[2m=[0m0 [3mauto_manage[0m[2m=[0mfalse
[2m2026-03-16T01:52:14.238313Z[0m [32m INFO[0m [2mswarmllm::storage::db[0m[2m:[0m Database integrity check passed
[2m2026-03-16T01:52:14.238356Z[0m [32m INFO[0m [2mswarmllm::daemon[0m[2m:[0m Using persisted API key from database
[2m2026-03-16T01:52:14.238666Z[0m [32m INFO[0m [2mswarmllm::model::registry[0m[2m:[0m DIAG: load_from_db complete [3mmanifests_loaded_count[0m[2m=[0m0
[2m2026-03-16T01:52:14.238979Z[0m [32m INFO[0m [2mswarmllm::config[0m[2m:[0m Loaded provider key from environment [3menv_var[0m[2m=[0m"DEEPSEEK_API_KEY"
[2m2026-03-16T01:52:14.239870Z[0m [32m INFO[0m [2mswarmllm::model::shard[0m[2m:[0m DIAG: load_all_local complete [3mmodel_count[0m[2m=[0m0 [3mtotal_shards[0m[2m=[0m0 [3mrejected_count[0m[2m=[0m0
[2m2026-03-16T01:52:14.240080Z[0m [32m INFO[0m [2mswarmllm::network::manager[0m[2m:[0m Initializing network [3mpeer_id[0m[2m=[0m12D3KooWAyFfLinkAgFyQsC2SfHDizZ6yBg6BUUFYDYP1ZRVFaNr
[2m2026-03-16T01:52:14.240121Z[0m [32m INFO[0m [2mswarmllm::network::peer_cache[0m[2m:[0m Loaded cached peers from last session [3mcount[0m[2m=[0m6
[2m2026-03-16T01:52:14.242105Z[0m [32m INFO[0m [2mswarmllm::network::behaviour[0m[2m:[0m Auto-scaled GossipSub mesh parameters [3mknown_peers[0m[2m=[0m6 [3mmesh_n[0m[2m=[0m2 [3mmesh_n_low[0m[2m=[0m1 [3mmesh_n_high[0m[2m=[0m4
[2m2026-03-16T01:52:14.242204Z[0m [32m INFO[0m [2mswarmllm::network::behaviour[0m[2m:[0m DIAG: connection limits configured [3mmax_per_peer[0m[2m=[0m1 [3mmax_total[0m[2m=[0m500
[2m2026-03-16T01:52:14.242422Z[0m [32m INFO[0m [2mswarmllm::credit::ledger[0m[2m:[0m Restored credit balance from database [3mbalance[0m[2m=[0m-21760 [3mlifetime_earned[0m[2m=[0m0
[2m2026-03-16T01:52:14.242457Z[0m [32m INFO[0m [2mswarmllm::inference::router[0m[2m:[0m InferenceRouter running [3mmax_batch_size[0m[2m=[0m1 [3mbatch_timeout_ms[0m[2m=[0m50
[2m2026-03-16T01:52:14.242517Z[0m [32m INFO[0m [2mswarmllm::health::monitor[0m[2m:[0m HealthMonitor running
[2m2026-03-16T01:52:14.242526Z[0m [32m INFO[0m [2mswarmllm::health::rebalancer[0m[2m:[0m ShardRebalancer running
[2m2026-03-16T01:52:14.242531Z[0m [32m INFO[0m [2mswarmllm::daemon[0m[2m:[0m SwarmLLM daemon running [3mnode_id[0m[2m=[0m11228e88372ae2f0 [3mport[0m[2m=[0m8902
[2m2026-03-16T01:52:14.242540Z[0m [32m INFO[0m [2mswarmllm::credit::ledger[0m[2m:[0m CreditLedger running
[2m2026-03-16T01:52:14.242557Z[0m [32m INFO[0m [2mswarmllm::model::auto_manage[0m[2m:[0m AutoShardManager: disabled at startup (enable from dashboard)
[2m2026-03-16T01:52:14.242570Z[0m [32m INFO[0m [2mswarmllm::pool::manager[0m[2m:[0m PoolManager running
[2m2026-03-16T01:52:14.242601Z[0m [32m INFO[0m [2mswarmllm::model::acquisition[0m[2m:[0m AcquisitionManager running
[2m2026-03-16T01:52:14.242702Z[0m [32m INFO[0m [2mswarmllm::network::manager[0m[2m:[0m Listening for P2P connections (QUIC disabled) [3mtcp_addr[0m[2m=[0m/ip4/0.0.0.0/tcp/8912
[2m2026-03-16T01:52:14.242745Z[0m [32m INFO[0m [2mswarmllm::network::discovery[0m[2m:[0m Subscribed to GossipSub topic [3mtopic[0m[2m=[0mswarm/models
[2m2026-03-16T01:52:14.242752Z[0m [32m INFO[0m [2mswarmllm::network::discovery[0m[2m:[0m Subscribed to GossipSub topic [3mtopic[0m[2m=[0mswarm/governance
[2m2026-03-16T01:52:14.242756Z[0m [32m INFO[0m [2mswarmllm::network::discovery[0m[2m:[0m Subscribed to GossipSub topic [3mtopic[0m[2m=[0mswarm/health
[2m2026-03-16T01:52:14.242771Z[0m [32m INFO[0m [2mswarmllm::network::discovery[0m[2m:[0m Subscribed to GossipSub topic [3mtopic[0m[2m=[0mswarm/credits
[2m2026-03-16T01:52:14.242775Z[0m [32m INFO[0m [2mswarmllm::network::discovery[0m[2m:[0m Subscribed to GossipSub topic [3mtopic[0m[2m=[0mswarm/identity
[2m2026-03-16T01:52:14.242779Z[0m [32m INFO[0m [2mswarmllm::network::discovery[0m[2m:[0m Subscribed to GossipSub topic [3mtopic[0m[2m=[0mswarm/pools
[2m2026-03-16T01:52:14.242795Z[0m [32m INFO[0m [2mswarmllm::network::peer_cache[0m[2m:[0m Loaded cached peers from last session [3mcount[0m[2m=[0m6
[2m2026-03-16T01:52:14.242924Z[0m [32m INFO[0m [2mswarmllm::network::discovery[0m[2m:[0m Dialing bootstrap peer [3maddr[0m[2m=[0m/ip4/172.27.198.18/tcp/8910/p2p/12D3KooWSUjzxjgP5ZfafMxfkMEMEo7RwrF7khpEAKaEMHgJ5Pfv [3mpeer_id[0m[2m=[0mSome(PeerId("12D3KooWSUjzxjgP5ZfafMxfkMEMEo7RwrF7khpEAKaEMHgJ5Pfv"))
[2m2026-03-16T01:52:14.243015Z[0m [32m INFO[0m [2mswarmllm::network::discovery[0m[2m:[0m Dialing bootstrap peer [3maddr[0m[2m=[0m/ip4/127.0.0.1/tcp/8910/p2p/12D3KooWSUjzxjgP5ZfafMxfkMEMEo7RwrF7khpEAKaEMHgJ5Pfv [3mpeer_id[0m[2m=[0mSome(PeerId("12D3KooWSUjzxjgP5ZfafMxfkMEMEo7RwrF7khpEAKaEMHgJ5Pfv"))
[2m2026-03-16T01:52:14.243075Z[0m [32m INFO[0m [2mswarmllm::network::discovery[0m[2m:[0m Dialing bootstrap peer [3maddr[0m[2m=[0m/ip4/10.255.255.254/tcp/8910/p2p/12D3KooWSUjzxjgP5ZfafMxfkMEMEo7RwrF7khpEAKaEMHgJ5Pfv [3mpeer_id[0m[2m=[0mSome(PeerId("12D3KooWSUjzxjgP5ZfafMxfkMEMEo7RwrF7khpEAKaEMHgJ5Pfv"))
[2m2026-03-16T01:52:14.243179Z[0m [32m INFO[0m [2mswarmllm::network::discovery[0m[2m:[0m Dialing bootstrap peer [3maddr[0m[2m=[0m/ip4/10.255.255.254/tcp/8911/p2p/12D3KooWP3xpwmAoNWP3RboxdnMbaX94yTzW7WzgiZtJFDAWvdp1 [3mpeer_id[0m[2m=[0mSome(PeerId("12D3KooWP3xpwmAoNWP3RboxdnMbaX94yTzW7WzgiZtJFDAWvdp1"))
[2m2026-03-16T01:52:14.243215Z[0m [32m INFO[0m [2mswarmllm::network::discovery[0m[2m:[0m Dialing bootstrap peer [3maddr[0m[2m=[0m/ip4/172.27.198.18/tcp/8911/p2p/12D3KooWP3xpwmAoNWP3RboxdnMbaX94yTzW7WzgiZtJFDAWvdp1 [3mpeer_id[0m[2m=[0mSome(PeerId("12D3KooWP3xpwmAoNWP3RboxdnMbaX94yTzW7WzgiZtJFDAWvdp1"))
[2m2026-03-16T01:52:14.243253Z[0m [32m INFO[0m [2mswarmllm::network::discovery[0m[2m:[0m Dialing bootstrap peer [3maddr[0m[2m=[0m/ip4/127.0.0.1/tcp/8911/p2p/12D3KooWP3xpwmAoNWP3RboxdnMbaX94yTzW7WzgiZtJFDAWvdp1 [3mpeer_id[0m[2m=[0mSome(PeerId("12D3KooWP3xpwmAoNWP3RboxdnMbaX94yTzW7WzgiZtJFDAWvdp1"))
[2m2026-03-16T01:52:14.243251Z[0m [32m INFO[0m [2mswarmllm::crypto::key_rotation[0m[2m:[0m Key rotation task started (eviction + ephemeral re-keying)
[2m2026-03-16T01:52:14.243262Z[0m [32m INFO[0m [2mswarmllm::network::manager[0m[2m:[0m Dialing cached peers from last session [3mcount[0m[2m=[0m6
[2m2026-03-16T01:52:14.243360Z[0m [32m INFO[0m [2mswarmllm::credit::ledger[0m[2m:[0m Gossiping credit balance [3mbalance_bucket[0m[2m=[0m-21800 [3mtier[0m[2m=[0mBronze
[2m2026-03-16T01:52:14.243373Z[0m [32m INFO[0m [2mswarmllm::model::auto_manage[0m[2m:[0m AutoShardManager running [3minterval_secs[0m[2m=[0m300 [3mmax_storage_mb[0m[2m=[0m0
[2m2026-03-16T01:52:14.243567Z[0m [32m INFO[0m [2mswarmllm::network::manager[0m[2m:[0m NetworkManager running
[2m2026-03-16T01:52:14.244718Z[0m [32m INFO[0m [2mswarmllm::network::peer_cache[0m[2m:[0m Loaded cached peers from last session [3mcount[0m[2m=[0m6
[2m2026-03-16T01:52:14.244813Z[0m [32m INFO[0m [2mswarmllm::network::discovery[0m[2m:[0m Dialing bootstrap peer [3maddr[0m[2m=[0m/ip4/172.27.198.18/tcp/8910/p2p/12D3KooWSUjzxjgP5ZfafMxfkMEMEo7RwrF7khpEAKaEMHgJ5Pfv [3mpeer_id[0m[2m=[0mSome(PeerId("12D3KooWSUjzxjgP5ZfafMxfkMEMEo7RwrF7khpEAKaEMHgJ5Pfv"))
[2m2026-03-16T01:52:14.244911Z[0m [32m INFO[0m [2mswarmllm::network::discovery[0m[2m:[0m Dialing bootstrap peer [3maddr[0m[2m=[0m/ip4/127.0.0.1/tcp/8910/p2p/12D3KooWSUjzxjgP5ZfafMxfkMEMEo7RwrF7khpEAKaEMHgJ5Pfv [3mpeer_id[0m[2m=[0mSome(PeerId("12D3KooWSUjzxjgP5ZfafMxfkMEMEo7RwrF7khpEAKaEMHgJ5Pfv"))
[2m2026-03-16T01:52:14.245019Z[0m [32m INFO[0m [2mswarmllm::network::discovery[0m[2m:[0m Dialing bootstrap peer [3maddr[0m[2m=[0m/ip4/10.255.255.254/tcp/8910/p2p/12D3KooWSUjzxjgP5ZfafMxfkMEMEo7RwrF7khpEAKaEMHgJ5Pfv [3mpeer_id[0m[2m=[0mSome(PeerId("12D3KooWSUjzxjgP5ZfafMxfkMEMEo7RwrF7khpEAKaEMHgJ5Pfv"))
[2m2026-03-16T01:52:14.245080Z[0m [32m INFO[0m [2mswarmllm::network::discovery[0m[2m:[0m Dialing bootstrap peer [3maddr[0m[2m=[0m/ip4/10.255.255.254/tcp/8911/p2p/12D3KooWP3xpwmAoNWP3RboxdnMbaX94yTzW7WzgiZtJFDAWvdp1 [3mpeer_id[0m[2m=[0mSome(PeerId("12D3KooWP3xpwmAoNWP3RboxdnMbaX94yTzW7WzgiZtJFDAWvdp1"))
[2m2026-03-16T01:52:14.245113Z[0m [32m INFO[0m [2mswarmllm::network::discovery[0m[2m:[0m Dialing bootstrap peer [3maddr[0m[2m=[0m/ip4/172.27.198.18/tcp/8911/p2p/12D3KooWP3xpwmAoNWP3RboxdnMbaX94yTzW7WzgiZtJFDAWvdp1 [3mpeer_id[0m[2m=[0mSome(PeerId("12D3KooWP3xpwmAoNWP3RboxdnMbaX94yTzW7WzgiZtJFDAWvdp1"))
[2m2026-03-16T01:52:14.245154Z[0m [32m INFO[0m [2mswarmllm::network::discovery[0m[2m:[0m Dialing bootstrap peer [3maddr[0m[2m=[0m/ip4/127.0.0.1/tcp/8911/p2p/12D3KooWP3xpwmAoNWP3RboxdnMbaX94yTzW7WzgiZtJFDAWvdp1 [3mpeer_id[0m[2m=[0mSome(PeerId("12D3KooWP3xpwmAoNWP3RboxdnMbaX94yTzW7WzgiZtJFDAWvdp1"))
[2m2026-03-16T01:52:14.247186Z[0m [32m INFO[0m [2mswarmllm::network::manager[0m[2m:[0m New listen address [3maddress[0m[2m=[0m/ip4/127.0.0.1/tcp/8912
[2m2026-03-16T01:52:14.247247Z[0m [32m INFO[0m [2mswarmllm::network::manager[0m[2m:[0m New listen address [3maddress[0m[2m=[0m/ip4/10.255.255.254/tcp/8912
[2m2026-03-16T01:52:14.247267Z[0m [32m INFO[0m [2mswarmllm::network::manager[0m[2m:[0m New listen address [3maddress[0m[2m=[0m/ip4/172.27.198.18/tcp/8912
[2m2026-03-16T01:52:14.695248Z[0m [32m INFO[0m [2mswarmllm::daemon[0m[2m:[0m Auto-detected region via IP geolocation [3mregion[0m[2m=[0mTH
[2m2026-03-16T01:52:21.037725Z[0m [32m INFO[0m [2mswarmllm::network::manager[0m[2m:[0m DIAG: connection established [3mpeer_id[0m[2m=[0m12D3KooWP3xpwmAoNWP3RboxdnMbaX94yTzW7WzgiZtJFDAWvdp1 [3mconnection_id[0m[2m=[0m37 [3mcount[0m[2m=[0m1 [3mremote_addr[0m[2m=[0m/ip4/10.255.255.254/tcp/54570 [3mis_loopback[0m[2m=[0mfalse [3mis_dialer[0m[2m=[0mfalse [3mtotal_established[0m[2m=[0m1 [3mtotal_peers[0m[2m=[0m1 [3mpending_tensor_forwards[0m[2m=[0m0
[2m2026-03-16T01:52:21.040804Z[0m [32m INFO[0m [2mswarmllm::network::manager[0m[2m:[0m DIAG: key exchange initiated [3mpeer_id[0m[2m=[0m12D3KooWP3xpwmAoNWP3RboxdnMbaX94yTzW7WzgiZtJFDAWvdp1 [3mnode_id[0m[2m=[0mc4a3ab5093da731a [3msession_type[0m[2m=[0m"static"
[2m2026-03-16T01:52:21.040915Z[0m [32m INFO[0m [2mswarmllm::network::manager[0m[2m:[0m DIAG: encryption session established [3mpeer_id[0m[2m=[0m12D3KooWP3xpwmAoNWP3RboxdnMbaX94yTzW7WzgiZtJFDAWvdp1 [3mnode_id[0m[2m=[0mc4a3ab5093da731a [3msession_type[0m[2m=[0m"static" [3msession_count[0m[2m=[0m1
[2m2026-03-16T01:52:21.040943Z[0m [32m INFO[0m [2mswarmllm::network::manager[0m[2m:[0m Received request [3mpeer[0m[2m=[0m12D3KooWP3xpwmAoNWP3RboxdnMbaX94yTzW7WzgiZtJFDAWvdp1 [3mkind[0m[2m=[0m"message"
[2m2026-03-16T01:52:21.041791Z[0m [32m INFO[0m [2mswarmllm::network::manager[0m[2m:[0m Replayed buffered GossipSub messages [3mcount[0m[2m=[0m1
[2m2026-03-16T01:52:21.041889Z[0m [32m INFO[0m [2mswarmllm::network::manager[0m[2m:[0m Replayed buffered GossipSub messages [3mcount[0m[2m=[0m1
[2m2026-03-16T01:52:21.041949Z[0m [32m INFO[0m [2mswarmllm::network::manager[0m[2m:[0m Replayed buffered GossipSub messages [3mcount[0m[2m=[0m1
[2m2026-03-16T01:52:21.042499Z[0m [32m INFO[0m [2mswarmllm::network::manager[0m[2m:[0m DIAG: ResponseSent event — response written to wire [3mpeer[0m[2m=[0m12D3KooWP3xpwmAoNWP3RboxdnMbaX94yTzW7WzgiZtJFDAWvdp1 [3mrequest_id[0m[2m=[0mInboundRequestId(1)
[2m2026-03-16T01:52:21.043546Z[0m [32m INFO[0m [2mswarmllm::network::manager[0m[2m:[0m DIAG: received response [3mpeer[0m[2m=[0m12D3KooWP3xpwmAoNWP3RboxdnMbaX94yTzW7WzgiZtJFDAWvdp1 [3mkind[0m[2m=[0m"message" [3mrequest_id[0m[2m=[0mOutboundRequestId(1) [3mwas_tensor_forward[0m[2m=[0mfalse [3mpending_tensor_out[0m[2m=[0m0
[2m2026-03-16T01:52:21.045554Z[0m [32m INFO[0m [2mswarmllm::network::manager[0m[2m:[0m Received request [3mpeer[0m[2m=[0m12D3KooWP3xpwmAoNWP3RboxdnMbaX94yTzW7WzgiZtJFDAWvdp1 [3mkind[0m[2m=[0m"message"
[2m2026-03-16T01:52:21.045666Z[0m [32m INFO[0m [2mswarmllm::daemon::dispatch[0m[2m:[0m Received shard announce from peer [3mnode_id[0m[2m=[0mc4a3ab5093da731a [3mshards[0m[2m=[0m6
[2m2026-03-16T01:52:21.045677Z[0m [32m INFO[0m [2mswarmllm::network::manager[0m[2m:[0m DIAG: ResponseSent event — response written to wire [3mpeer[0m[2m=[0m12D3KooWP3xpwmAoNWP3RboxdnMbaX94yTzW7WzgiZtJFDAWvdp1 [3mrequest_id[0m[2m=[0mInboundRequestId(2)
[2m2026-03-16T01:52:21.045689Z[0m [32m INFO[0m [2mswarmllm::daemon::dispatch[0m[2m:[0m Received model manifest from network [3mmodel[0m[2m=[0mtinyllama-1.1b-chat-v1.0.q4-k-m [3mname[0m[2m=[0mtinyllama_tinyllama-1.1b-chat-v1.0 [3mshards[0m[2m=[0m2 [3mpublisher[0m[2m=[0mc4a3ab5093da731a
[2m2026-03-16T01:52:21.045779Z[0m [32m INFO[0m [2mswarmllm::model::registry[0m[2m:[0m DIAG: register_manifest [3mmodel[0m[2m=[0mtinyllama-1.1b-chat-v1.0.q4-k-m [3mname[0m[2m=[0mtinyllama_tinyllama-1.1b-chat-v1.0 [3mschema_version[0m[2m=[0m2 [3mshard_count[0m[2m=[0m2
[2m2026-03-16T01:52:21.045822Z[0m [32m INFO[0m [2mswarmllm::daemon::dispatch[0m[2m:[0m Received model manifest from network [3mmodel[0m[2m=[0mphi-3.5-mini-instruct.q4-k-m [3mname[0m[2m=[0mPhi 3.5 Mini Instruct [3mshards[0m[2m=[0m5 [3mpublisher[0m[2m=[0mc4a3ab5093da731a
[2m2026-03-16T01:52:21.045861Z[0m [32m INFO[0m [2mswarmllm::model::registry[0m[2m:[0m DIAG: register_manifest [3mmodel[0m[2m=[0mphi-3.5-mini-instruct.q4-k-m [3mname[0m[2m=[0mPhi 3.5 Mini Instruct [3mschema_version[0m[2m=[0m2 [3mshard_count[0m[2m=[0m5
[2m2026-03-16T01:52:21.046547Z[0m [32m INFO[0m [2mswarmllm::network::manager[0m[2m:[0m DIAG: received response [3mpeer[0m[2m=[0m12D3KooWP3xpwmAoNWP3RboxdnMbaX94yTzW7WzgiZtJFDAWvdp1 [3mkind[0m[2m=[0m"ack" [3mrequest_id[0m[2m=[0mOutboundRequestId(2) [3mwas_tensor_forward[0m[2m=[0mfalse [3mpending_tensor_out[0m[2m=[0m0
[2m2026-03-16T01:52:21.288656Z[0m [32m INFO[0m [2mswarmllm::network::manager[0m[2m:[0m Found 1 peer on your local network [3mlan_peers[0m[2m=[0m1
[2m2026-03-16T01:52:22.777174Z[0m [32m INFO[0m [2mswarmllm::network::manager[0m[2m:[0m DIAG: connection established [3mpeer_id[0m[2m=[0m12D3KooWSUjzxjgP5ZfafMxfkMEMEo7RwrF7khpEAKaEMHgJ5Pfv [3mconnection_id[0m[2m=[0m45 [3mcount[0m[2m=[0m1 [3mremote_addr[0m[2m=[0m/ip4/127.0.0.1/tcp/33682 [3mis_loopback[0m[2m=[0mtrue [3mis_dialer[0m[2m=[0mfalse [3mtotal_established[0m[2m=[0m2 [3mtotal_peers[0m[2m=[0m2 [3mpending_tensor_forwards[0m[2m=[0m0
[2m2026-03-16T01:52:22.779324Z[0m [32m INFO[0m [2mswarmllm::network::manager[0m[2m:[0m DIAG: key exchange initiated [3mpeer_id[0m[2m=[0m12D3KooWSUjzxjgP5ZfafMxfkMEMEo7RwrF7khpEAKaEMHgJ5Pfv [3mnode_id[0m[2m=[0mf78fbf0fba02769a [3msession_type[0m[2m=[0m"static"
[2m2026-03-16T01:52:22.779457Z[0m [32m INFO[0m [2mswarmllm::network::manager[0m[2m:[0m DIAG: encryption session established [3mpeer_id[0m[2m=[0m12D3KooWSUjzxjgP5ZfafMxfkMEMEo7RwrF7khpEAKaEMHgJ5Pfv [3mnode_id[0m[2m=[0mf78fbf0fba02769a [3msession_type[0m[2m=[0m"static" [3msession_count[0m[2m=[0m2
[2m2026-03-16T01:52:22.779932Z[0m [32m INFO[0m [2mswarmllm::network::manager[0m[2m:[0m Received request [3mpeer[0m[2m=[0m12D3KooWSUjzxjgP5ZfafMxfkMEMEo7RwrF7khpEAKaEMHgJ5Pfv [3mkind[0m[2m=[0m"message"
[2m2026-03-16T01:52:22.780246Z[0m [32m INFO[0m [2mswarmllm::network::manager[0m[2m:[0m DIAG: ResponseSent event — response written to wire [3mpeer[0m[2m=[0m12D3KooWSUjzxjgP5ZfafMxfkMEMEo7RwrF7khpEAKaEMHgJ5Pfv [3mrequest_id[0m[2m=[0mInboundRequestId(3)
[2m2026-03-16T01:52:22.780297Z[0m [32m INFO[0m [2mswarmllm::network::manager[0m[2m:[0m DIAG: received response [3mpeer[0m[2m=[0m12D3KooWSUjzxjgP5ZfafMxfkMEMEo7RwrF7khpEAKaEMHgJ5Pfv [3mkind[0m[2m=[0m"message" [3mrequest_id[0m[2m=[0mOutboundRequestId(3) [3mwas_tensor_forward[0m[2m=[0mfalse [3mpending_tensor_out[0m[2m=[0m0
[2m2026-03-16T01:52:22.780318Z[0m [32m INFO[0m [2mswarmllm::network::manager[0m[2m:[0m Low-latency peer auto-detected as LAN [3mpeer[0m[2m=[0m12D3KooWSUjzxjgP5ZfafMxfkMEMEo7RwrF7khpEAKaEMHgJ5Pfv [3mrtt_ms[0m[2m=[0m3 [3mlan_peers[0m[2m=[0m2
[2m2026-03-16T01:52:22.782518Z[0m [32m INFO[0m [2mswarmllm::daemon::dispatch[0m[2m:[0m Received shard announce from peer [3mnode_id[0m[2m=[0mf78fbf0fba02769a [3mshards[0m[2m=[0m9
[2m2026-03-16T01:52:22.783034Z[0m [32m INFO[0m [2mswarmllm::daemon::dispatch[0m[2m:[0m Received model manifest from network [3mmodel[0m[2m=[0mphi-3.5-mini-instruct.q4-k-m [3mname[0m[2m=[0mPhi 3.5 Mini Instruct [3mshards[0m[2m=[0m5 [3mpublisher[0m[2m=[0mf78fbf0fba02769a
[2m2026-03-16T01:52:22.783129Z[0m [32m INFO[0m [2mswarmllm::model::registry[0m[2m:[0m DIAG: register_manifest [3mmodel[0m[2m=[0mphi-3.5-mini-instruct.q4-k-m [3mname[0m[2m=[0mPhi 3.5 Mini Instruct [3mschema_version[0m[2m=[0m2 [3mshard_count[0m[2m=[0m5
[2m2026-03-16T01:52:22.784358Z[0m [32m INFO[0m [2mswarmllm::daemon::dispatch[0m[2m:[0m Received model manifest from network [3mmodel[0m[2m=[0mtinyllama-1.1b-chat-v1.0.q4-k-m [3mname[0m[2m=[0mtinyllama_tinyllama-1.1b-chat-v1.0 [3mshards[0m[2m=[0m2 [3mpublisher[0m[2m=[0mf78fbf0fba02769a
[2m2026-03-16T01:52:22.784452Z[0m [32m INFO[0m [2mswarmllm::model::registry[0m[2m:[0m DIAG: register_manifest [3mmodel[0m[2m=[0mtinyllama-1.1b-chat-v1.0.q4-k-m [3mname[0m[2m=[0mtinyllama_tinyllama-1.1b-chat-v1.0 [3mschema_version[0m[2m=[0m2 [3mshard_count[0m[2m=[0m2
[2m2026-03-16T01:52:22.785458Z[0m [32m INFO[0m [2mswarmllm::network::manager[0m[2m:[0m DIAG: received response [3mpeer[0m[2m=[0m12D3KooWSUjzxjgP5ZfafMxfkMEMEo7RwrF7khpEAKaEMHgJ5Pfv [3mkind[0m[2m=[0m"ack" [3mrequest_id[0m[2m=[0mOutboundRequestId(4) [3mwas_tensor_forward[0m[2m=[0mfalse [3mpending_tensor_out[0m[2m=[0m0
[2m2026-03-16T01:52:33.262527Z[0m [32m INFO[0m [2mswarmllm::daemon::dispatch[0m[2m:[0m Received shard announce from peer [3mnode_id[0m[2m=[0mc4a3ab5093da731a [3mshards[0m[2m=[0m6
[2m2026-03-16T01:52:33.264090Z[0m [32m INFO[0m [2mswarmllm::daemon::dispatch[0m[2m:[0m Received model manifest from network [3mmodel[0m[2m=[0mtinyllama-1.1b-chat-v1.0.q4-k-m [3mname[0m[2m=[0mtinyllama_tinyllama-1.1b-chat-v1.0 [3mshards[0m[2m=[0m2 [3mpublisher[0m[2m=[0mf78fbf0fba02769a
[2m2026-03-16T01:52:33.264205Z[0m [32m INFO[0m [2mswarmllm::model::registry[0m[2m:[0m DIAG: register_manifest [3mmodel[0m[2m=[0mtinyllama-1.1b-chat-v1.0.q4-k-m [3mname[0m[2m=[0mtinyllama_tinyllama-1.1b-chat-v1.0 [3mschema_version[0m[2m=[0m2 [3mshard_count[0m[2m=[0m2
[2m2026-03-16T01:52:33.264266Z[0m [32m INFO[0m [2mswarmllm::daemon::dispatch[0m[2m:[0m Received model manifest from network [3mmodel[0m[2m=[0mqwen2.5-coder-7b-instruct-q4-k-m [3mname[0m[2m=[0mQwen2.5 Coder 7B Instruct GGUF [3mshards[0m[2m=[0m8 [3mpublisher[0m[2m=[0mf78fbf0fba02769a
[2m2026-03-16T01:52:33.264336Z[0m [32m INFO[0m [2mswarmllm::model::registry[0m[2m:[0m DIAG: register_manifest [3mmodel[0m[2m=[0mqwen2.5-coder-7b-instruct-q4-k-m [3mname[0m[2m=[0mQwen2.5 Coder 7B Instruct GGUF [3mschema_version[0m[2m=[0m2 [3mshard_count[0m[2m=[0m8
[2m2026-03-16T01:52:33.264364Z[0m [32m INFO[0m [2mswarmllm::daemon::dispatch[0m[2m:[0m Received model manifest from network [3mmodel[0m[2m=[0mphi-3.5-mini-instruct.q4-k-m [3mname[0m[2m=[0mPhi 3.5 Mini Instruct [3mshards[0m[2m=[0m5 [3mpublisher[0m[2m=[0mf78fbf0fba02769a
[2m2026-03-16T01:52:33.264461Z[0m [32m INFO[0m [2mswarmllm::model::registry[0m[2m:[0m DIAG: register_manifest [3mmodel[0m[2m=[0mphi-3.5-mini-instruct.q4-k-m [3mname[0m[2m=[0mPhi 3.5 Mini Instruct [3mschema_version[0m[2m=[0m2 [3mshard_count[0m[2m=[0m5
[2m2026-03-16T01:52:34.780953Z[0m [32m INFO[0m [2mswarmllm::daemon::dispatch[0m[2m:[0m Received shard announce from peer [3mnode_id[0m[2m=[0mf78fbf0fba02769a [3mshards[0m[2m=[0m9
[2m2026-03-16T01:52:34.781425Z[0m [32m INFO[0m [2mswarmllm::daemon::dispatch[0m[2m:[0m Received model manifest from network [3mmodel[0m[2m=[0mphi-3.5-mini-instruct.q4-k-m [3mname[0m[2m=[0mPhi 3.5 Mini Instruct [3mshards[0m[2m=[0m5 [3mpublisher[0m[2m=[0mf78fbf0fba02769a
[2m2026-03-16T01:52:34.781528Z[0m [32m INFO[0m [2mswarmllm::model::registry[0m[2m:[0m DIAG: register_manifest [3mmodel[0m[2m=[0mphi-3.5-mini-instruct.q4-k-m [3mname[0m[2m=[0mPhi 3.5 Mini Instruct [3mschema_version[0m[2m=[0m2 [3mshard_count[0m[2m=[0m5
[2m2026-03-16T01:52:34.782634Z[0m [32m INFO[0m [2mswarmllm::daemon::dispatch[0m[2m:[0m Received model manifest from network [3mmodel[0m[2m=[0mqwen2.5-coder-7b-instruct-q4-k-m [3mname[0m[2m=[0mQwen2.5 Coder 7B Instruct GGUF [3mshards[0m[2m=[0m8 [3mpublisher[0m[2m=[0mc4a3ab5093da731a
[2m2026-03-16T01:52:34.782754Z[0m [32m INFO[0m [2mswarmllm::model::registry[0m[2m:[0m DIAG: register_manifest [3mmodel[0m[2m=[0mqwen2.5-coder-7b-instruct-q4-k-m [3mname[0m[2m=[0mQwen2.5 Coder 7B Instruct GGUF [3mschema_version[0m[2m=[0m2 [3mshard_count[0m[2m=[0m8
[2m2026-03-16T01:52:34.782789Z[0m [32m INFO[0m [2mswarmllm::daemon::dispatch[0m[2m:[0m Received model manifest from network [3mmodel[0m[2m=[0mtinyllama-1.1b-chat-v1.0.q4-k-m [3mname[0m[2m=[0mtinyllama_tinyllama-1.1b-chat-v1.0 [3mshards[0m[2m=[0m2 [3mpublisher[0m[2m=[0mf78fbf0fba02769a
[2m2026-03-16T01:52:34.782904Z[0m [32m INFO[0m [2mswarmllm::model::registry[0m[2m:[0m DIAG: register_manifest [3mmodel[0m[2m=[0mtinyllama-1.1b-chat-v1.0.q4-k-m [3mname[0m[2m=[0mtinyllama_tinyllama-1.1b-chat-v1.0 [3mschema_version[0m[2m=[0m2 [3mshard_count[0m[2m=[0m2
[2m2026-03-16T01:52:34.784792Z[0m [32m INFO[0m [2mswarmllm::network::manager[0m[2m:[0m Received request [3mpeer[0m[2m=[0m12D3KooWSUjzxjgP5ZfafMxfkMEMEo7RwrF7khpEAKaEMHgJ5Pfv [3mkind[0m[2m=[0m"message"
[2m2026-03-16T01:52:34.785097Z[0m [32m INFO[0m [2mswarmllm::network::manager[0m[2m:[0m DIAG: ResponseSent event — response written to wire [3mpeer[0m[2m=[0m12D3KooWSUjzxjgP5ZfafMxfkMEMEo7RwrF7khpEAKaEMHgJ5Pfv [3mrequest_id[0m[2m=[0mInboundRequestId(4)
[2m2026-03-16T01:52:41.257676Z[0m [32m INFO[0m [2mswarmllm::network::manager[0m[2m:[0m Received request [3mpeer[0m[2m=[0m12D3KooWP3xpwmAoNWP3RboxdnMbaX94yTzW7WzgiZtJFDAWvdp1 [3mkind[0m[2m=[0m"message"
[2m2026-03-16T01:52:41.257771Z[0m [32m INFO[0m [2mswarmllm::network::manager[0m[2m:[0m Received request [3mpeer[0m[2m=[0m12D3KooWSUjzxjgP5ZfafMxfkMEMEo7RwrF7khpEAKaEMHgJ5Pfv [3mkind[0m[2m=[0m"message"
[2m2026-03-16T01:52:41.257890Z[0m [32m INFO[0m [2mswarmllm::network::manager[0m[2m:[0m DIAG: ResponseSent event — response written to wire [3mpeer[0m[2m=[0m12D3KooWSUjzxjgP5ZfafMxfkMEMEo7RwrF7khpEAKaEMHgJ5Pfv [3mrequest_id[0m[2m=[0mInboundRequestId(5)
[2m2026-03-16T01:52:41.257920Z[0m [32m INFO[0m [2mswarmllm::network::manager[0m[2m:[0m DIAG: ResponseSent event — response written to wire [3mpeer[0m[2m=[0m12D3KooWP3xpwmAoNWP3RboxdnMbaX94yTzW7WzgiZtJFDAWvdp1 [3mrequest_id[0m[2m=[0mInboundRequestId(6)
[2m2026-03-16T01:52:41.785023Z[0m [33m WARN[0m [2mswarmllm::update[0m[2m:[0m Update check failed [3merror[0m[2m=[0mNetwork error: GitHub API returned 404 Not Found
[2m2026-03-16T01:52:48.044013Z[0m [32m INFO[0m [2mswarmllm::network::manager[0m[2m:[0m DIAG: received response [3mpeer[0m[2m=[0m12D3KooWP3xpwmAoNWP3RboxdnMbaX94yTzW7WzgiZtJFDAWvdp1 [3mkind[0m[2m=[0m"ack" [3mrequest_id[0m[2m=[0mOutboundRequestId(5) [3mwas_tensor_forward[0m[2m=[0mfalse [3mpending_tensor_out[0m[2m=[0m0
[2m2026-03-16T01:52:48.045474Z[0m [32m INFO[0m [2mswarmllm::daemon::dispatch[0m[2m:[0m Received shard announce from peer [3mnode_id[0m[2m=[0mc4a3ab5093da731a [3mshards[0m[2m=[0m6
[2m2026-03-16T01:52:48.046595Z[0m [32m INFO[0m [2mswarmllm::daemon::dispatch[0m[2m:[0m Received model manifest from network [3mmodel[0m[2m=[0mqwen2.5-coder-7b-instruct-q4-k-m [3mname[0m[2m=[0mQwen2.5 Coder 7B Instruct GGUF [3mshards[0m[2m=[0m8 [3mpublisher[0m[2m=[0mc4a3ab5093da731a
[2m2026-03-16T01:52:48.046688Z[0m [32m INFO[0m [2mswarmllm::model::registry[0m[2m:[0m DIAG: register_manifest [3mmodel[0m[2m=[0mqwen2.5-coder-7b-instruct-q4-k-m [3mname[0m[2m=[0mQwen2.5 Coder 7B Instruct GGUF [3mschema_version[0m[2m=[0m2 [3mshard_count[0m[2m=[0m8
[2m2026-03-16T01:52:49.780729Z[0m [32m INFO[0m [2mswarmllm::network::manager[0m[2m:[0m DIAG: received response [3mpeer[0m[2m=[0m12D3KooWSUjzxjgP5ZfafMxfkMEMEo7RwrF7khpEAKaEMHgJ5Pfv [3mkind[0m[2m=[0m"ack" [3mrequest_id[0m[2m=[0mOutboundRequestId(6) [3mwas_tensor_forward[0m[2m=[0mfalse [3mpending_tensor_out[0m[2m=[0m0
[2m2026-03-16T01:52:49.782497Z[0m [32m INFO[0m [2mswarmllm::daemon::dispatch[0m[2m:[0m Received shard announce from peer [3mnode_id[0m[2m=[0mf78fbf0fba02769a [3mshards[0m[2m=[0m9
[2m2026-03-16T01:53:08.753701Z[0m [32m INFO[0m [2mswarmllm::network::manager[0m[2m:[0m Received request [3mpeer[0m[2m=[0m12D3KooWP3xpwmAoNWP3RboxdnMbaX94yTzW7WzgiZtJFDAWvdp1 [3mkind[0m[2m=[0m"message"
[2m2026-03-16T01:53:08.753913Z[0m [32m INFO[0m [2mswarmllm::network::manager[0m[2m:[0m DIAG: ResponseSent event — response written to wire [3mpeer[0m[2m=[0m12D3KooWP3xpwmAoNWP3RboxdnMbaX94yTzW7WzgiZtJFDAWvdp1 [3mrequest_id[0m[2m=[0mInboundRequestId(7)
[2m2026-03-16T01:53:08.753934Z[0m [32m INFO[0m [2mswarmllm::network::manager[0m[2m:[0m Received request [3mpeer[0m[2m=[0m12D3KooWSUjzxjgP5ZfafMxfkMEMEo7RwrF7khpEAKaEMHgJ5Pfv [3mkind[0m[2m=[0m"message"
[2m2026-03-16T01:53:08.754054Z[0m [32m INFO[0m [2mswarmllm::network::manager[0m[2m:[0m DIAG: ResponseSent event — response written to wire [3mpeer[0m[2m=[0m12D3KooWSUjzxjgP5ZfafMxfkMEMEo7RwrF7khpEAKaEMHgJ5Pfv [3mrequest_id[0m[2m=[0mInboundRequestId(8)
[2m2026-03-16T01:53:15.538149Z[0m [32m INFO[0m [2mswarmllm::network::manager[0m[2m:[0m DIAG: received response [3mpeer[0m[2m=[0m12D3KooWP3xpwmAoNWP3RboxdnMbaX94yTzW7WzgiZtJFDAWvdp1 [3mkind[0m[2m=[0m"ack" [3mrequest_id[0m[2m=[0mOutboundRequestId(7) [3mwas_tensor_forward[0m[2m=[0mfalse [3mpending_tensor_out[0m[2m=[0m0
[2m2026-03-16T01:53:15.539910Z[0m [32m INFO[0m [2mswarmllm::daemon::dispatch[0m[2m:[0m Received shard announce from peer [3mnode_id[0m[2m=[0mc4a3ab5093da731a [3mshards[0m[2m=[0m6
[2m2026-03-16T01:53:15.540994Z[0m [32m INFO[0m [2mswarmllm::daemon::dispatch[0m[2m:[0m Received model manifest from network [3mmodel[0m[2m=[0mqwen2.5-coder-7b-instruct-q4-k-m [3mname[0m[2m=[0mQwen2.5 Coder 7B Instruct GGUF [3mshards[0m[2m=[0m8 [3mpublisher[0m[2m=[0mc4a3ab5093da731a
[2m2026-03-16T01:53:15.541097Z[0m [32m INFO[0m [2mswarmllm::model::registry[0m[2m:[0m DIAG: register_manifest [3mmodel[0m[2m=[0mqwen2.5-coder-7b-instruct-q4-k-m [3mname[0m[2m=[0mQwen2.5 Coder 7B Instruct GGUF [3mschema_version[0m[2m=[0m2 [3mshard_count[0m[2m=[0m8
[2m2026-03-16T01:53:17.281205Z[0m [32m INFO[0m [2mswarmllm::network::manager[0m[2m:[0m DIAG: received response [3mpeer[0m[2m=[0m12D3KooWSUjzxjgP5ZfafMxfkMEMEo7RwrF7khpEAKaEMHgJ5Pfv [3mkind[0m[2m=[0m"ack" [3mrequest_id[0m[2m=[0mOutboundRequestId(8) [3mwas_tensor_forward[0m[2m=[0mfalse [3mpending_tensor_out[0m[2m=[0m0
[2m2026-03-16T01:53:17.282668Z[0m [32m INFO[0m [2mswarmllm::daemon::dispatch[0m[2m:[0m Received shard announce from peer [3mnode_id[0m[2m=[0mf78fbf0fba02769a [3mshards[0m[2m=[0m9
[2m2026-03-16T01:53:36.053806Z[0m [32m INFO[0m [2mswarmllm::network::manager[0m[2m:[0m Received request [3mpeer[0m[2m=[0m12D3KooWSUjzxjgP5ZfafMxfkMEMEo7RwrF7khpEAKaEMHgJ5Pfv [3mkind[0m[2m=[0m"message"
[2m2026-03-16T01:53:36.053886Z[0m [32m INFO[0m [2mswarmllm::network::manager[0m[2m:[0m Received request [3mpeer[0m[2m=[0m12D3KooWP3xpwmAoNWP3RboxdnMbaX94yTzW7WzgiZtJFDAWvdp1 [3mkind[0m[2m=[0m"message"
[2m2026-03-16T01:53:36.053969Z[0m [32m INFO[0m [2mswarmllm::network::manager[0m[2m:[0m DIAG: ResponseSent event — response written to wire [3mpeer[0m[2m=[0m12D3KooWP3xpwmAoNWP3RboxdnMbaX94yTzW7WzgiZtJFDAWvdp1 [3mrequest_id[0m[2m=[0mInboundRequestId(10)
[2m2026-03-16T01:53:36.053995Z[0m [32m INFO[0m [2mswarmllm::network::manager[0m[2m:[0m DIAG: ResponseSent event — response written to wire [3mpeer[0m[2m=[0m12D3KooWSUjzxjgP5ZfafMxfkMEMEo7RwrF7khpEAKaEMHgJ5Pfv [3mrequest_id[0m[2m=[0mInboundRequestId(9)
[2m2026-03-16T01:53:42.851755Z[0m [32m INFO[0m [2mswarmllm::network::manager[0m[2m:[0m DIAG: received response [3mpeer[0m[2m=[0m12D3KooWP3xpwmAoNWP3RboxdnMbaX94yTzW7WzgiZtJFDAWvdp1 [3mkind[0m[2m=[0m"ack" [3mrequest_id[0m[2m=[0mOutboundRequestId(9) [3mwas_tensor_forward[0m[2m=[0mfalse [3mpending_tensor_out[0m[2m=[0m0
[2m2026-03-16T01:53:42.853400Z[0m [32m INFO[0m [2mswarmllm::daemon::dispatch[0m[2m:[0m Received shard announce from peer [3mnode_id[0m[2m=[0mc4a3ab5093da731a [3mshards[0m[2m=[0m6
[2m2026-03-16T01:53:42.854370Z[0m [32m INFO[0m [2mswarmllm::daemon::dispatch[0m[2m:[0m Received model manifest from network [3mmodel[0m[2m=[0mqwen2.5-coder-7b-instruct-q4-k-m [3mname[0m[2m=[0mQwen2.5 Coder 7B Instruct GGUF [3mshards[0m[2m=[0m8 [3mpublisher[0m[2m=[0mc4a3ab5093da731a
[2m2026-03-16T01:53:42.854465Z[0m [32m INFO[0m [2mswarmllm::model::registry[0m[2m:[0m DIAG: register_manifest [3mmodel[0m[2m=[0mqwen2.5-coder-7b-instruct-q4-k-m [3mname[0m[2m=[0mQwen2.5 Coder 7B Instruct GGUF [3mschema_version[0m[2m=[0m2 [3mshard_count[0m[2m=[0m8
[2m2026-03-16T01:53:44.584519Z[0m [32m INFO[0m [2mswarmllm::network::manager[0m[2m:[0m DIAG: received response [3mpeer[0m[2m=[0m12D3KooWSUjzxjgP5ZfafMxfkMEMEo7RwrF7khpEAKaEMHgJ5Pfv [3mkind[0m[2m=[0m"ack" [3mrequest_id[0m[2m=[0mOutboundRequestId(10) [3mwas_tensor_forward[0m[2m=[0mfalse [3mpending_tensor_out[0m[2m=[0m0
[2m2026-03-16T01:53:44.587274Z[0m [32m INFO[0m [2mswarmllm::daemon::dispatch[0m[2m:[0m Received shard announce from peer [3mnode_id[0m[2m=[0mf78fbf0fba02769a [3mshards[0m[2m=[0m9
[2m2026-03-16T01:54:03.236206Z[0m [32m INFO[0m [2mswarmllm::network::manager[0m[2m:[0m DIAG: rr_ping sent (health check) [3mpeer_id[0m[2m=[0m12D3KooWSUjzxjgP5ZfafMxfkMEMEo7RwrF7khpEAKaEMHgJ5Pfv [3moutbound_id[0m[2m=[0mOutboundRequestId(11) [3mseq[0m[2m=[0m1 [3mrr_connected[0m[2m=[0mtrue [3mtotal_peers[0m[2m=[0m2 [3mpending_tensor_out[0m[2m=[0m0
[2m2026-03-16T01:54:03.236282Z[0m [32m INFO[0m [2mswarmllm::network::manager[0m[2m:[0m DIAG: rr_ping sent (health check) [3mpeer_id[0m[2m=[0m12D3KooWP3xpwmAoNWP3RboxdnMbaX94yTzW7WzgiZtJFDAWvdp1 [3moutbound_id[0m[2m=[0mOutboundRequestId(12) [3mseq[0m[2m=[0m1 [3mrr_connected[0m[2m=[0mtrue [3mtotal_peers[0m[2m=[0m2 [3mpending_tensor_out[0m[2m=[0m0
[2m2026-03-16T01:54:03.237566Z[0m [32m INFO[0m [2mswarmllm::network::manager[0m[2m:[0m DIAG: received response [3mpeer[0m[2m=[0m12D3KooWP3xpwmAoNWP3RboxdnMbaX94yTzW7WzgiZtJFDAWvdp1 [3mkind[0m[2m=[0m"message" [3mrequest_id[0m[2m=[0mOutboundRequestId(12) [3mwas_tensor_forward[0m[2m=[0mfalse [3mpending_tensor_out[0m[2m=[0m0
[2m2026-03-16T01:54:03.237688Z[0m [32m INFO[0m [2mswarmllm::network::manager[0m[2m:[0m DIAG: received response [3mpeer[0m[2m=[0m12D3KooWSUjzxjgP5ZfafMxfkMEMEo7RwrF7khpEAKaEMHgJ5Pfv [3mkind[0m[2m=[0m"message" [3mrequest_id[0m[2m=[0mOutboundRequestId(11) [3mwas_tensor_forward[0m[2m=[0mfalse [3mpending_tensor_out[0m[2m=[0m0
[2m2026-03-16T01:54:03.237733Z[0m [32m INFO[0m [2mswarmllm::network::manager[0m[2m:[0m Received request [3mpeer[0m[2m=[0m12D3KooWP3xpwmAoNWP3RboxdnMbaX94yTzW7WzgiZtJFDAWvdp1 [3mkind[0m[2m=[0m"message"
[2m2026-03-16T01:54:03.237772Z[0m [32m INFO[0m [2mswarmllm::network::manager[0m[2m:[0m Received request [3mpeer[0m[2m=[0m12D3KooWSUjzxjgP5ZfafMxfkMEMEo7RwrF7khpEAKaEMHgJ5Pfv [3mkind[0m[2m=[0m"message"
[2m2026-03-16T01:54:03.237862Z[0m [32m INFO[0m [2mswarmllm::network::manager[0m[2m:[0m DIAG: ResponseSent event — response written to wire [3mpeer[0m[2m=[0m12D3KooWSUjzxjgP5ZfafMxfkMEMEo7RwrF7khpEAKaEMHgJ5Pfv [3mrequest_id[0m[2m=[0mInboundRequestId(11)
[2m2026-03-16T01:54:03.237883Z[0m [32m INFO[0m [2mswarmllm::network::manager[0m[2m:[0m DIAG: ResponseSent event — response written to wire [3mpeer[0m[2m=[0m12D3KooWP3xpwmAoNWP3RboxdnMbaX94yTzW7WzgiZtJFDAWvdp1 [3mrequest_id[0m[2m=[0mInboundRequestId(12)
[2m2026-03-16T01:54:10.026602Z[0m [32m INFO[0m [2mswarmllm::network::manager[0m[2m:[0m Received request [3mpeer[0m[2m=[0m12D3KooWP3xpwmAoNWP3RboxdnMbaX94yTzW7WzgiZtJFDAWvdp1 [3mkind[0m[2m=[0m"message"
[2m2026-03-16T01:54:10.026805Z[0m [32m INFO[0m [2mswarmllm::network::manager[0m[2m:[0m DIAG: ResponseSent event — response written to wire [3mpeer[0m[2m=[0m12D3KooWP3xpwmAoNWP3RboxdnMbaX94yTzW7WzgiZtJFDAWvdp1 [3mrequest_id[0m[2m=[0mInboundRequestId(13)
[2m2026-03-16T01:54:10.027382Z[0m [32m INFO[0m [2mswarmllm::network::manager[0m[2m:[0m DIAG: received response [3mpeer[0m[2m=[0m12D3KooWP3xpwmAoNWP3RboxdnMbaX94yTzW7WzgiZtJFDAWvdp1 [3mkind[0m[2m=[0m"ack" [3mrequest_id[0m[2m=[0mOutboundRequestId(13) [3mwas_tensor_forward[0m[2m=[0mfalse [3mpending_tensor_out[0m[2m=[0m0
[2m2026-03-16T01:54:10.029857Z[0m [32m INFO[0m [2mswarmllm::daemon::dispatch[0m[2m:[0m Received shard announce from peer [3mnode_id[0m[2m=[0mc4a3ab5093da731a [3mshards[0m[2m=[0m6
[2m2026-03-16T01:54:10.030444Z[0m [32m INFO[0m [2mswarmllm::daemon::dispatch[0m[2m:[0m Received model manifest from network [3mmodel[0m[2m=[0mqwen2.5-coder-7b-instruct-q4-k-m [3mname[0m[2m=[0mQwen2.5 Coder 7B Instruct GGUF [3mshards[0m[2m=[0m8 [3mpublisher[0m[2m=[0mc4a3ab5093da731a
[2m2026-03-16T01:54:10.030551Z[0m [32m INFO[0m [2mswarmllm::model::registry[0m[2m:[0m DIAG: register_manifest [3mmodel[0m[2m=[0mqwen2.5-coder-7b-instruct-q4-k-m [3mname[0m[2m=[0mQwen2.5 Coder 7B Instruct GGUF [3mschema_version[0m[2m=[0m2 [3mshard_count[0m[2m=[0m8
[2m2026-03-16T01:54:11.764950Z[0m [32m INFO[0m [2mswarmllm::network::manager[0m[2m:[0m Received request [3mpeer[0m[2m=[0m12D3KooWSUjzxjgP5ZfafMxfkMEMEo7RwrF7khpEAKaEMHgJ5Pfv [3mkind[0m[2m=[0m"message"
[2m2026-03-16T01:54:11.765202Z[0m [32m INFO[0m [2mswarmllm::network::manager[0m[2m:[0m DIAG: ResponseSent event — response written to wire [3mpeer[0m[2m=[0m12D3KooWSUjzxjgP5ZfafMxfkMEMEo7RwrF7khpEAKaEMHgJ5Pfv [3mrequest_id[0m[2m=[0mInboundRequestId(14)
[2m2026-03-16T01:54:11.765948Z[0m [32m INFO[0m [2mswarmllm::network::manager[0m[2m:[0m DIAG: received response [3mpeer[0m[2m=[0m12D3KooWSUjzxjgP5ZfafMxfkMEMEo7RwrF7khpEAKaEMHgJ5Pfv [3mkind[0m[2m=[0m"ack" [3mrequest_id[0m[2m=[0mOutboundRequestId(14) [3mwas_tensor_forward[0m[2m=[0mfalse [3mpending_tensor_out[0m[2m=[0m0
[2m2026-03-16T01:54:11.768364Z[0m [32m INFO[0m [2mswarmllm::daemon::dispatch[0m[2m:[0m Received shard announce from peer [3mnode_id[0m[2m=[0mf78fbf0fba02769a [3mshards[0m[2m=[0m9
[2m2026-03-16T01:54:30.589469Z[0m [32m INFO[0m [2mswarmllm::network::manager[0m[2m:[0m Received request [3mpeer[0m[2m=[0m12D3KooWP3xpwmAoNWP3RboxdnMbaX94yTzW7WzgiZtJFDAWvdp1 [3mkind[0m[2m=[0m"message"
[2m2026-03-16T01:54:30.589584Z[0m [32m INFO[0m [2mswarmllm::network::manager[0m[2m:[0m Received request [3mpeer[0m[2m=[0m12D3KooWSUjzxjgP5ZfafMxfkMEMEo7RwrF7khpEAKaEMHgJ5Pfv [3mkind[0m[2m=[0m"message"
[2m2026-03-16T01:54:30.589670Z[0m [32m INFO[0m [2mswarmllm::network::manager[0m[2m:[0m DIAG: ResponseSent event — response written to wire [3mpeer[0m[2m=[0m12D3KooWP3xpwmAoNWP3RboxdnMbaX94yTzW7WzgiZtJFDAWvdp1 [3mrequest_id[0m[2m=[0mInboundRequestId(16)
[2m2026-03-16T01:54:30.589689Z[0m [32m INFO[0m [2mswarmllm::network::manager[0m[2m:[0m DIAG: ResponseSent event — response written to wire [3mpeer[0m[2m=[0m12D3KooWSUjzxjgP5ZfafMxfkMEMEo7RwrF7khpEAKaEMHgJ5Pfv [3mrequest_id[0m[2m=[0mInboundRequestId(15)
[2m2026-03-16T01:54:37.376434Z[0m [32m INFO[0m [2mswarmllm::network::manager[0m[2m:[0m DIAG: received response [3mpeer[0m[2m=[0m12D3KooWP3xpwmAoNWP3RboxdnMbaX94yTzW7WzgiZtJFDAWvdp1 [3mkind[0m[2m=[0m"ack" [3mrequest_id[0m[2m=[0mOutboundRequestId(15) [3mwas_tensor_forward[0m[2m=[0mfalse [3mpending_tensor_out[0m[2m=[0m0
[2m2026-03-16T01:54:37.377987Z[0m [32m INFO[0m [2mswarmllm::daemon::dispatch[0m[2m:[0m Received shard announce from peer [3mnode_id[0m[2m=[0mc4a3ab5093da731a [3mshards[0m[2m=[0m6
[2m2026-03-16T01:54:37.378977Z[0m [32m INFO[0m [2mswarmllm::daemon::dispatch[0m[2m:[0m Received model manifest from network [3mmodel[0m[2m=[0mqwen2.5-coder-7b-instruct-q4-k-m [3mname[0m[2m=[0mQwen2.5 Coder 7B Instruct GGUF [3mshards[0m[2m=[0m8 [3mpublisher[0m[2m=[0mc4a3ab5093da731a
[2m2026-03-16T01:54:37.379072Z[0m [32m INFO[0m [2mswarmllm::model::registry[0m[2m:[0m DIAG: register_manifest [3mmodel[0m[2m=[0mqwen2.5-coder-7b-instruct-q4-k-m [3mname[0m[2m=[0mQwen2.5 Coder 7B Instruct GGUF [3mschema_version[0m[2m=[0m2 [3mshard_count[0m[2m=[0m8
[2m2026-03-16T01:54:39.114125Z[0m [32m INFO[0m [2mswarmllm::network::manager[0m[2m:[0m DIAG: received response [3mpeer[0m[2m=[0m12D3KooWSUjzxjgP5ZfafMxfkMEMEo7RwrF7khpEAKaEMHgJ5Pfv [3mkind[0m[2m=[0m"ack" [3mrequest_id[0m[2m=[0mOutboundRequestId(16) [3mwas_tensor_forward[0m[2m=[0mfalse [3mpending_tensor_out[0m[2m=[0m0
[2m2026-03-16T01:54:39.115491Z[0m [32m INFO[0m [2mswarmllm::daemon::dispatch[0m[2m:[0m Received shard announce from peer [3mnode_id[0m[2m=[0mf78fbf0fba02769a [3mshards[0m[2m=[0m9
[2m2026-03-16T01:54:57.727075Z[0m [32m INFO[0m [2mswarmllm::network::manager[0m[2m:[0m Received request [3mpeer[0m[2m=[0m12D3KooWSUjzxjgP5ZfafMxfkMEMEo7RwrF7khpEAKaEMHgJ5Pfv [3mkind[0m[2m=[0m"message"
[2m2026-03-16T01:54:57.727246Z[0m [32m INFO[0m [2mswarmllm::network::manager[0m[2m:[0m DIAG: ResponseSent event — response written to wire [3mpeer[0m[2m=[0m12D3KooWSUjzxjgP5ZfafMxfkMEMEo7RwrF7khpEAKaEMHgJ5Pfv [3mrequest_id[0m[2m=[0mInboundRequestId(17)
[2m2026-03-16T01:54:57.727533Z[0m [32m INFO[0m [2mswarmllm::network::manager[0m[2m:[0m Received request [3mpeer[0m[2m=[0m12D3KooWP3xpwmAoNWP3RboxdnMbaX94yTzW7WzgiZtJFDAWvdp1 [3mkind[0m[2m=[0m"message"
[2m2026-03-16T01:54:57.727701Z[0m [32m INFO[0m [2mswarmllm::network::manager[0m[2m:[0m DIAG: ResponseSent event — response written to wire [3mpeer[0m[2m=[0m12D3KooWP3xpwmAoNWP3RboxdnMbaX94yTzW7WzgiZtJFDAWvdp1 [3mrequest_id[0m[2m=[0mInboundRequestId(18)
[2m2026-03-16T01:55:04.543028Z[0m [32m INFO[0m [2mswarmllm::network::manager[0m[2m:[0m DIAG: received response [3mpeer[0m[2m=[0m12D3KooWP3xpwmAoNWP3RboxdnMbaX94yTzW7WzgiZtJFDAWvdp1 [3mkind[0m[2m=[0m"ack" [3mrequest_id[0m[2m=[0mOutboundRequestId(17) [3mwas_tensor_forward[0m[2m=[0mfalse [3mpending_tensor_out[0m[2m=[0m0
[2m2026-03-16T01:55:04.545334Z[0m [32m INFO[0m [2mswarmllm::daemon::dispatch[0m[2m:[0m Received shard announce from peer [3mnode_id[0m[2m=[0mc4a3ab5093da731a [3mshards[0m[2m=[0m6
[2m2026-03-16T01:55:04.545799Z[0m [32m INFO[0m [2mswarmllm::daemon::dispatch[0m[2m:[0m Received model manifest from network [3mmodel[0m[2m=[0mqwen2.5-coder-7b-instruct-q4-k-m [3mname[0m[2m=[0mQwen2.5 Coder 7B Instruct GGUF [3mshards[0m[2m=[0m8 [3mpublisher[0m[2m=[0mc4a3ab5093da731a
[2m2026-03-16T01:55:04.545929Z[0m [32m INFO[0m [2mswarmllm::model::registry[0m[2m:[0m DIAG: register_manifest [3mmodel[0m[2m=[0mqwen2.5-coder-7b-instruct-q4-k-m [3mname[0m[2m=[0mQwen2.5 Coder 7B Instruct GGUF [3mschema_version[0m[2m=[0m2 [3mshard_count[0m[2m=[0m8
[2m2026-03-16T01:55:06.253538Z[0m [32m INFO[0m [2mswarmllm::network::manager[0m[2m:[0m DIAG: received response [3mpeer[0m[2m=[0m12D3KooWSUjzxjgP5ZfafMxfkMEMEo7RwrF7khpEAKaEMHgJ5Pfv [3mkind[0m[2m=[0m"ack" [3mrequest_id[0m[2m=[0mOutboundRequestId(18) [3mwas_tensor_forward[0m[2m=[0mfalse [3mpending_tensor_out[0m[2m=[0m0
[2m2026-03-16T01:55:06.254763Z[0m [32m INFO[0m [2mswarmllm::daemon::dispatch[0m[2m:[0m Received shard announce from peer [3mnode_id[0m[2m=[0mf78fbf0fba02769a [3mshards[0m[2m=[0m9
[2m2026-03-16T01:55:25.148384Z[0m [32m INFO[0m [2mswarmllm::network::manager[0m[2m:[0m Received request [3mpeer[0m[2m=[0m12D3KooWSUjzxjgP5ZfafMxfkMEMEo7RwrF7khpEAKaEMHgJ5Pfv [3mkind[0m[2m=[0m"message"
[2m2026-03-16T01:55:25.148604Z[0m [32m INFO[0m [2mswarmllm::network::manager[0m[2m:[0m DIAG: ResponseSent event — response written to wire [3mpeer[0m[2m=[0m12D3KooWSUjzxjgP5ZfafMxfkMEMEo7RwrF7khpEAKaEMHgJ5Pfv [3mrequest_id[0m[2m=[0mInboundRequestId(19)
[2m2026-03-16T01:55:25.148633Z[0m [32m INFO[0m [2mswarmllm::network::manager[0m[2m:[0m Received request [3mpeer[0m[2m=[0m12D3KooWP3xpwmAoNWP3RboxdnMbaX94yTzW7WzgiZtJFDAWvdp1 [3mkind[0m[2m=[0m"message"
[2m2026-03-16T01:55:25.148835Z[0m [32m INFO[0m [2mswarmllm::network::manager[0m[2m:[0m DIAG: ResponseSent event — response written to wire [3mpeer[0m[2m=[0m12D3KooWP3xpwmAoNWP3RboxdnMbaX94yTzW7WzgiZtJFDAWvdp1 [3mrequest_id[0m[2m=[0mInboundRequestId(20)
[2m2026-03-16T01:55:31.968812Z[0m [32m INFO[0m [2mswarmllm::network::manager[0m[2m:[0m DIAG: received response [3mpeer[0m[2m=[0m12D3KooWP3xpwmAoNWP3RboxdnMbaX94yTzW7WzgiZtJFDAWvdp1 [3mkind[0m[2m=[0m"ack" [3mrequest_id[0m[2m=[0mOutboundRequestId(19) [3mwas_tensor_forward[0m[2m=[0mfalse [3mpending_tensor_out[0m[2m=[0m0
[2m2026-03-16T01:55:31.970027Z[0m [32m INFO[0m [2mswarmllm::daemon::dispatch[0m[2m:[0m Received shard announce from peer [3mnode_id[0m[2m=[0mc4a3ab5093da731a [3mshards[0m[2m=[0m6
[2m2026-03-16T01:55:31.971020Z[0m [32m INFO[0m [2mswarmllm::daemon::dispatch[0m[2m:[0m Received model manifest from network [3mmodel[0m[2m=[0mqwen2.5-coder-7b-instruct-q4-k-m [3mname[0m[2m=[0mQwen2.5 Coder 7B Instruct GGUF [3mshards[0m[2m=[0m8 [3mpublisher[0m[2m=[0mc4a3ab5093da731a
[2m2026-03-16T01:55:31.971124Z[0m [32m INFO[0m [2mswarmllm::model::registry[0m[2m:[0m DIAG: register_manifest [3mmodel[0m[2m=[0mqwen2.5-coder-7b-instruct-q4-k-m [3mname[0m[2m=[0mQwen2.5 Coder 7B Instruct GGUF [3mschema_version[0m[2m=[0m2 [3mshard_count[0m[2m=[0m8
[2m2026-03-16T01:55:33.716001Z[0m [32m INFO[0m [2mswarmllm::network::manager[0m[2m:[0m DIAG: received response [3mpeer[0m[2m=[0m12D3KooWSUjzxjgP5ZfafMxfkMEMEo7RwrF7khpEAKaEMHgJ5Pfv [3mkind[0m[2m=[0m"ack" [3mrequest_id[0m[2m=[0mOutboundRequestId(20) [3mwas_tensor_forward[0m[2m=[0mfalse [3mpending_tensor_out[0m[2m=[0m0
[2m2026-03-16T01:55:33.717826Z[0m [32m INFO[0m [2mswarmllm::daemon::dispatch[0m[2m:[0m Received shard announce from peer [3mnode_id[0m[2m=[0mf78fbf0fba02769a [3mshards[0m[2m=[0m9
[2m2026-03-16T01:55:52.216042Z[0m [32m INFO[0m [2mswarmllm::network::manager[0m[2m:[0m DIAG: rr_ping sent (health check) [3mpeer_id[0m[2m=[0m12D3KooWSUjzxjgP5ZfafMxfkMEMEo7RwrF7khpEAKaEMHgJ5Pfv [3moutbound_id[0m[2m=[0mOutboundRequestId(21) [3mseq[0m[2m=[0m2 [3mrr_connected[0m[2m=[0mtrue [3mtotal_peers[0m[2m=[0m2 [3mpending_tensor_out[0m[2m=[0m0
[2m2026-03-16T01:55:52.216085Z[0m [32m INFO[0m [2mswarmllm::network::manager[0m[2m:[0m DIAG: rr_ping sent (health check) [3mpeer_id[0m[2m=[0m12D3KooWP3xpwmAoNWP3RboxdnMbaX94yTzW7WzgiZtJFDAWvdp1 [3moutbound_id[0m[2m=[0mOutboundRequestId(22) [3mseq[0m[2m=[0m2 [3mrr_connected[0m[2m=[0mtrue [3mtotal_peers[0m[2m=[0m2 [3mpending_tensor_out[0m[2m=[0m0
[2m2026-03-16T01:55:52.217102Z[0m [32m INFO[0m [2mswarmllm::network::manager[0m[2m:[0m DIAG: received response [3mpeer[0m[2m=[0m12D3KooWP3xpwmAoNWP3RboxdnMbaX94yTzW7WzgiZtJFDAWvdp1 [3mkind[0m[2m=[0m"message" [3mrequest_id[0m[2m=[0mOutboundRequestId(22) [3mwas_tensor_forward[0m[2m=[0mfalse [3mpending_tensor_out[0m[2m=[0m0
[2m2026-03-16T01:55:52.217460Z[0m [32m INFO[0m [2mswarmllm::network::manager[0m[2m:[0m DIAG: received response [3mpeer[0m[2m=[0m12D3KooWSUjzxjgP5ZfafMxfkMEMEo7RwrF7khpEAKaEMHgJ5Pfv [3mkind[0m[2m=[0m"message" [3mrequest_id[0m[2m=[0mOutboundRequestId(21) [3mwas_tensor_forward[0m[2m=[0mfalse [3mpending_tensor_out[0m[2m=[0m0
[2m2026-03-16T01:55:52.217551Z[0m [32m INFO[0m [2mswarmllm::network::manager[0m[2m:[0m Received request [3mpeer[0m[2m=[0m12D3KooWP3xpwmAoNWP3RboxdnMbaX94yTzW7WzgiZtJFDAWvdp1 [3mkind[0m[2m=[0m"message"
[2m2026-03-16T01:55:52.217577Z[0m [32m INFO[0m [2mswarmllm::network::manager[0m[2m:[0m Received request [3mpeer[0m[2m=[0m12D3KooWSUjzxjgP5ZfafMxfkMEMEo7RwrF7khpEAKaEMHgJ5Pfv [3mkind[0m[2m=[0m"message"
[2m2026-03-16T01:55:52.217656Z[0m [32m INFO[0m [2mswarmllm::network::manager[0m[2m:[0m DIAG: ResponseSent event — response written to wire [3mpeer[0m[2m=[0m12D3KooWSUjzxjgP5ZfafMxfkMEMEo7RwrF7khpEAKaEMHgJ5Pfv [3mrequest_id[0m[2m=[0mInboundRequestId(21)
[2m2026-03-16T01:55:52.217676Z[0m [32m INFO[0m [2mswarmllm::network::manager[0m[2m:[0m DIAG: ResponseSent event — response written to wire [3mpeer[0m[2m=[0m12D3KooWP3xpwmAoNWP3RboxdnMbaX94yTzW7WzgiZtJFDAWvdp1 [3mrequest_id[0m[2m=[0mInboundRequestId(22)
[2m2026-03-16T01:55:59.005071Z[0m [32m INFO[0m [2mswarmllm::network::manager[0m[2m:[0m Received request [3mpeer[0m[2m=[0m12D3KooWP3xpwmAoNWP3RboxdnMbaX94yTzW7WzgiZtJFDAWvdp1 [3mkind[0m[2m=[0m"message"
[2m2026-03-16T01:55:59.005250Z[0m [32m INFO[0m [2mswarmllm::network::manager[0m[2m:[0m DIAG: ResponseSent event — response written to wire [3mpeer[0m[2m=[0m12D3KooWP3xpwmAoNWP3RboxdnMbaX94yTzW7WzgiZtJFDAWvdp1 [3mrequest_id[0m[2m=[0mInboundRequestId(23)
[2m2026-03-16T01:55:59.005707Z[0m [32m INFO[0m [2mswarmllm::network::manager[0m[2m:[0m DIAG: received response [3mpeer[0m[2m=[0m12D3KooWP3xpwmAoNWP3RboxdnMbaX94yTzW7WzgiZtJFDAWvdp1 [3mkind[0m[2m=[0m"ack" [3mrequest_id[0m[2m=[0mOutboundRequestId(23) [3mwas_tensor_forward[0m[2m=[0mfalse [3mpending_tensor_out[0m[2m=[0m0
[2m2026-03-16T01:55:59.007580Z[0m [32m INFO[0m [2mswarmllm::daemon::dispatch[0m[2m:[0m Received shard announce from peer [3mnode_id[0m[2m=[0mc4a3ab5093da731a [3mshards[0m[2m=[0m6
[2m2026-03-16T01:55:59.008593Z[0m [32m INFO[0m [2mswarmllm::daemon::dispatch[0m[2m:[0m Received model manifest from network [3mmodel[0m[2m=[0mqwen2.5-coder-7b-instruct-q4-k-m [3mname[0m[2m=[0mQwen2.5 Coder 7B Instruct GGUF [3mshards[0m[2m=[0m8 [3mpublisher[0m[2m=[0mc4a3ab5093da731a
[2m2026-03-16T01:55:59.008687Z[0m [32m INFO[0m [2mswarmllm::model::registry[0m[2m:[0m DIAG: register_manifest [3mmodel[0m[2m=[0mqwen2.5-coder-7b-instruct-q4-k-m [3mname[0m[2m=[0mQwen2.5 Coder 7B Instruct GGUF [3mschema_version[0m[2m=[0m2 [3mshard_count[0m[2m=[0m8
[2m2026-03-16T01:56:00.773928Z[0m [32m INFO[0m [2mswarmllm::network::manager[0m[2m:[0m Received request [3mpeer[0m[2m=[0m12D3KooWSUjzxjgP5ZfafMxfkMEMEo7RwrF7khpEAKaEMHgJ5Pfv [3mkind[0m[2m=[0m"message"
[2m2026-03-16T01:56:00.774048Z[0m [32m INFO[0m [2mswarmllm::network::manager[0m[2m:[0m DIAG: ResponseSent event — response written to wire [3mpeer[0m[2m=[0m12D3KooWSUjzxjgP5ZfafMxfkMEMEo7RwrF7khpEAKaEMHgJ5Pfv [3mrequest_id[0m[2m=[0mInboundRequestId(24)
[2m2026-03-16T01:56:00.774685Z[0m [32m INFO[0m [2mswarmllm::network::manager[0m[2m:[0m DIAG: received response [3mpeer[0m[2m=[0m12D3KooWSUjzxjgP5ZfafMxfkMEMEo7RwrF7khpEAKaEMHgJ5Pfv [3mkind[0m[2m=[0m"ack" [3mrequest_id[0m[2m=[0mOutboundRequestId(24) [3mwas_tensor_forward[0m[2m=[0mfalse [3mpending_tensor_out[0m[2m=[0m0
[2m2026-03-16T01:56:00.776153Z[0m [32m INFO[0m [2mswarmllm::daemon::dispatch[0m[2m:[0m Received shard announce from peer [3mnode_id[0m[2m=[0mf78fbf0fba02769a [3mshards[0m[2m=[0m9
[2m2026-03-16T01:56:19.686640Z[0m [32m INFO[0m [2mswarmllm::network::manager[0m[2m:[0m Received request [3mpeer[0m[2m=[0m12D3KooWSUjzxjgP5ZfafMxfkMEMEo7RwrF7khpEAKaEMHgJ5Pfv [3mkind[0m[2m=[0m"message"
[2m2026-03-16T01:56:19.686721Z[0m [32m INFO[0m [2mswarmllm::network::manager[0m[2m:[0m Received request [3mpeer[0m[2m=[0m12D3KooWP3xpwmAoNWP3RboxdnMbaX94yTzW7WzgiZtJFDAWvdp1 [3mkind[0m[2m=[0m"message"
[2m2026-03-16T01:56:19.686848Z[0m [32m INFO[0m [2mswarmllm::network::manager[0m[2m:[0m DIAG: ResponseSent event — response written to wire [3mpeer[0m[2m=[0m12D3KooWP3xpwmAoNWP3RboxdnMbaX94yTzW7WzgiZtJFDAWvdp1 [3mrequest_id[0m[2m=[0mInboundRequestId(26)
[2m2026-03-16T01:56:19.686880Z[0m [32m INFO[0m [2mswarmllm::network::manager[0m[2m:[0m DIAG: ResponseSent event — response written to wire [3mpeer[0m[2m=[0m12D3KooWSUjzxjgP5ZfafMxfkMEMEo7RwrF7khpEAKaEMHgJ5Pfv [3mrequest_id[0m[2m=[0mInboundRequestId(25)
[2m2026-03-16T01:56:26.478082Z[0m [32m INFO[0m [2mswarmllm::network::manager[0m[2m:[0m DIAG: received response [3mpeer[0m[2m=[0m12D3KooWP3xpwmAoNWP3RboxdnMbaX94yTzW7WzgiZtJFDAWvdp1 [3mkind[0m[2m=[0m"ack" [3mrequest_id[0m[2m=[0mOutboundRequestId(25) [3mwas_tensor_forward[0m[2m=[0mfalse [3mpending_tensor_out[0m[2m=[0m0
[2m2026-03-16T01:56:26.479718Z[0m [32m INFO[0m [2mswarmllm::daemon::dispatch[0m[2m:[0m Received shard announce from peer [3mnode_id[0m[2m=[0mc4a3ab5093da731a [3mshards[0m[2m=[0m6
[2m2026-03-16T01:56:26.480903Z[0m [32m INFO[0m [2mswarmllm::daemon::dispatch[0m[2m:[0m Received model manifest from network [3mmodel[0m[2m=[0mqwen2.5-coder-7b-instruct-q4-k-m [3mname[0m[2m=[0mQwen2.5 Coder 7B Instruct GGUF [3mshards[0m[2m=[0m8 [3mpublisher[0m[2m=[0mc4a3ab5093da731a
[2m2026-03-16T01:56:26.481006Z[0m [32m INFO[0m [2mswarmllm::model::registry[0m[2m:[0m DIAG: register_manifest [3mmodel[0m[2m=[0mqwen2.5-coder-7b-instruct-q4-k-m [3mname[0m[2m=[0mQwen2.5 Coder 7B Instruct GGUF [3mschema_version[0m[2m=[0m2 [3mshard_count[0m[2m=[0m8
[2m2026-03-16T01:56:28.216892Z[0m [32m INFO[0m [2mswarmllm::network::manager[0m[2m:[0m DIAG: received response [3mpeer[0m[2m=[0m12D3KooWSUjzxjgP5ZfafMxfkMEMEo7RwrF7khpEAKaEMHgJ5Pfv [3mkind[0m[2m=[0m"ack" [3mrequest_id[0m[2m=[0mOutboundRequestId(26) [3mwas_tensor_forward[0m[2m=[0mfalse [3mpending_tensor_out[0m[2m=[0m0
[2m2026-03-16T01:56:28.218620Z[0m [32m INFO[0m [2mswarmllm::daemon::dispatch[0m[2m:[0m Received shard announce from peer [3mnode_id[0m[2m=[0mf78fbf0fba02769a [3mshards[0m[2m=[0m9
[2m2026-03-16T01:56:46.707506Z[0m [32m INFO[0m [2mswarmllm::credit::ledger[0m[2m:[0m Gossiping credit balance [3mbalance_bucket[0m[2m=[0m-21800 [3mtier[0m[2m=[0mBronze
[2m2026-03-16T01:56:46.707701Z[0m [32m INFO[0m [2mswarmllm::network::peer_cache[0m[2m:[0m Loaded cached peers from last session [3mcount[0m[2m=[0m6
[2m2026-03-16T01:56:46.710316Z[0m [32m INFO[0m [2mswarmllm::network::manager[0m[2m:[0m Received request [3mpeer[0m[2m=[0m12D3KooWP3xpwmAoNWP3RboxdnMbaX94yTzW7WzgiZtJFDAWvdp1 [3mkind[0m[2m=[0m"message"
[2m2026-03-16T01:56:46.710353Z[0m [32m INFO[0m [2mswarmllm::network::manager[0m[2m:[0m Received request [3mpeer[0m[2m=[0m12D3KooWSUjzxjgP5ZfafMxfkMEMEo7RwrF7khpEAKaEMHgJ5Pfv [3mkind[0m[2m=[0m"message"
[2m2026-03-16T01:56:46.710425Z[0m [32m INFO[0m [2mswarmllm::network::manager[0m[2m:[0m DIAG: ResponseSent event — response written to wire [3mpeer[0m[2m=[0m12D3KooWSUjzxjgP5ZfafMxfkMEMEo7RwrF7khpEAKaEMHgJ5Pfv [3mrequest_id[0m[2m=[0mInboundRequestId(27)
[2m2026-03-16T01:56:46.710467Z[0m [32m INFO[0m [2mswarmllm::network::manager[0m[2m:[0m DIAG: ResponseSent event — response written to wire [3mpeer[0m[2m=[0m12D3KooWP3xpwmAoNWP3RboxdnMbaX94yTzW7WzgiZtJFDAWvdp1 [3mrequest_id[0m[2m=[0mInboundRequestId(28)
[2m2026-03-16T01:56:53.500394Z[0m [32m INFO[0m [2mswarmllm::network::manager[0m[2m:[0m DIAG: key exchange initiated [3mpeer_id[0m[2m=[0m12D3KooWP3xpwmAoNWP3RboxdnMbaX94yTzW7WzgiZtJFDAWvdp1 [3mnode_id[0m[2m=[0mc4a3ab5093da731a [3msession_type[0m[2m=[0m"static"
[2m2026-03-16T01:56:53.500558Z[0m [32m INFO[0m [2mswarmllm::network::manager[0m[2m:[0m DIAG: encryption session established [3mpeer_id[0m[2m=[0m12D3KooWP3xpwmAoNWP3RboxdnMbaX94yTzW7WzgiZtJFDAWvdp1 [3mnode_id[0m[2m=[0mc4a3ab5093da731a [3msession_type[0m[2m=[0m"static" [3msession_count[0m[2m=[0m2
[2m2026-03-16T01:56:53.503585Z[0m [32m INFO[0m [2mswarmllm::network::manager[0m[2m:[0m DIAG: received response [3mpeer[0m[2m=[0m12D3KooWP3xpwmAoNWP3RboxdnMbaX94yTzW7WzgiZtJFDAWvdp1 [3mkind[0m[2m=[0m"ack" [3mrequest_id[0m[2m=[0mOutboundRequestId(27) [3mwas_tensor_forward[0m[2m=[0mfalse [3mpending_tensor_out[0m[2m=[0m0
[2m2026-03-16T01:56:53.504608Z[0m [32m INFO[0m [2mswarmllm::daemon::dispatch[0m[2m:[0m Received shard announce from peer [3mnode_id[0m[2m=[0mc4a3ab5093da731a [3mshards[0m[2m=[0m6
[2m2026-03-16T01:56:53.504627Z[0m [32m INFO[0m [2mswarmllm::daemon::dispatch[0m[2m:[0m Received model manifest from network [3mmodel[0m[2m=[0mqwen2.5-coder-7b-instruct-q4-k-m [3mname[0m[2m=[0mQwen2.5 Coder 7B Instruct GGUF [3mshards[0m[2m=[0m8 [3mpublisher[0m[2m=[0mc4a3ab5093da731a
[2m2026-03-16T01:56:53.504719Z[0m [32m INFO[0m [2mswarmllm::model::registry[0m[2m:[0m DIAG: register_manifest [3mmodel[0m[2m=[0mqwen2.5-coder-7b-instruct-q4-k-m [3mname[0m[2m=[0mQwen2.5 Coder 7B Instruct GGUF [3mschema_version[0m[2m=[0m2 [3mshard_count[0m[2m=[0m8
[2m2026-03-16T01:56:55.247949Z[0m [32m INFO[0m [2mswarmllm::network::manager[0m[2m:[0m DIAG: key exchange initiated [3mpeer_id[0m[2m=[0m12D3KooWSUjzxjgP5ZfafMxfkMEMEo7RwrF7khpEAKaEMHgJ5Pfv [3mnode_id[0m[2m=[0mf78fbf0fba02769a [3msession_type[0m[2m=[0m"static"
[2m2026-03-16T01:56:55.248048Z[0m [32m INFO[0m [2mswarmllm::network::manager[0m[2m:[0m DIAG: encryption session established [3mpeer_id[0m[2m=[0m12D3KooWSUjzxjgP5ZfafMxfkMEMEo7RwrF7khpEAKaEMHgJ5Pfv [3mnode_id[0m[2m=[0mf78fbf0fba02769a [3msession_type[0m[2m=[0m"static" [3msession_count[0m[2m=[0m2
[2m2026-03-16T01:56:55.248079Z[0m [32m INFO[0m [2mswarmllm::network::manager[0m[2m:[0m DIAG: received response [3mpeer[0m[2m=[0m12D3KooWSUjzxjgP5ZfafMxfkMEMEo7RwrF7khpEAKaEMHgJ5Pfv [3mkind[0m[2m=[0m"ack" [3mrequest_id[0m[2m=[0mOutboundRequestId(28) [3mwas_tensor_forward[0m[2m=[0mfalse [3mpending_tensor_out[0m[2m=[0m0
[2m2026-03-16T01:56:55.248110Z[0m [32m INFO[0m [2mswarmllm::daemon::dispatch[0m[2m:[0m Received shard announce from peer [3mnode_id[0m[2m=[0mf78fbf0fba02769a [3mshards[0m[2m=[0m9
[2m2026-03-16T01:57:14.205206Z[0m [32m INFO[0m [2mswarmllm::network::manager[0m[2m:[0m Received request [3mpeer[0m[2m=[0m12D3KooWP3xpwmAoNWP3RboxdnMbaX94yTzW7WzgiZtJFDAWvdp1 [3mkind[0m[2m=[0m"message"
[2m2026-03-16T01:57:14.205390Z[0m [32m INFO[0m [2mswarmllm::network::manager[0m[2m:[0m DIAG: ResponseSent event — response written to wire [3mpeer[0m[2m=[0m12D3KooWP3xpwmAoNWP3RboxdnMbaX94yTzW7WzgiZtJFDAWvdp1 [3mrequest_id[0m[2m=[0mInboundRequestId(29)
[2m2026-03-16T01:57:14.205530Z[0m [32m INFO[0m [2mswarmllm::network::manager[0m[2m:[0m Received request [3mpeer[0m[2m=[0m12D3KooWSUjzxjgP5ZfafMxfkMEMEo7RwrF7khpEAKaEMHgJ5Pfv [3mkind[0m[2m=[0m"message"
[2m2026-03-16T01:57:14.205691Z[0m [32m INFO[0m [2mswarmllm::network::manager[0m[2m:[0m DIAG: ResponseSent event — response written to wire [3mpeer[0m[2m=[0m12D3KooWSUjzxjgP5ZfafMxfkMEMEo7RwrF7khpEAKaEMHgJ5Pfv [3mrequest_id[0m[2m=[0mInboundRequestId(30)
[2m2026-03-16T01:57:20.989745Z[0m [32m INFO[0m [2mswarmllm::network::manager[0m[2m:[0m DIAG: received response [3mpeer[0m[2m=[0m12D3KooWP3xpwmAoNWP3RboxdnMbaX94yTzW7WzgiZtJFDAWvdp1 [3mkind[0m[2m=[0m"ack" [3mrequest_id[0m[2m=[0mOutboundRequestId(29) [3mwas_tensor_forward[0m[2m=[0mfalse [3mpending_tensor_out[0m[2m=[0m0
[2m2026-03-16T01:57:20.991977Z[0m [32m INFO[0m [2mswarmllm::daemon::dispatch[0m[2m:[0m Received shard announce from peer [3mnode_id[0m[2m=[0mc4a3ab5093da731a [3mshards[0m[2m=[0m6
[2m2026-03-16T01:57:20.992538Z[0m [32m INFO[0m [2mswarmllm::daemon::dispatch[0m[2m:[0m Received model manifest from network [3mmodel[0m[2m=[0mqwen2.5-coder-7b-instruct-q4-k-m [3mname[0m[2m=[0mQwen2.5 Coder 7B Instruct GGUF [3mshards[0m[2m=[0m8 [3mpublisher[0m[2m=[0mc4a3ab5093da731a
[2m2026-03-16T01:57:20.992637Z[0m [32m INFO[0m [2mswarmllm::model::registry[0m[2m:[0m DIAG: register_manifest [3mmodel[0m[2m=[0mqwen2.5-coder-7b-instruct-q4-k-m [3mname[0m[2m=[0mQwen2.5 Coder 7B Instruct GGUF [3mschema_version[0m[2m=[0m2 [3mshard_count[0m[2m=[0m8
[2m2026-03-16T01:57:22.731619Z[0m [32m INFO[0m [2mswarmllm::network::manager[0m[2m:[0m DIAG: received response [3mpeer[0m[2m=[0m12D3KooWSUjzxjgP5ZfafMxfkMEMEo7RwrF7khpEAKaEMHgJ5Pfv [3mkind[0m[2m=[0m"ack" [3mrequest_id[0m[2m=[0mOutboundRequestId(30) [3mwas_tensor_forward[0m[2m=[0mfalse [3mpending_tensor_out[0m[2m=[0m0
[2m2026-03-16T01:57:22.733199Z[0m [32m INFO[0m [2mswarmllm::daemon::dispatch[0m[2m:[0m Received shard announce from peer [3mnode_id[0m[2m=[0mf78fbf0fba02769a [3mshards[0m[2m=[0m9
[2m2026-03-16T01:57:41.483657Z[0m [32m INFO[0m [2mswarmllm::network::manager[0m[2m:[0m DIAG: rr_ping sent (health check) [3mpeer_id[0m[2m=[0m12D3KooWSUjzxjgP5ZfafMxfkMEMEo7RwrF7khpEAKaEMHgJ5Pfv [3moutbound_id[0m[2m=[0mOutboundRequestId(31) [3mseq[0m[2m=[0m3 [3mrr_connected[0m[2m=[0mtrue [3mtotal_peers[0m[2m=[0m2 [3mpending_tensor_out[0m[2m=[0m0
[2m2026-03-16T01:57:41.483729Z[0m [32m INFO[0m [2mswarmllm::network::manager[0m[2m:[0m DIAG: rr_ping sent (health check) [3mpeer_id[0m[2m=[0m12D3KooWP3xpwmAoNWP3RboxdnMbaX94yTzW7WzgiZtJFDAWvdp1 [3moutbound_id[0m[2m=[0mOutboundRequestId(32) [3mseq[0m[2m=[0m3 [3mrr_connected[0m[2m=[0mtrue [3mtotal_peers[0m[2m=[0m2 [3mpending_tensor_out[0m[2m=[0m0
[2m2026-03-16T01:57:41.485129Z[0m [32m INFO[0m [2mswarmllm::network::manager[0m[2m:[0m DIAG: received response [3mpeer[0m[2m=[0m12D3KooWSUjzxjgP5ZfafMxfkMEMEo7RwrF7khpEAKaEMHgJ5Pfv [3mkind[0m[2m=[0m"message" [3mrequest_id[0m[2m=[0mOutboundRequestId(31) [3mwas_tensor_forward[0m[2m=[0mfalse [3mpending_tensor_out[0m[2m=[0m0
[2m2026-03-16T01:57:41.485339Z[0m [32m INFO[0m [2mswarmllm::network::manager[0m[2m:[0m DIAG: received response [3mpeer[0m[2m=[0m12D3KooWP3xpwmAoNWP3RboxdnMbaX94yTzW7WzgiZtJFDAWvdp1 [3mkind[0m[2m=[0m"message" [3mrequest_id[0m[2m=[0mOutboundRequestId(32) [3mwas_tensor_forward[0m[2m=[0mfalse [3mpending_tensor_out[0m[2m=[0m0
[2m2026-03-16T01:57:41.485511Z[0m [32m INFO[0m [2mswarmllm::network::manager[0m[2m:[0m Received request [3mpeer[0m[2m=[0m12D3KooWSUjzxjgP5ZfafMxfkMEMEo7RwrF7khpEAKaEMHgJ5Pfv [3mkind[0m[2m=[0m"message"
[2m2026-03-16T01:57:41.485537Z[0m [32m INFO[0m [2mswarmllm::network::manager[0m[2m:[0m Received request [3mpeer[0m[2m=[0m12D3KooWP3xpwmAoNWP3RboxdnMbaX94yTzW7WzgiZtJFDAWvdp1 [3mkind[0m[2m=[0m"message"
[2m2026-03-16T01:57:41.485591Z[0m [32m INFO[0m [2mswarmllm::network::manager[0m[2m:[0m DIAG: ResponseSent event — response written to wire [3mpeer[0m[2m=[0m12D3KooWP3xpwmAoNWP3RboxdnMbaX94yTzW7WzgiZtJFDAWvdp1 [3mrequest_id[0m[2m=[0mInboundRequestId(32)
[2m2026-03-16T01:57:41.485614Z[0m [32m INFO[0m [2mswarmllm::network::manager[0m[2m:[0m DIAG: ResponseSent event — response written to wire [3mpeer[0m[2m=[0m12D3KooWSUjzxjgP5ZfafMxfkMEMEo7RwrF7khpEAKaEMHgJ5Pfv [3mrequest_id[0m[2m=[0mInboundRequestId(31)
[2m2026-03-16T01:57:48.271461Z[0m [32m INFO[0m [2mswarmllm::network::manager[0m[2m:[0m Received request [3mpeer[0m[2m=[0m12D3KooWP3xpwmAoNWP3RboxdnMbaX94yTzW7WzgiZtJFDAWvdp1 [3mkind[0m[2m=[0m"message"
[2m2026-03-16T01:57:48.271707Z[0m [32m INFO[0m [2mswarmllm::network::manager[0m[2m:[0m DIAG: ResponseSent event — response written to wire [3mpeer[0m[2m=[0m12D3KooWP3xpwmAoNWP3RboxdnMbaX94yTzW7WzgiZtJFDAWvdp1 [3mrequest_id[0m[2m=[0mInboundRequestId(33)
[2m2026-03-16T01:57:48.272305Z[0m [32m INFO[0m [2mswarmllm::network::manager[0m[2m:[0m DIAG: received response [3mpeer[0m[2m=[0m12D3KooWP3xpwmAoNWP3RboxdnMbaX94yTzW7WzgiZtJFDAWvdp1 [3mkind[0m[2m=[0m"ack" [3mrequest_id[0m[2m=[0mOutboundRequestId(33) [3mwas_tensor_forward[0m[2m=[0mfalse [3mpending_tensor_out[0m[2m=[0m0
[2m2026-03-16T01:57:48.274854Z[0m [32m INFO[0m [2mswarmllm::daemon::dispatch[0m[2m:[0m Received shard announce from peer [3mnode_id[0m[2m=[0mc4a3ab5093da731a [3mshards[0m[2m=[0m6
[2m2026-03-16T01:57:48.276564Z[0m [32m INFO[0m [2mswarmllm::daemon::dispatch[0m[2m:[0m Received model manifest from network [3mmodel[0m[2m=[0mqwen2.5-coder-7b-instruct-q4-k-m [3mname[0m[2m=[0mQwen2.5 Coder 7B Instruct GGUF [3mshards[0m[2m=[0m8 [3mpublisher[0m[2m=[0mc4a3ab5093da731a
[2m2026-03-16T01:57:48.276830Z[0m [32m INFO[0m [2mswarmllm::model::registry[0m[2m:[0m DIAG: register_manifest [3mmodel[0m[2m=[0mqwen2.5-coder-7b-instruct-q4-k-m [3mname[0m[2m=[0mQwen2.5 Coder 7B Instruct GGUF [3mschema_version[0m[2m=[0m2 [3mshard_count[0m[2m=[0m8
[2m2026-03-16T01:57:50.080081Z[0m [32m INFO[0m [2mswarmllm::network::manager[0m[2m:[0m Received request [3mpeer[0m[2m=[0m12D3KooWSUjzxjgP5ZfafMxfkMEMEo7RwrF7khpEAKaEMHgJ5Pfv [3mkind[0m[2m=[0m"message"
[2m2026-03-16T01:57:50.080303Z[0m [32m INFO[0m [2mswarmllm::network::manager[0m[2m:[0m DIAG: ResponseSent event — response written to wire [3mpeer[0m[2m=[0m12D3KooWSUjzxjgP5ZfafMxfkMEMEo7RwrF7khpEAKaEMHgJ5Pfv [3mrequest_id[0m[2m=[0mInboundRequestId(34)
[2m2026-03-16T01:57:50.080772Z[0m [32m INFO[0m [2mswarmllm::network::manager[0m[2m:[0m DIAG: received response [3mpeer[0m[2m=[0m12D3KooWSUjzxjgP5ZfafMxfkMEMEo7RwrF7khpEAKaEMHgJ5Pfv [3mkind[0m[2m=[0m"ack" [3mrequest_id[0m[2m=[0mOutboundRequestId(34) [3mwas_tensor_forward[0m[2m=[0mfalse [3mpending_tensor_out[0m[2m=[0m0
[2m2026-03-16T01:57:50.082094Z[0m [32m INFO[0m [2mswarmllm::daemon::dispatch[0m[2m:[0m Received shard announce from peer [3mnode_id[0m[2m=[0mf78fbf0fba02769a [3mshards[0m[2m=[0m9
[2m2026-03-16T01:58:08.698311Z[0m [32m INFO[0m [2mswarmllm::network::manager[0m[2m:[0m Received request [3mpeer[0m[2m=[0m12D3KooWSUjzxjgP5ZfafMxfkMEMEo7RwrF7khpEAKaEMHgJ5Pfv [3mkind[0m[2m=[0m"message"
[2m2026-03-16T01:58:08.698411Z[0m [32m INFO[0m [2mswarmllm::network::manager[0m[2m:[0m Received request [3mpeer[0m[2m=[0m12D3KooWP3xpwmAoNWP3RboxdnMbaX94yTzW7WzgiZtJFDAWvdp1 [3mkind[0m[2m=[0m"message"
[2m2026-03-16T01:58:08.698526Z[0m [32m INFO[0m [2mswarmllm::network::manager[0m[2m:[0m DIAG: ResponseSent event — response written to wire [3mpeer[0m[2m=[0m12D3KooWP3xpwmAoNWP3RboxdnMbaX94yTzW7WzgiZtJFDAWvdp1 [3mrequest_id[0m[2m=[0mInboundRequestId(35)
[2m2026-03-16T01:58:08.698554Z[0m [32m INFO[0m [2mswarmllm::network::manager[0m[2m:[0m DIAG: ResponseSent event — response written to wire [3mpeer[0m[2m=[0m12D3KooWSUjzxjgP5ZfafMxfkMEMEo7RwrF7khpEAKaEMHgJ5Pfv [3mrequest_id[0m[2m=[0mInboundRequestId(36)
[2m2026-03-16T01:58:15.480892Z[0m [32m INFO[0m [2mswarmllm::network::manager[0m[2m:[0m DIAG: received response [3mpeer[0m[2m=[0m12D3KooWP3xpwmAoNWP3RboxdnMbaX94yTzW7WzgiZtJFDAWvdp1 [3mkind[0m[2m=[0m"ack" [3mrequest_id[0m[2m=[0mOutboundRequestId(35) [3mwas_tensor_forward[0m[2m=[0mfalse [3mpending_tensor_out[0m[2m=[0m0
[2m2026-03-16T01:58:15.482353Z[0m [32m INFO[0m [2mswarmllm::daemon::dispatch[0m[2m:[0m Received shard announce from peer [3mnode_id[0m[2m=[0mc4a3ab5093da731a [3mshards[0m[2m=[0m6
[2m2026-03-16T01:58:15.483302Z[0m [32m INFO[0m [2mswarmllm::daemon::dispatch[0m[2m:[0m Received model manifest from network [3mmodel[0m[2m=[0mqwen2.5-coder-7b-instruct-q4-k-m [3mname[0m[2m=[0mQwen2.5 Coder 7B Instruct GGUF [3mshards[0m[2m=[0m8 [3mpublisher[0m[2m=[0mc4a3ab5093da731a
[2m2026-03-16T01:58:15.483392Z[0m [32m INFO[0m [2mswarmllm::model::registry[0m[2m:[0m DIAG: register_manifest [3mmodel[0m[2m=[0mqwen2.5-coder-7b-instruct-q4-k-m [3mname[0m[2m=[0mQwen2.5 Coder 7B Instruct GGUF [3mschema_version[0m[2m=[0m2 [3mshard_count[0m[2m=[0m8
[2m2026-03-16T01:58:17.230748Z[0m [32m INFO[0m [2mswarmllm::network::manager[0m[2m:[0m DIAG: received response [3mpeer[0m[2m=[0m12D3KooWSUjzxjgP5ZfafMxfkMEMEo7RwrF7khpEAKaEMHgJ5Pfv [3mkind[0m[2m=[0m"ack" [3mrequest_id[0m[2m=[0mOutboundRequestId(36) [3mwas_tensor_forward[0m[2m=[0mfalse [3mpending_tensor_out[0m[2m=[0m0
[2m2026-03-16T01:58:17.232293Z[0m [32m INFO[0m [2mswarmllm::daemon::dispatch[0m[2m:[0m Received shard announce from peer [3mnode_id[0m[2m=[0mf78fbf0fba02769a [3mshards[0m[2m=[0m9
[2m2026-03-16T01:58:36.043205Z[0m [32m INFO[0m [2mswarmllm::network::manager[0m[2m:[0m Received request [3mpeer[0m[2m=[0m12D3KooWP3xpwmAoNWP3RboxdnMbaX94yTzW7WzgiZtJFDAWvdp1 [3mkind[0m[2m=[0m"message"
[2m2026-03-16T01:58:36.043290Z[0m [32m INFO[0m [2mswarmllm::network::manager[0m[2m:[0m Received request [3mpeer[0m[2m=[0m12D3KooWSUjzxjgP5ZfafMxfkMEMEo7RwrF7khpEAKaEMHgJ5Pfv [3mkind[0m[2m=[0m"message"
[2m2026-03-16T01:58:36.043431Z[0m [32m INFO[0m [2mswarmllm::network::manager[0m[2m:[0m DIAG: ResponseSent event — response written to wire [3mpeer[0m[2m=[0m12D3KooWP3xpwmAoNWP3RboxdnMbaX94yTzW7WzgiZtJFDAWvdp1 [3mrequest_id[0m[2m=[0mInboundRequestId(37)
[2m2026-03-16T01:58:36.043458Z[0m [32m INFO[0m [2mswarmllm::network::manager[0m[2m:[0m DIAG: ResponseSent event — response written to wire [3mpeer[0m[2m=[0m12D3KooWSUjzxjgP5ZfafMxfkMEMEo7RwrF7khpEAKaEMHgJ5Pfv [3mrequest_id[0m[2m=[0mInboundRequestId(38)
[2m2026-03-16T01:58:42.826557Z[0m [32m INFO[0m [2mswarmllm::network::manager[0m[2m:[0m DIAG: received response [3mpeer[0m[2m=[0m12D3KooWP3xpwmAoNWP3RboxdnMbaX94yTzW7WzgiZtJFDAWvdp1 [3mkind[0m[2m=[0m"ack" [3mrequest_id[0m[2m=[0mOutboundRequestId(37) [3mwas_tensor_forward[0m[2m=[0mfalse [3mpending_tensor_out[0m[2m=[0m0
[2m2026-03-16T01:58:42.829282Z[0m [32m INFO[0m [2mswarmllm::daemon::dispatch[0m[2m:[0m Received shard announce from peer [3mnode_id[0m[2m=[0mc4a3ab5093da731a [3mshards[0m[2m=[0m6
[2m2026-03-16T01:58:42.829331Z[0m [32m INFO[0m [2mswarmllm::daemon::dispatch[0m[2m:[0m Received model manifest from network [3mmodel[0m[2m=[0mqwen2.5-coder-7b-instruct-q4-k-m [3mname[0m[2m=[0mQwen2.5 Coder 7B Instruct GGUF [3mshards[0m[2m=[0m8 [3mpublisher[0m[2m=[0mc4a3ab5093da731a
[2m2026-03-16T01:58:42.829464Z[0m [32m INFO[0m [2mswarmllm::model::registry[0m[2m:[0m DIAG: register_manifest [3mmodel[0m[2m=[0mqwen2.5-coder-7b-instruct-q4-k-m [3mname[0m[2m=[0mQwen2.5 Coder 7B Instruct GGUF [3mschema_version[0m[2m=[0m2 [3mshard_count[0m[2m=[0m8
[2m2026-03-16T01:58:44.569169Z[0m [32m INFO[0m [2mswarmllm::network::manager[0m[2m:[0m DIAG: received response [3mpeer[0m[2m=[0m12D3KooWSUjzxjgP5ZfafMxfkMEMEo7RwrF7khpEAKaEMHgJ5Pfv [3mkind[0m[2m=[0m"ack" [3mrequest_id[0m[2m=[0mOutboundRequestId(38) [3mwas_tensor_forward[0m[2m=[0mfalse [3mpending_tensor_out[0m[2m=[0m0
[2m2026-03-16T01:58:44.570453Z[0m [32m INFO[0m [2mswarmllm::daemon::dispatch[0m[2m:[0m Received shard announce from peer [3mnode_id[0m[2m=[0mf78fbf0fba02769a [3mshards[0m[2m=[0m9
[2m2026-03-16T01:59:03.185010Z[0m [32m INFO[0m [2mswarmllm::network::manager[0m[2m:[0m Received request [3mpeer[0m[2m=[0m12D3KooWSUjzxjgP5ZfafMxfkMEMEo7RwrF7khpEAKaEMHgJ5Pfv [3mkind[0m[2m=[0m"message"
[2m2026-03-16T01:59:03.185190Z[0m [32m INFO[0m [2mswarmllm::network::manager[0m[2m:[0m Received request [3mpeer[0m[2m=[0m12D3KooWP3xpwmAoNWP3RboxdnMbaX94yTzW7WzgiZtJFDAWvdp1 [3mkind[0m[2m=[0m"message"
[2m2026-03-16T01:59:03.185326Z[0m [32m INFO[0m [2mswarmllm::network::manager[0m[2m:[0m DIAG: ResponseSent event — response written to wire [3mpeer[0m[2m=[0m12D3KooWP3xpwmAoNWP3RboxdnMbaX94yTzW7WzgiZtJFDAWvdp1 [3mrequest_id[0m[2m=[0mInboundRequestId(40)
[2m2026-03-16T01:59:03.185350Z[0m [32m INFO[0m [2mswarmllm::network::manager[0m[2m:[0m DIAG: ResponseSent event — response written to wire [3mpeer[0m[2m=[0m12D3KooWSUjzxjgP5ZfafMxfkMEMEo7RwrF7khpEAKaEMHgJ5Pfv [3mrequest_id[0m[2m=[0mInboundRequestId(39)
[2m2026-03-16T01:59:09.971120Z[0m [32m INFO[0m [2mswarmllm::network::manager[0m[2m:[0m DIAG: received response [3mpeer[0m[2m=[0m12D3KooWP3xpwmAoNWP3RboxdnMbaX94yTzW7WzgiZtJFDAWvdp1 [3mkind[0m[2m=[0m"ack" [3mrequest_id[0m[2m=[0mOutboundRequestId(39) [3mwas_tensor_forward[0m[2m=[0mfalse [3mpending_tensor_out[0m[2m=[0m0
[2m2026-03-16T01:59:09.973089Z[0m [32m INFO[0m [2mswarmllm::daemon::dispatch[0m[2m:[0m Received shard announce from peer [3mnode_id[0m[2m=[0mc4a3ab5093da731a [3mshards[0m[2m=[0m6
[2m2026-03-16T01:59:09.973601Z[0m [32m INFO[0m [2mswarmllm::daemon::dispatch[0m[2m:[0m Received model manifest from network [3mmodel[0m[2m=[0mqwen2.5-coder-7b-instruct-q4-k-m [3mname[0m[2m=[0mQwen2.5 Coder 7B Instruct GGUF [3mshards[0m[2m=[0m8 [3mpublisher[0m[2m=[0mc4a3ab5093da731a
[2m2026-03-16T01:59:09.973693Z[0m [32m INFO[0m [2mswarmllm::model::registry[0m[2m:[0m DIAG: register_manifest [3mmodel[0m[2m=[0mqwen2.5-coder-7b-instruct-q4-k-m [3mname[0m[2m=[0mQwen2.5 Coder 7B Instruct GGUF [3mschema_version[0m[2m=[0m2 [3mshard_count[0m[2m=[0m8
[2m2026-03-16T01:59:11.712027Z[0m [32m INFO[0m [2mswarmllm::network::manager[0m[2m:[0m DIAG: received response [3mpeer[0m[2m=[0m12D3KooWSUjzxjgP5ZfafMxfkMEMEo7RwrF7khpEAKaEMHgJ5Pfv [3mkind[0m[2m=[0m"ack" [3mrequest_id[0m[2m=[0mOutboundRequestId(40) [3mwas_tensor_forward[0m[2m=[0mfalse [3mpending_tensor_out[0m[2m=[0m0
[2m2026-03-16T01:59:11.713666Z[0m [32m INFO[0m [2mswarmllm::daemon::dispatch[0m[2m:[0m Received shard announce from peer [3mnode_id[0m[2m=[0mf78fbf0fba02769a [3mshards[0m[2m=[0m9
[2m2026-03-16T01:59:30.617907Z[0m [32m INFO[0m [2mswarmllm::network::manager[0m[2m:[0m DIAG: rr_ping sent (health check) [3mpeer_id[0m[2m=[0m12D3KooWSUjzxjgP5ZfafMxfkMEMEo7RwrF7khpEAKaEMHgJ5Pfv [3moutbound_id[0m[2m=[0mOutboundRequestId(41) [3mseq[0m[2m=[0m4 [3mrr_connected[0m[2m=[0mtrue [3mtotal_peers[0m[2m=[0m2 [3mpending_tensor_out[0m[2m=[0m0
[2m2026-03-16T01:59:30.617967Z[0m [32m INFO[0m [2mswarmllm::network::manager[0m[2m:[0m DIAG: rr_ping sent (health check) [3mpeer_id[0m[2m=[0m12D3KooWP3xpwmAoNWP3RboxdnMbaX94yTzW7WzgiZtJFDAWvdp1 [3moutbound_id[0m[2m=[0mOutboundRequestId(42) [3mseq[0m[2m=[0m4 [3mrr_connected[0m[2m=[0mtrue [3mtotal_peers[0m[2m=[0m2 [3mpending_tensor_out[0m[2m=[0m0
[2m2026-03-16T01:59:30.619153Z[0m [32m INFO[0m [2mswarmllm::network::manager[0m[2m:[0m DIAG: received response [3mpeer[0m[2m=[0m12D3KooWSUjzxjgP5ZfafMxfkMEMEo7RwrF7khpEAKaEMHgJ5Pfv [3mkind[0m[2m=[0m"message" [3mrequest_id[0m[2m=[0mOutboundRequestId(41) [3mwas_tensor_forward[0m[2m=[0mfalse [3mpending_tensor_out[0m[2m=[0m0
[2m2026-03-16T01:59:30.619319Z[0m [32m INFO[0m [2mswarmllm::network::manager[0m[2m:[0m Received request [3mpeer[0m[2m=[0m12D3KooWSUjzxjgP5ZfafMxfkMEMEo7RwrF7khpEAKaEMHgJ5Pfv [3mkind[0m[2m=[0m"message"
[2m2026-03-16T01:59:30.619379Z[0m [32m INFO[0m [2mswarmllm::network::manager[0m[2m:[0m DIAG: received response [3mpeer[0m[2m=[0m12D3KooWP3xpwmAoNWP3RboxdnMbaX94yTzW7WzgiZtJFDAWvdp1 [3mkind[0m[2m=[0m"message" [3mrequest_id[0m[2m=[0mOutboundRequestId(42) [3mwas_tensor_forward[0m[2m=[0mfalse [3mpending_tensor_out[0m[2m=[0m0
[2m2026-03-16T01:59:30.619476Z[0m [32m INFO[0m [2mswarmllm::network::manager[0m[2m:[0m Received request [3mpeer[0m[2m=[0m12D3KooWP3xpwmAoNWP3RboxdnMbaX94yTzW7WzgiZtJFDAWvdp1 [3mkind[0m[2m=[0m"message"
[2m2026-03-16T01:59:30.619638Z[0m [32m INFO[0m [2mswarmllm::network::manager[0m[2m:[0m DIAG: ResponseSent event — response written to wire [3mpeer[0m[2m=[0m12D3KooWP3xpwmAoNWP3RboxdnMbaX94yTzW7WzgiZtJFDAWvdp1 [3mrequest_id[0m[2m=[0mInboundRequestId(42)
[2m2026-03-16T01:59:30.619656Z[0m [32m INFO[0m [2mswarmllm::network::manager[0m[2m:[0m DIAG: ResponseSent event — response written to wire [3mpeer[0m[2m=[0m12D3KooWSUjzxjgP5ZfafMxfkMEMEo7RwrF7khpEAKaEMHgJ5Pfv [3mrequest_id[0m[2m=[0mInboundRequestId(41)
[2m2026-03-16T01:59:37.351966Z[0m [32m INFO[0m [2mswarmllm::network::manager[0m[2m:[0m Received request [3mpeer[0m[2m=[0m12D3KooWP3xpwmAoNWP3RboxdnMbaX94yTzW7WzgiZtJFDAWvdp1 [3mkind[0m[2m=[0m"message"
[2m2026-03-16T01:59:37.352205Z[0m [32m INFO[0m [2mswarmllm::network::manager[0m[2m:[0m DIAG: ResponseSent event — response written to wire [3mpeer[0m[2m=[0m12D3KooWP3xpwmAoNWP3RboxdnMbaX94yTzW7WzgiZtJFDAWvdp1 [3mrequest_id[0m[2m=[0mInboundRequestId(43)
[2m2026-03-16T01:59:37.352792Z[0m [32m INFO[0m [2mswarmllm::network::manager[0m[2m:[0m DIAG: received response [3mpeer[0m[2m=[0m12D3KooWP3xpwmAoNWP3RboxdnMbaX94yTzW7WzgiZtJFDAWvdp1 [3mkind[0m[2m=[0m"ack" [3mrequest_id[0m[2m=[0mOutboundRequestId(43) [3mwas_tensor_forward[0m[2m=[0mfalse [3mpending_tensor_out[0m[2m=[0m0
[2m2026-03-16T01:59:37.356153Z[0m [32m INFO[0m [2mswarmllm::daemon::dispatch[0m[2m:[0m Received shard announce from peer [3mnode_id[0m[2m=[0mc4a3ab5093da731a [3mshards[0m[2m=[0m6
[2m2026-03-16T01:59:37.356182Z[0m [32m INFO[0m [2mswarmllm::daemon::dispatch[0m[2m:[0m Received model manifest from network [3mmodel[0m[2m=[0mqwen2.5-coder-7b-instruct-q4-k-m [3mname[0m[2m=[0mQwen2.5 Coder 7B Instruct GGUF [3mshards[0m[2m=[0m8 [3mpublisher[0m[2m=[0mc4a3ab5093da731a
[2m2026-03-16T01:59:37.356266Z[0m [32m INFO[0m [2mswarmllm::model::registry[0m[2m:[0m DIAG: register_manifest [3mmodel[0m[2m=[0mqwen2.5-coder-7b-instruct-q4-k-m [3mname[0m[2m=[0mQwen2.5 Coder 7B Instruct GGUF [3mschema_version[0m[2m=[0m2 [3mshard_count[0m[2m=[0m8
[2m2026-03-16T01:59:39.092598Z[0m [32m INFO[0m [2mswarmllm::network::manager[0m[2m:[0m Received request [3mpeer[0m[2m=[0m12D3KooWSUjzxjgP5ZfafMxfkMEMEo7RwrF7khpEAKaEMHgJ5Pfv [3mkind[0m[2m=[0m"message"
[2m2026-03-16T01:59:39.092783Z[0m [32m INFO[0m [2mswarmllm::network::manager[0m[2m:[0m DIAG: ResponseSent event — response written to wire [3mpeer[0m[2m=[0m12D3KooWSUjzxjgP5ZfafMxfkMEMEo7RwrF7khpEAKaEMHgJ5Pfv [3mrequest_id[0m[2m=[0mInboundRequestId(44)
[2m2026-03-16T01:59:39.093286Z[0m [32m INFO[0m [2mswarmllm::network::manager[0m[2m:[0m DIAG: received response [3mpeer[0m[2m=[0m12D3KooWSUjzxjgP5ZfafMxfkMEMEo7RwrF7khpEAKaEMHgJ5Pfv [3mkind[0m[2m=[0m"ack" [3mrequest_id[0m[2m=[0mOutboundRequestId(44) [3mwas_tensor_forward[0m[2m=[0mfalse [3mpending_tensor_out[0m[2m=[0m0
[2m2026-03-16T01:59:39.095135Z[0m [32m INFO[0m [2mswarmllm::daemon::dispatch[0m[2m:[0m Received shard announce from peer [3mnode_id[0m[2m=[0mf78fbf0fba02769a [3mshards[0m[2m=[0m9
[2m2026-03-16T01:59:57.677423Z[0m [32m INFO[0m [2mswarmllm::network::manager[0m[2m:[0m Received request [3mpeer[0m[2m=[0m12D3KooWSUjzxjgP5ZfafMxfkMEMEo7RwrF7khpEAKaEMHgJ5Pfv [3mkind[0m[2m=[0m"message"
[2m2026-03-16T01:59:57.677487Z[0m [32m INFO[0m [2mswarmllm::network::manager[0m[2m:[0m Received request [3mpeer[0m[2m=[0m12D3KooWP3xpwmAoNWP3RboxdnMbaX94yTzW7WzgiZtJFDAWvdp1 [3mkind[0m[2m=[0m"message"
[2m2026-03-16T01:59:57.677586Z[0m [32m INFO[0m [2mswarmllm::network::manager[0m[2m:[0m DIAG: ResponseSent event — response written to wire [3mpeer[0m[2m=[0m12D3KooWSUjzxjgP5ZfafMxfkMEMEo7RwrF7khpEAKaEMHgJ5Pfv [3mrequest_id[0m[2m=[0mInboundRequestId(45)
[2m2026-03-16T01:59:57.677630Z[0m [32m INFO[0m [2mswarmllm::network::manager[0m[2m:[0m DIAG: ResponseSent event — response written to wire [3mpeer[0m[2m=[0m12D3KooWP3xpwmAoNWP3RboxdnMbaX94yTzW7WzgiZtJFDAWvdp1 [3mrequest_id[0m[2m=[0mInboundRequestId(46)
[2m2026-03-16T02:00:04.464947Z[0m [32m INFO[0m [2mswarmllm::network::manager[0m[2m:[0m DIAG: received response [3mpeer[0m[2m=[0m12D3KooWP3xpwmAoNWP3RboxdnMbaX94yTzW7WzgiZtJFDAWvdp1 [3mkind[0m[2m=[0m"ack" [3mrequest_id[0m[2m=[0mOutboundRequestId(45) [3mwas_tensor_forward[0m[2m=[0mfalse [3mpending_tensor_out[0m[2m=[0m0
[2m2026-03-16T02:00:04.466409Z[0m [32m INFO[0m [2mswarmllm::daemon::dispatch[0m[2m:[0m Received shard announce from peer [3mnode_id[0m[2m=[0mc4a3ab5093da731a [3mshards[0m[2m=[0m6
[2m2026-03-16T02:00:04.467311Z[0m [32m INFO[0m [2mswarmllm::daemon::dispatch[0m[2m:[0m Received model manifest from network [3mmodel[0m[2m=[0mqwen2.5-coder-7b-instruct-q4-k-m [3mname[0m[2m=[0mQwen2.5 Coder 7B Instruct GGUF [3mshards[0m[2m=[0m8 [3mpublisher[0m[2m=[0mc4a3ab5093da731a
[2m2026-03-16T02:00:04.467405Z[0m [32m INFO[0m [2mswarmllm::model::registry[0m[2m:[0m DIAG: register_manifest [3mmodel[0m[2m=[0mqwen2.5-coder-7b-instruct-q4-k-m [3mname[0m[2m=[0mQwen2.5 Coder 7B Instruct GGUF [3mschema_version[0m[2m=[0m2 [3mshard_count[0m[2m=[0m8
[2m2026-03-16T02:00:06.226212Z[0m [32m INFO[0m [2mswarmllm::network::manager[0m[2m:[0m DIAG: received response [3mpeer[0m[2m=[0m12D3KooWSUjzxjgP5ZfafMxfkMEMEo7RwrF7khpEAKaEMHgJ5Pfv [3mkind[0m[2m=[0m"ack" [3mrequest_id[0m[2m=[0mOutboundRequestId(46) [3mwas_tensor_forward[0m[2m=[0mfalse [3mpending_tensor_out[0m[2m=[0m0
[2m2026-03-16T02:00:06.227744Z[0m [32m INFO[0m [2mswarmllm::daemon::dispatch[0m[2m:[0m Received shard announce from peer [3mnode_id[0m[2m=[0mf78fbf0fba02769a [3mshards[0m[2m=[0m9
[2m2026-03-16T02:00:25.120777Z[0m [32m INFO[0m [2mswarmllm::network::manager[0m[2m:[0m Received request [3mpeer[0m[2m=[0m12D3KooWP3xpwmAoNWP3RboxdnMbaX94yTzW7WzgiZtJFDAWvdp1 [3mkind[0m[2m=[0m"message"
[2m2026-03-16T02:00:25.120851Z[0m [32m INFO[0m [2mswarmllm::network::manager[0m[2m:[0m Received request [3mpeer[0m[2m=[0m12D3KooWSUjzxjgP5ZfafMxfkMEMEo7RwrF7khpEAKaEMHgJ5Pfv [3mkind[0m[2m=[0m"message"
[2m2026-03-16T02:00:25.120939Z[0m [32m INFO[0m [2mswarmllm::network::manager[0m[2m:[0m DIAG: ResponseSent event — response written to wire [3mpeer[0m[2m=[0m12D3KooWP3xpwmAoNWP3RboxdnMbaX94yTzW7WzgiZtJFDAWvdp1 [3mrequest_id[0m[2m=[0mInboundRequestId(48)
[2m2026-03-16T02:00:25.120973Z[0m [32m INFO[0m [2mswarmllm::network::manager[0m[2m:[0m DIAG: ResponseSent event — response written to wire [3mpeer[0m[2m=[0m12D3KooWSUjzxjgP5ZfafMxfkMEMEo7RwrF7khpEAKaEMHgJ5Pfv [3mrequest_id[0m[2m=[0mInboundRequestId(47)
[2m2026-03-16T02:00:31.897489Z[0m [32m INFO[0m [2mswarmllm::network::manager[0m[2m:[0m DIAG: received response [3mpeer[0m[2m=[0m12D3KooWP3xpwmAoNWP3RboxdnMbaX94yTzW7WzgiZtJFDAWvdp1 [3mkind[0m[2m=[0m"ack" [3mrequest_id[0m[2m=[0mOutboundRequestId(47) [3mwas_tensor_forward[0m[2m=[0mfalse [3mpending_tensor_out[0m[2m=[0m0
[2m2026-03-16T02:00:31.899160Z[0m [32m INFO[0m [2mswarmllm::daemon::dispatch[0m[2m:[0m Received shard announce from peer [3mnode_id[0m[2m=[0mc4a3ab5093da731a [3mshards[0m[2m=[0m6
[2m2026-03-16T02:00:31.900212Z[0m [32m INFO[0m [2mswarmllm::daemon::dispatch[0m[2m:[0m Received model manifest from network [3mmodel[0m[2m=[0mqwen2.5-coder-7b-instruct-q4-k-m [3mname[0m[2m=[0mQwen2.5 Coder 7B Instruct GGUF [3mshards[0m[2m=[0m8 [3mpublisher[0m[2m=[0mc4a3ab5093da731a
[2m2026-03-16T02:00:31.900315Z[0m [32m INFO[0m [2mswarmllm::model::registry[0m[2m:[0m DIAG: register_manifest [3mmodel[0m[2m=[0mqwen2.5-coder-7b-instruct-q4-k-m [3mname[0m[2m=[0mQwen2.5 Coder 7B Instruct GGUF [3mschema_version[0m[2m=[0m2 [3mshard_count[0m[2m=[0m8
[2m2026-03-16T02:00:33.630089Z[0m [32m INFO[0m [2mswarmllm::network::manager[0m[2m:[0m DIAG: received response [3mpeer[0m[2m=[0m12D3KooWSUjzxjgP5ZfafMxfkMEMEo7RwrF7khpEAKaEMHgJ5Pfv [3mkind[0m[2m=[0m"ack" [3mrequest_id[0m[2m=[0mOutboundRequestId(48) [3mwas_tensor_forward[0m[2m=[0mfalse [3mpending_tensor_out[0m[2m=[0m0
[2m2026-03-16T02:00:33.631696Z[0m [32m INFO[0m [2mswarmllm::daemon::dispatch[0m[2m:[0m Received shard announce from peer [3mnode_id[0m[2m=[0mf78fbf0fba02769a [3mshards[0m[2m=[0m9
[2m2026-03-16T02:00:52.162834Z[0m [32m INFO[0m [2mswarmllm::network::manager[0m[2m:[0m Received request [3mpeer[0m[2m=[0m12D3KooWP3xpwmAoNWP3RboxdnMbaX94yTzW7WzgiZtJFDAWvdp1 [3mkind[0m[2m=[0m"message"
[2m2026-03-16T02:00:52.162988Z[0m [32m INFO[0m [2mswarmllm::network::manager[0m[2m:[0m DIAG: ResponseSent event — response written to wire [3mpeer[0m[2m=[0m12D3KooWP3xpwmAoNWP3RboxdnMbaX94yTzW7WzgiZtJFDAWvdp1 [3mrequest_id[0m[2m=[0mInboundRequestId(49)
[2m2026-03-16T02:00:52.163015Z[0m [32m INFO[0m [2mswarmllm::network::manager[0m[2m:[0m Received request [3mpeer[0m[2m=[0m12D3KooWSUjzxjgP5ZfafMxfkMEMEo7RwrF7khpEAKaEMHgJ5Pfv [3mkind[0m[2m=[0m"message"
[2m2026-03-16T02:00:52.163103Z[0m [32m INFO[0m [2mswarmllm::network::manager[0m[2m:[0m DIAG: ResponseSent event — response written to wire [3mpeer[0m[2m=[0m12D3KooWSUjzxjgP5ZfafMxfkMEMEo7RwrF7khpEAKaEMHgJ5Pfv [3mrequest_id[0m[2m=[0mInboundRequestId(50)
[2m2026-03-16T02:00:58.950322Z[0m [32m INFO[0m [2mswarmllm::network::manager[0m[2m:[0m DIAG: received response [3mpeer[0m[2m=[0m12D3KooWP3xpwmAoNWP3RboxdnMbaX94yTzW7WzgiZtJFDAWvdp1 [3mkind[0m[2m=[0m"ack" [3mrequest_id[0m[2m=[0mOutboundRequestId(49) [3mwas_tensor_forward[0m[2m=[0mfalse [3mpending_tensor_out[0m[2m=[0m0
[2m2026-03-16T02:00:58.952983Z[0m [32m INFO[0m [2mswarmllm::daemon::dispatch[0m[2m:[0m Received shard announce from peer [3mnode_id[0m[2m=[0mc4a3ab5093da731a [3mshards[0m[2m=[0m6
[2m2026-03-16T02:00:58.953012Z[0m [32m INFO[0m [2mswarmllm::daemon::dispatch[0m[2m:[0m Received model manifest from network [3mmodel[0m[2m=[0mqwen2.5-coder-7b-instruct-q4-k-m [3mname[0m[2m=[0mQwen2.5 Coder 7B Instruct GGUF [3mshards[0m[2m=[0m8 [3mpublisher[0m[2m=[0mc4a3ab5093da731a
[2m2026-03-16T02:00:58.953098Z[0m [32m INFO[0m [2mswarmllm::model::registry[0m[2m:[0m DIAG: register_manifest [3mmodel[0m[2m=[0mqwen2.5-coder-7b-instruct-q4-k-m [3mname[0m[2m=[0mQwen2.5 Coder 7B Instruct GGUF [3mschema_version[0m[2m=[0m2 [3mshard_count[0m[2m=[0m8
[2m2026-03-16T02:01:00.691709Z[0m [32m INFO[0m [2mswarmllm::network::manager[0m[2m:[0m DIAG: received response [3mpeer[0m[2m=[0m12D3KooWSUjzxjgP5ZfafMxfkMEMEo7RwrF7khpEAKaEMHgJ5Pfv [3mkind[0m[2m=[0m"ack" [3mrequest_id[0m[2m=[0mOutboundRequestId(50) [3mwas_tensor_forward[0m[2m=[0mfalse [3mpending_tensor_out[0m[2m=[0m0
[2m2026-03-16T02:01:00.693442Z[0m [32m INFO[0m [2mswarmllm::daemon::dispatch[0m[2m:[0m Received shard announce from peer [3mnode_id[0m[2m=[0mf78fbf0fba02769a [3mshards[0m[2m=[0m9
[2m2026-03-16T02:01:19.657531Z[0m [32m INFO[0m [2mswarmllm::crypto::key_rotation[0m[2m:[0m DIAG: key rotation tick (re-keying) [3mactive_sessions[0m[2m=[0m2 [3mrekey_initiated[0m[2m=[0m2
[2m2026-03-16T02:01:19.659915Z[0m [32m INFO[0m [2mswarmllm::network::peer_cache[0m[2m:[0m Loaded cached peers from last session [3mcount[0m[2m=[0m6
[2m2026-03-16T02:01:19.660935Z[0m [32m INFO[0m [2mswarmllm::credit::ledger[0m[2m:[0m Gossiping credit balance [3mbalance_bucket[0m[2m=[0m-21800 [3mtier[0m[2m=[0mBronze
[2m2026-03-16T02:01:19.668806Z[0m [32m INFO[0m [2mswarmllm::network::manager[0m[2m:[0m DIAG: rr_ping sent (health check) [3mpeer_id[0m[2m=[0m12D3KooWSUjzxjgP5ZfafMxfkMEMEo7RwrF7khpEAKaEMHgJ5Pfv [3moutbound_id[0m[2m=[0mOutboundRequestId(51) [3mseq[0m[2m=[0m5 [3mrr_connected[0m[2m=[0mtrue [3mtotal_peers[0m[2m=[0m2 [3mpending_tensor_out[0m[2m=[0m0
[2m2026-03-16T02:01:19.668848Z[0m [32m INFO[0m [2mswarmllm::network::manager[0m[2m:[0m DIAG: rr_ping sent (health check) [3mpeer_id[0m[2m=[0m12D3KooWP3xpwmAoNWP3RboxdnMbaX94yTzW7WzgiZtJFDAWvdp1 [3moutbound_id[0m[2m=[0mOutboundRequestId(52) [3mseq[0m[2m=[0m5 [3mrr_connected[0m[2m=[0mtrue [3mtotal_peers[0m[2m=[0m2 [3mpending_tensor_out[0m[2m=[0m0
[2m2026-03-16T02:01:19.669067Z[0m [32m INFO[0m [2mswarmllm::network::manager[0m[2m:[0m Received request [3mpeer[0m[2m=[0m12D3KooWSUjzxjgP5ZfafMxfkMEMEo7RwrF7khpEAKaEMHgJ5Pfv [3mkind[0m[2m=[0m"message"
[2m2026-03-16T02:01:19.669146Z[0m [32m INFO[0m [2mswarmllm::network::manager[0m[2m:[0m Received request [3mpeer[0m[2m=[0m12D3KooWP3xpwmAoNWP3RboxdnMbaX94yTzW7WzgiZtJFDAWvdp1 [3mkind[0m[2m=[0m"message"
[2m2026-03-16T02:01:19.669286Z[0m [32m INFO[0m [2mswarmllm::network::manager[0m[2m:[0m DIAG: ResponseSent event — response written to wire [3mpeer[0m[2m=[0m12D3KooWP3xpwmAoNWP3RboxdnMbaX94yTzW7WzgiZtJFDAWvdp1 [3mrequest_id[0m[2m=[0mInboundRequestId(52)
[2m2026-03-16T02:01:19.669313Z[0m [32m INFO[0m [2mswarmllm::network::manager[0m[2m:[0m DIAG: ResponseSent event — response written to wire [3mpeer[0m[2m=[0m12D3KooWSUjzxjgP5ZfafMxfkMEMEo7RwrF7khpEAKaEMHgJ5Pfv [3mrequest_id[0m[2m=[0mInboundRequestId(51)
[2m2026-03-16T02:01:19.670424Z[0m [32m INFO[0m [2mswarmllm::network::manager[0m[2m:[0m DIAG: received response [3mpeer[0m[2m=[0m12D3KooWP3xpwmAoNWP3RboxdnMbaX94yTzW7WzgiZtJFDAWvdp1 [3mkind[0m[2m=[0m"message" [3mrequest_id[0m[2m=[0mOutboundRequestId(52) [3mwas_tensor_forward[0m[2m=[0mfalse [3mpending_tensor_out[0m[2m=[0m0
[2m2026-03-16T02:01:19.670451Z[0m [32m INFO[0m [2mswarmllm::network::manager[0m[2m:[0m DIAG: received response [3mpeer[0m[2m=[0m12D3KooWP3xpwmAoNWP3RboxdnMbaX94yTzW7WzgiZtJFDAWvdp1 [3mkind[0m[2m=[0m"ack" [3mrequest_id[0m[2m=[0mOutboundRequestId(54) [3mwas_tensor_forward[0m[2m=[0mfalse [3mpending_tensor_out[0m[2m=[0m0
[2m2026-03-16T02:01:19.670918Z[0m [32m INFO[0m [2mswarmllm::network::manager[0m[2m:[0m DIAG: received response [3mpeer[0m[2m=[0m12D3KooWSUjzxjgP5ZfafMxfkMEMEo7RwrF7khpEAKaEMHgJ5Pfv [3mkind[0m[2m=[0m"message" [3mrequest_id[0m[2m=[0mOutboundRequestId(51) [3mwas_tensor_forward[0m[2m=[0mfalse [3mpending_tensor_out[0m[2m=[0m0
[2m2026-03-16T02:01:19.670940Z[0m [32m INFO[0m [2mswarmllm::network::manager[0m[2m:[0m Received request [3mpeer[0m[2m=[0m12D3KooWP3xpwmAoNWP3RboxdnMbaX94yTzW7WzgiZtJFDAWvdp1 [3mkind[0m[2m=[0m"message"
[2m2026-03-16T02:01:19.670972Z[0m [32m INFO[0m [2mswarmllm::network::manager[0m[2m:[0m DIAG: received response [3mpeer[0m[2m=[0m12D3KooWSUjzxjgP5ZfafMxfkMEMEo7RwrF7khpEAKaEMHgJ5Pfv [3mkind[0m[2m=[0m"ack" [3mrequest_id[0m[2m=[0mOutboundRequestId(53) [3mwas_tensor_forward[0m[2m=[0mfalse [3mpending_tensor_out[0m[2m=[0m0
[2m2026-03-16T02:01:19.671220Z[0m [32m INFO[0m [2mswarmllm::network::manager[0m[2m:[0m DIAG: ResponseSent event — response written to wire [3mpeer[0m[2m=[0m12D3KooWP3xpwmAoNWP3RboxdnMbaX94yTzW7WzgiZtJFDAWvdp1 [3mrequest_id[0m[2m=[0mInboundRequestId(53)
[2m2026-03-16T02:01:19.671240Z[0m [32m INFO[0m [2mswarmllm::network::manager[0m[2m:[0m Received request [3mpeer[0m[2m=[0m12D3KooWSUjzxjgP5ZfafMxfkMEMEo7RwrF7khpEAKaEMHgJ5Pfv [3mkind[0m[2m=[0m"message"
[2m2026-03-16T02:01:19.671289Z[0m [32m INFO[0m [2mswarmllm::network::manager[0m[2m:[0m DIAG: ResponseSent event — response written to wire [3mpeer[0m[2m=[0m12D3KooWSUjzxjgP5ZfafMxfkMEMEo7RwrF7khpEAKaEMHgJ5Pfv [3mrequest_id[0m[2m=[0mInboundRequestId(54)
[2m2026-03-16T02:01:26.452430Z[0m [32m INFO[0m [2mswarmllm::network::manager[0m[2m:[0m DIAG: key exchange initiated [3mpeer_id[0m[2m=[0m12D3KooWP3xpwmAoNWP3RboxdnMbaX94yTzW7WzgiZtJFDAWvdp1 [3mnode_id[0m[2m=[0mc4a3ab5093da731a [3msession_type[0m[2m=[0m"static"
[2m2026-03-16T02:01:26.452554Z[0m [32m INFO[0m [2mswarmllm::network::manager[0m[2m:[0m DIAG: encryption session established [3mpeer_id[0m[2m=[0m12D3KooWP3xpwmAoNWP3RboxdnMbaX94yTzW7WzgiZtJFDAWvdp1 [3mnode_id[0m[2m=[0mc4a3ab5093da731a [3msession_type[0m[2m=[0m"static" [3msession_count[0m[2m=[0m2
[2m2026-03-16T02:01:26.460310Z[0m [32m INFO[0m [2mswarmllm::network::manager[0m[2m:[0m Received request [3mpeer[0m[2m=[0m12D3KooWP3xpwmAoNWP3RboxdnMbaX94yTzW7WzgiZtJFDAWvdp1 [3mkind[0m[2m=[0m"message"
[2m2026-03-16T02:01:26.460494Z[0m [32m INFO[0m [2mswarmllm::network::manager[0m[2m:[0m DIAG: ResponseSent event — response written to wire [3mpeer[0m[2m=[0m12D3KooWP3xpwmAoNWP3RboxdnMbaX94yTzW7WzgiZtJFDAWvdp1 [3mrequest_id[0m[2m=[0mInboundRequestId(55)
[2m2026-03-16T02:01:26.463257Z[0m [32m INFO[0m [2mswarmllm::network::manager[0m[2m:[0m Received request [3mpeer[0m[2m=[0m12D3KooWP3xpwmAoNWP3RboxdnMbaX94yTzW7WzgiZtJFDAWvdp1 [3mkind[0m[2m=[0m"message"
[2m2026-03-16T02:01:26.463415Z[0m [32m INFO[0m [2mswarmllm::daemon::dispatch[0m[2m:[0m Received shard announce from peer [3mnode_id[0m[2m=[0mc4a3ab5093da731a [3mshards[0m[2m=[0m6
[2m2026-03-16T02:01:26.463433Z[0m [32m INFO[0m [2mswarmllm::daemon::dispatch[0m[2m:[0m Received model manifest from network [3mmodel[0m[2m=[0mqwen2.5-coder-7b-instruct-q4-k-m [3mname[0m[2m=[0mQwen2.5 Coder 7B Instruct GGUF [3mshards[0m[2m=[0m8 [3mpublisher[0m[2m=[0mc4a3ab5093da731a
[2m2026-03-16T02:01:26.463502Z[0m [32m INFO[0m [2mswarmllm::network::manager[0m[2m:[0m DIAG: ResponseSent event — response written to wire [3mpeer[0m[2m=[0m12D3KooWP3xpwmAoNWP3RboxdnMbaX94yTzW7WzgiZtJFDAWvdp1 [3mrequest_id[0m[2m=[0mInboundRequestId(56)
[2m2026-03-16T02:01:26.463522Z[0m [32m INFO[0m [2mswarmllm::model::registry[0m[2m:[0m DIAG: register_manifest [3mmodel[0m[2m=[0mqwen2.5-coder-7b-instruct-q4-k-m [3mname[0m[2m=[0mQwen2.5 Coder 7B Instruct GGUF [3mschema_version[0m[2m=[0m2 [3mshard_count[0m[2m=[0m8
[2m2026-03-16T02:01:26.464360Z[0m [32m INFO[0m [2mswarmllm::network::manager[0m[2m:[0m DIAG: received response [3mpeer[0m[2m=[0m12D3KooWP3xpwmAoNWP3RboxdnMbaX94yTzW7WzgiZtJFDAWvdp1 [3mkind[0m[2m=[0m"ack" [3mrequest_id[0m[2m=[0mOutboundRequestId(55) [3mwas_tensor_forward[0m[2m=[0mfalse [3mpending_tensor_out[0m[2m=[0m0
[2m2026-03-16T02:01:26.464549Z[0m [32m INFO[0m [2mswarmllm::network::manager[0m[2m:[0m DIAG: received response [3mpeer[0m[2m=[0m12D3KooWP3xpwmAoNWP3RboxdnMbaX94yTzW7WzgiZtJFDAWvdp1 [3mkind[0m[2m=[0m"ack" [3mrequest_id[0m[2m=[0mOutboundRequestId(56) [3mwas_tensor_forward[0m[2m=[0mfalse [3mpending_tensor_out[0m[2m=[0m0
[2m2026-03-16T02:01:28.198019Z[0m [32m INFO[0m [2mswarmllm::network::manager[0m[2m:[0m Received request [3mpeer[0m[2m=[0m12D3KooWSUjzxjgP5ZfafMxfkMEMEo7RwrF7khpEAKaEMHgJ5Pfv [3mkind[0m[2m=[0m"message"
[2m2026-03-16T02:01:28.198164Z[0m [32m INFO[0m [2mswarmllm::daemon::dispatch[0m[2m:[0m Received shard announce from peer [3mnode_id[0m[2m=[0mf78fbf0fba02769a [3mshards[0m[2m=[0m9
[2m2026-03-16T02:01:28.198218Z[0m [32m INFO[0m [2mswarmllm::network::manager[0m[2m:[0m DIAG: ResponseSent event — response written to wire [3mpeer[0m[2m=[0m12D3KooWSUjzxjgP5ZfafMxfkMEMEo7RwrF7khpEAKaEMHgJ5Pfv [3mrequest_id[0m[2m=[0mInboundRequestId(57)
[2m2026-03-16T02:01:28.198680Z[0m [32m INFO[0m [2mswarmllm::network::manager[0m[2m:[0m Received request [3mpeer[0m[2m=[0m12D3KooWSUjzxjgP5ZfafMxfkMEMEo7RwrF7khpEAKaEMHgJ5Pfv [3mkind[0m[2m=[0m"message"
[2m2026-03-16T02:01:28.198898Z[0m [32m INFO[0m [2mswarmllm::network::manager[0m[2m:[0m DIAG: ResponseSent event — response written to wire [3mpeer[0m[2m=[0m12D3KooWSUjzxjgP5ZfafMxfkMEMEo7RwrF7khpEAKaEMHgJ5Pfv [3mrequest_id[0m[2m=[0mInboundRequestId(58)
[2m2026-03-16T02:01:28.198936Z[0m [32m INFO[0m [2mswarmllm::network::manager[0m[2m:[0m DIAG: key exchange initiated [3mpeer_id[0m[2m=[0m12D3KooWSUjzxjgP5ZfafMxfkMEMEo7RwrF7khpEAKaEMHgJ5Pfv [3mnode_id[0m[2m=[0mf78fbf0fba02769a [3msession_type[0m[2m=[0m"static"
[2m2026-03-16T02:01:28.199059Z[0m [32m INFO[0m [2mswarmllm::network::manager[0m[2m:[0m DIAG: encryption session established [3mpeer_id[0m[2m=[0m12D3KooWSUjzxjgP5ZfafMxfkMEMEo7RwrF7khpEAKaEMHgJ5Pfv [3mnode_id[0m[2m=[0mf78fbf0fba02769a [3msession_type[0m[2m=[0m"static" [3msession_count[0m[2m=[0m2
[2m2026-03-16T02:01:28.199512Z[0m [32m INFO[0m [2mswarmllm::network::manager[0m[2m:[0m DIAG: received response [3mpeer[0m[2m=[0m12D3KooWSUjzxjgP5ZfafMxfkMEMEo7RwrF7khpEAKaEMHgJ5Pfv [3mkind[0m[2m=[0m"ack" [3mrequest_id[0m[2m=[0mOutboundRequestId(57) [3mwas_tensor_forward[0m[2m=[0mfalse [3mpending_tensor_out[0m[2m=[0m0
[2m2026-03-16T02:01:28.199782Z[0m [32m INFO[0m [2mswarmllm::network::manager[0m[2m:[0m DIAG: received response [3mpeer[0m[2m=[0m12D3KooWSUjzxjgP5ZfafMxfkMEMEo7RwrF7khpEAKaEMHgJ5Pfv [3mkind[0m[2m=[0m"ack" [3mrequest_id[0m[2m=[0mOutboundRequestId(58) [3mwas_tensor_forward[0m[2m=[0mfalse [3mpending_tensor_out[0m[2m=[0m0
[2m2026-03-16T02:01:37.964391Z[0m [33m WARN[0m [2mswarmllm::api::middleware[0m[2m:[0m Rate limit exceeded [3mip[0m[2m=[0m127.0.0.1 [3mpath[0m[2m=[0m/api/admin/api-key
[2m2026-03-16T02:01:38.256137Z[0m [33m WARN[0m [2mswarmllm::api::middleware[0m[2m:[0m Rate limit exceeded [3mip[0m[2m=[0m127.0.0.1 [3mpath[0m[2m=[0m/api/admin/providers
[2m2026-03-16T02:01:39.669501Z[0m [33m WARN[0m [2mswarmllm::api::middleware[0m[2m:[0m Rate limit exceeded [3mip[0m[2m=[0m127.0.0.1 [3mpath[0m[2m=[0m/api/admin/api-key
[2m2026-03-16T02:01:39.984995Z[0m [33m WARN[0m [2mswarmllm::api::middleware[0m[2m:[0m Rate limit exceeded [3mip[0m[2m=[0m127.0.0.1 [3mpath[0m[2m=[0m/api/admin/providers
[2m2026-03-16T02:01:44.626265Z[0m [33m WARN[0m [2mswarmllm::api::middleware[0m[2m:[0m Rate limit exceeded [3mip[0m[2m=[0m127.0.0.1 [3mpath[0m[2m=[0m/api/admin/providers
[2m2026-03-16T02:01:45.027187Z[0m [33m WARN[0m [2mswarmllm::api::middleware[0m[2m:[0m Rate limit exceeded [3mip[0m[2m=[0m127.0.0.1 [3mpath[0m[2m=[0m/api/admin/providers
[2m2026-03-16T02:01:46.654919Z[0m [32m INFO[0m [2mswarmllm::network::manager[0m[2m:[0m Received request [3mpeer[0m[2m=[0m12D3KooWSUjzxjgP5ZfafMxfkMEMEo7RwrF7khpEAKaEMHgJ5Pfv [3mkind[0m[2m=[0m"message"
[2m2026-03-16T02:01:46.655072Z[0m [32m INFO[0m [2mswarmllm::network::manager[0m[2m:[0m DIAG: ResponseSent event — response written to wire [3mpeer[0m[2m=[0m12D3KooWSUjzxjgP5ZfafMxfkMEMEo7RwrF7khpEAKaEMHgJ5Pfv [3mrequest_id[0m[2m=[0mInboundRequestId(59)
[2m2026-03-16T02:01:46.655093Z[0m [32m INFO[0m [2mswarmllm::network::manager[0m[2m:[0m Received request [3mpeer[0m[2m=[0m12D3KooWP3xpwmAoNWP3RboxdnMbaX94yTzW7WzgiZtJFDAWvdp1 [3mkind[0m[2m=[0m"message"
[2m2026-03-16T02:01:46.655180Z[0m [32m INFO[0m [2mswarmllm::network::manager[0m[2m:[0m DIAG: ResponseSent event — response written to wire [3mpeer[0m[2m=[0m12D3KooWP3xpwmAoNWP3RboxdnMbaX94yTzW7WzgiZtJFDAWvdp1 [3mrequest_id[0m[2m=[0mInboundRequestId(60)
[2m2026-03-16T02:01:53.439272Z[0m [32m INFO[0m [2mswarmllm::network::manager[0m[2m:[0m DIAG: received response [3mpeer[0m[2m=[0m12D3KooWP3xpwmAoNWP3RboxdnMbaX94yTzW7WzgiZtJFDAWvdp1 [3mkind[0m[2m=[0m"ack" [3mrequest_id[0m[2m=[0mOutboundRequestId(59) [3mwas_tensor_forward[0m[2m=[0mfalse [3mpending_tensor_out[0m[2m=[0m0
[2m2026-03-16T02:01:53.441485Z[0m [32m INFO[0m [2mswarmllm::daemon::dispatch[0m[2m:[0m Received shard announce from peer [3mnode_id[0m[2m=[0mc4a3ab5093da731a [3mshards[0m[2m=[0m6
[2m2026-03-16T02:01:53.442962Z[0m [32m INFO[0m [2mswarmllm::daemon::dispatch[0m[2m:[0m Received model manifest from network [3mmodel[0m[2m=[0mqwen2.5-coder-7b-instruct-q4-k-m [3mname[0m[2m=[0mQwen2.5 Coder 7B Instruct GGUF [3mshards[0m[2m=[0m8 [3mpublisher[0m[2m=[0mc4a3ab5093da731a
[2m2026-03-16T02:01:53.443154Z[0m [32m INFO[0m [2mswarmllm::model::registry[0m[2m:[0m DIAG: register_manifest [3mmodel[0m[2m=[0mqwen2.5-coder-7b-instruct-q4-k-m [3mname[0m[2m=[0mQwen2.5 Coder 7B Instruct GGUF [3mschema_version[0m[2m=[0m2 [3mshard_count[0m[2m=[0m8
[2m2026-03-16T02:01:55.202473Z[0m [32m INFO[0m [2mswarmllm::network::manager[0m[2m:[0m DIAG: received response [3mpeer[0m[2m=[0m12D3KooWSUjzxjgP5ZfafMxfkMEMEo7RwrF7khpEAKaEMHgJ5Pfv [3mkind[0m[2m=[0m"ack" [3mrequest_id[0m[2m=[0mOutboundRequestId(60) [3mwas_tensor_forward[0m[2m=[0mfalse [3mpending_tensor_out[0m[2m=[0m0
[2m2026-03-16T02:01:55.204415Z[0m [32m INFO[0m [2mswarmllm::daemon::dispatch[0m[2m:[0m Received shard announce from peer [3mnode_id[0m[2m=[0mf78fbf0fba02769a [3mshards[0m[2m=[0m9
[2m2026-03-16T02:02:14.136903Z[0m [32m INFO[0m [2mswarmllm::network::manager[0m[2m:[0m Received request [3mpeer[0m[2m=[0m12D3KooWSUjzxjgP5ZfafMxfkMEMEo7RwrF7khpEAKaEMHgJ5Pfv [3mkind[0m[2m=[0m"message"
[2m2026-03-16T02:02:14.137016Z[0m [32m INFO[0m [2mswarmllm::network::manager[0m[2m:[0m Received request [3mpeer[0m[2m=[0m12D3KooWP3xpwmAoNWP3RboxdnMbaX94yTzW7WzgiZtJFDAWvdp1 [3mkind[0m[2m=[0m"message"
[2m2026-03-16T02:02:14.137107Z[0m [32m INFO[0m [2mswarmllm::network::manager[0m[2m:[0m DIAG: ResponseSent event — response written to wire [3mpeer[0m[2m=[0m12D3KooWSUjzxjgP5ZfafMxfkMEMEo7RwrF7khpEAKaEMHgJ5Pfv [3mrequest_id[0m[2m=[0mInboundRequestId(61)
[2m2026-03-16T02:02:14.137134Z[0m [32m INFO[0m [2mswarmllm::network::manager[0m[2m:[0m DIAG: ResponseSent event — response written to wire [3mpeer[0m[2m=[0m12D3KooWP3xpwmAoNWP3RboxdnMbaX94yTzW7WzgiZtJFDAWvdp1 [3mrequest_id[0m[2m=[0mInboundRequestId(62)
[2m2026-03-16T02:02:20.926262Z[0m [32m INFO[0m [2mswarmllm::network::manager[0m[2m:[0m DIAG: received response [3mpeer[0m[2m=[0m12D3KooWP3xpwmAoNWP3RboxdnMbaX94yTzW7WzgiZtJFDAWvdp1 [3mkind[0m[2m=[0m"ack" [3mrequest_id[0m[2m=[0mOutboundRequestId(61) [3mwas_tensor_forward[0m[2m=[0mfalse [3mpending_tensor_out[0m[2m=[0m0
[2m2026-03-16T02:02:20.927790Z[0m [32m INFO[0m [2mswarmllm::daemon::dispatch[0m[2m:[0m Received shard announce from peer [3mnode_id[0m[2m=[0mc4a3ab5093da731a [3mshards[0m[2m=[0m6
[2m2026-03-16T02:02:20.929010Z[0m [32m INFO[0m [2mswarmllm::daemon::dispatch[0m[2m:[0m Received model manifest from network [3mmodel[0m[2m=[0mqwen2.5-coder-7b-instruct-q4-k-m [3mname[0m[2m=[0mQwen2.5 Coder 7B Instruct GGUF [3mshards[0m[2m=[0m8 [3mpublisher[0m[2m=[0mc4a3ab5093da731a
[2m2026-03-16T02:02:20.929172Z[0m [32m INFO[0m [2mswarmllm::model::registry[0m[2m:[0m DIAG: register_manifest [3mmodel[0m[2m=[0mqwen2.5-coder-7b-instruct-q4-k-m [3mname[0m[2m=[0mQwen2.5 Coder 7B Instruct GGUF [3mschema_version[0m[2m=[0m2 [3mshard_count[0m[2m=[0m8
[2m2026-03-16T02:02:22.662994Z[0m [32m INFO[0m [2mswarmllm::network::manager[0m[2m:[0m DIAG: received response [3mpeer[0m[2m=[0m12D3KooWSUjzxjgP5ZfafMxfkMEMEo7RwrF7khpEAKaEMHgJ5Pfv [3mkind[0m[2m=[0m"ack" [3mrequest_id[0m[2m=[0mOutboundRequestId(62) [3mwas_tensor_forward[0m[2m=[0mfalse [3mpending_tensor_out[0m[2m=[0m0
[2m2026-03-16T02:02:22.664829Z[0m [32m INFO[0m [2mswarmllm::daemon::dispatch[0m[2m:[0m Received shard announce from peer [3mnode_id[0m[2m=[0mf78fbf0fba02769a [3mshards[0m[2m=[0m9
[2m2026-03-16T02:02:41.461592Z[0m [32m INFO[0m [2mswarmllm::network::manager[0m[2m:[0m Received request [3mpeer[0m[2m=[0m12D3KooWP3xpwmAoNWP3RboxdnMbaX94yTzW7WzgiZtJFDAWvdp1 [3mkind[0m[2m=[0m"message"
[2m2026-03-16T02:02:41.461694Z[0m [32m INFO[0m [2mswarmllm::network::manager[0m[2m:[0m Received request [3mpeer[0m[2m=[0m12D3KooWSUjzxjgP5ZfafMxfkMEMEo7RwrF7khpEAKaEMHgJ5Pfv [3mkind[0m[2m=[0m"message"
[2m2026-03-16T02:02:41.461762Z[0m [32m INFO[0m [2mswarmllm::network::manager[0m[2m:[0m DIAG: ResponseSent event — response written to wire [3mpeer[0m[2m=[0m12D3KooWP3xpwmAoNWP3RboxdnMbaX94yTzW7WzgiZtJFDAWvdp1 [3mrequest_id[0m[2m=[0mInboundRequestId(64)
[2m2026-03-16T02:02:41.461808Z[0m [32m INFO[0m [2mswarmllm::network::manager[0m[2m:[0m DIAG: ResponseSent event — response written to wire [3mpeer[0m[2m=[0m12D3KooWSUjzxjgP5ZfafMxfkMEMEo7RwrF7khpEAKaEMHgJ5Pfv [3mrequest_id[0m[2m=[0mInboundRequestId(63)
[2m2026-03-16T02:02:48.249556Z[0m [32m INFO[0m [2mswarmllm::network::manager[0m[2m:[0m DIAG: received response [3mpeer[0m[2m=[0m12D3KooWP3xpwmAoNWP3RboxdnMbaX94yTzW7WzgiZtJFDAWvdp1 [3mkind[0m[2m=[0m"ack" [3mrequest_id[0m[2m=[0mOutboundRequestId(63) [3mwas_tensor_forward[0m[2m=[0mfalse [3mpending_tensor_out[0m[2m=[0m0
[2m2026-03-16T02:02:48.251503Z[0m [32m INFO[0m [2mswarmllm::daemon::dispatch[0m[2m:[0m Received shard announce from peer [3mnode_id[0m[2m=[0mc4a3ab5093da731a [3mshards[0m[2m=[0m6
[2m2026-03-16T02:02:48.252416Z[0m [32m INFO[0m [2mswarmllm::daemon::dispatch[0m[2m:[0m Received model manifest from network [3mmodel[0m[2m=[0mqwen2.5-coder-7b-instruct-q4-k-m [3mname[0m[2m=[0mQwen2.5 Coder 7B Instruct GGUF [3mshards[0m[2m=[0m8 [3mpublisher[0m[2m=[0mc4a3ab5093da731a
[2m2026-03-16T02:02:48.252541Z[0m [32m INFO[0m [2mswarmllm::model::registry[0m[2m:[0m DIAG: register_manifest [3mmodel[0m[2m=[0mqwen2.5-coder-7b-instruct-q4-k-m [3mname[0m[2m=[0mQwen2.5 Coder 7B Instruct GGUF [3mschema_version[0m[2m=[0m2 [3mshard_count[0m[2m=[0m8
[2m2026-03-16T02:02:49.989482Z[0m [32m INFO[0m [2mswarmllm::network::manager[0m[2m:[0m DIAG: received response [3mpeer[0m[2m=[0m12D3KooWSUjzxjgP5ZfafMxfkMEMEo7RwrF7khpEAKaEMHgJ5Pfv [3mkind[0m[2m=[0m"ack" [3mrequest_id[0m[2m=[0mOutboundRequestId(64) [3mwas_tensor_forward[0m[2m=[0mfalse [3mpending_tensor_out[0m[2m=[0m0
[2m2026-03-16T02:02:49.991181Z[0m [32m INFO[0m [2mswarmllm::daemon::dispatch[0m[2m:[0m Received shard announce from peer [3mnode_id[0m[2m=[0mf78fbf0fba02769a [3mshards[0m[2m=[0m9
[2m2026-03-16T02:03:08.633716Z[0m [32m INFO[0m [2mswarmllm::network::manager[0m[2m:[0m DIAG: rr_ping sent (health check) [3mpeer_id[0m[2m=[0m12D3KooWSUjzxjgP5ZfafMxfkMEMEo7RwrF7khpEAKaEMHgJ5Pfv [3moutbound_id[0m[2m=[0mOutboundRequestId(65) [3mseq[0m[2m=[0m6 [3mrr_connected[0m[2m=[0mtrue [3mtotal_peers[0m[2m=[0m2 [3mpending_tensor_out[0m[2m=[0m0
[2m2026-03-16T02:03:08.633754Z[0m [32m INFO[0m [2mswarmllm::network::manager[0m[2m:[0m DIAG: rr_ping sent (health check) [3mpeer_id[0m[2m=[0m12D3KooWP3xpwmAoNWP3RboxdnMbaX94yTzW7WzgiZtJFDAWvdp1 [3moutbound_id[0m[2m=[0mOutboundRequestId(66) [3mseq[0m[2m=[0m6 [3mrr_connected[0m[2m=[0mtrue [3mtotal_peers[0m[2m=[0m2 [3mpending_tensor_out[0m[2m=[0m0
[2m2026-03-16T02:03:08.634880Z[0m [32m INFO[0m [2mswarmllm::network::manager[0m[2m:[0m DIAG: received response [3mpeer[0m[2m=[0m12D3KooWSUjzxjgP5ZfafMxfkMEMEo7RwrF7khpEAKaEMHgJ5Pfv [3mkind[0m[2m=[0m"message" [3mrequest_id[0m[2m=[0mOutboundRequestId(65) [3mwas_tensor_forward[0m[2m=[0mfalse [3mpending_tensor_out[0m[2m=[0m0
[2m2026-03-16T02:03:08.635098Z[0m [32m INFO[0m [2mswarmllm::network::manager[0m[2m:[0m DIAG: received response [3mpeer[0m[2m=[0m12D3KooWP3xpwmAoNWP3RboxdnMbaX94yTzW7WzgiZtJFDAWvdp1 [3mkind[0m[2m=[0m"message" [3mrequest_id[0m[2m=[0mOutboundRequestId(66) [3mwas_tensor_forward[0m[2m=[0mfalse [3mpending_tensor_out[0m[2m=[0m0
[2m2026-03-16T02:03:08.635373Z[0m [32m INFO[0m [2mswarmllm::network::manager[0m[2m:[0m Received request [3mpeer[0m[2m=[0m12D3KooWP3xpwmAoNWP3RboxdnMbaX94yTzW7WzgiZtJFDAWvdp1 [3mkind[0m[2m=[0m"message"
[2m2026-03-16T02:03:08.635448Z[0m [32m INFO[0m [2mswarmllm::network::manager[0m[2m:[0m Received request [3mpeer[0m[2m=[0m12D3KooWSUjzxjgP5ZfafMxfkMEMEo7RwrF7khpEAKaEMHgJ5Pfv [3mkind[0m[2m=[0m"message"
[2m2026-03-16T02:03:08.635542Z[0m [32m INFO[0m [2mswarmllm::network::manager[0m[2m:[0m DIAG: ResponseSent event — response written to wire [3mpeer[0m[2m=[0m12D3KooWSUjzxjgP5ZfafMxfkMEMEo7RwrF7khpEAKaEMHgJ5Pfv [3mrequest_id[0m[2m=[0mInboundRequestId(66)
[2m2026-03-16T02:03:08.635597Z[0m [32m INFO[0m [2mswarmllm::network::manager[0m[2m:[0m DIAG: ResponseSent event — response written to wire [3mpeer[0m[2m=[0m12D3KooWP3xpwmAoNWP3RboxdnMbaX94yTzW7WzgiZtJFDAWvdp1 [3mrequest_id[0m[2m=[0mInboundRequestId(65)
[2m2026-03-16T02:03:15.421664Z[0m [32m INFO[0m [2mswarmllm::network::manager[0m[2m:[0m Received request [3mpeer[0m[2m=[0m12D3KooWP3xpwmAoNWP3RboxdnMbaX94yTzW7WzgiZtJFDAWvdp1 [3mkind[0m[2m=[0m"message"
[2m2026-03-16T02:03:15.421884Z[0m [32m INFO[0m [2mswarmllm::network::manager[0m[2m:[0m DIAG: ResponseSent event — response written to wire [3mpeer[0m[2m=[0m12D3KooWP3xpwmAoNWP3RboxdnMbaX94yTzW7WzgiZtJFDAWvdp1 [3mrequest_id[0m[2m=[0mInboundRequestId(67)
[2m2026-03-16T02:03:15.422453Z[0m [32m INFO[0m [2mswarmllm::network::manager[0m[2m:[0m DIAG: received response [3mpeer[0m[2m=[0m12D3KooWP3xpwmAoNWP3RboxdnMbaX94yTzW7WzgiZtJFDAWvdp1 [3mkind[0m[2m=[0m"ack" [3mrequest_id[0m[2m=[0mOutboundRequestId(67) [3mwas_tensor_forward[0m[2m=[0mfalse [3mpending_tensor_out[0m[2m=[0m0
[2m2026-03-16T02:03:15.425466Z[0m [32m INFO[0m [2mswarmllm::daemon::dispatch[0m[2m:[0m Received shard announce from peer [3mnode_id[0m[2m=[0mc4a3ab5093da731a [3mshards[0m[2m=[0m6
[2m2026-03-16T02:03:15.426444Z[0m [32m INFO[0m [2mswarmllm::daemon::dispatch[0m[2m:[0m Received model manifest from network [3mmodel[0m[2m=[0mqwen2.5-coder-7b-instruct-q4-k-m [3mname[0m[2m=[0mQwen2.5 Coder 7B Instruct GGUF [3mshards[0m[2m=[0m8 [3mpublisher[0m[2m=[0mc4a3ab5093da731a
[2m2026-03-16T02:03:15.426573Z[0m [32m INFO[0m [2mswarmllm::model::registry[0m[2m:[0m DIAG: register_manifest [3mmodel[0m[2m=[0mqwen2.5-coder-7b-instruct-q4-k-m [3mname[0m[2m=[0mQwen2.5 Coder 7B Instruct GGUF [3mschema_version[0m[2m=[0m2 [3mshard_count[0m[2m=[0m8
[2m2026-03-16T02:03:17.161393Z[0m [32m INFO[0m [2mswarmllm::network::manager[0m[2m:[0m Received request [3mpeer[0m[2m=[0m12D3KooWSUjzxjgP5ZfafMxfkMEMEo7RwrF7khpEAKaEMHgJ5Pfv [3mkind[0m[2m=[0m"message"
[2m2026-03-16T02:03:17.161513Z[0m [32m INFO[0m [2mswarmllm::network::manager[0m[2m:[0m DIAG: ResponseSent event — response written to wire [3mpeer[0m[2m=[0m12D3KooWSUjzxjgP5ZfafMxfkMEMEo7RwrF7khpEAKaEMHgJ5Pfv [3mrequest_id[0m[2m=[0mInboundRequestId(68)
[2m2026-03-16T02:03:17.162499Z[0m [32m INFO[0m [2mswarmllm::network::manager[0m[2m:[0m DIAG: received response [3mpeer[0m[2m=[0m12D3KooWSUjzxjgP5ZfafMxfkMEMEo7RwrF7khpEAKaEMHgJ5Pfv [3mkind[0m[2m=[0m"ack" [3mrequest_id[0m[2m=[0mOutboundRequestId(68) [3mwas_tensor_forward[0m[2m=[0mfalse [3mpending_tensor_out[0m[2m=[0m0
[2m2026-03-16T02:03:17.164498Z[0m [32m INFO[0m [2mswarmllm::daemon::dispatch[0m[2m:[0m Received shard announce from peer [3mnode_id[0m[2m=[0mf78fbf0fba02769a [3mshards[0m[2m=[0m9
[2m2026-03-16T02:03:36.015019Z[0m [32m INFO[0m [2mswarmllm::network::manager[0m[2m:[0m Received request [3mpeer[0m[2m=[0m12D3KooWP3xpwmAoNWP3RboxdnMbaX94yTzW7WzgiZtJFDAWvdp1 [3mkind[0m[2m=[0m"message"
[2m2026-03-16T02:03:36.015114Z[0m [32m INFO[0m [2mswarmllm::network::manager[0m[2m:[0m Received request [3mpeer[0m[2m=[0m12D3KooWSUjzxjgP5ZfafMxfkMEMEo7RwrF7khpEAKaEMHgJ5Pfv [3mkind[0m[2m=[0m"message"
[2m2026-03-16T02:03:36.015206Z[0m [32m INFO[0m [2mswarmllm::network::manager[0m[2m:[0m DIAG: ResponseSent event — response written to wire [3mpeer[0m[2m=[0m12D3KooWSUjzxjgP5ZfafMxfkMEMEo7RwrF7khpEAKaEMHgJ5Pfv [3mrequest_id[0m[2m=[0mInboundRequestId(69)
[2m2026-03-16T02:03:36.015238Z[0m [32m INFO[0m [2mswarmllm::network::manager[0m[2m:[0m DIAG: ResponseSent event — response written to wire [3mpeer[0m[2m=[0m12D3KooWP3xpwmAoNWP3RboxdnMbaX94yTzW7WzgiZtJFDAWvdp1 [3mrequest_id[0m[2m=[0mInboundRequestId(70)
[2m2026-03-16T02:03:42.801875Z[0m [32m INFO[0m [2mswarmllm::network::manager[0m[2m:[0m DIAG: received response [3mpeer[0m[2m=[0m12D3KooWP3xpwmAoNWP3RboxdnMbaX94yTzW7WzgiZtJFDAWvdp1 [3mkind[0m[2m=[0m"ack" [3mrequest_id[0m[2m=[0mOutboundRequestId(69) [3mwas_tensor_forward[0m[2m=[0mfalse [3mpending_tensor_out[0m[2m=[0m0
[2m2026-03-16T02:03:42.803671Z[0m [32m INFO[0m [2mswarmllm::daemon::dispatch[0m[2m:[0m Received shard announce from peer [3mnode_id[0m[2m=[0mc4a3ab5093da731a [3mshards[0m[2m=[0m6
[2m2026-03-16T02:03:42.804682Z[0m [32m INFO[0m [2mswarmllm::daemon::dispatch[0m[2m:[0m Received model manifest from network [3mmodel[0m[2m=[0mqwen2.5-coder-7b-instruct-q4-k-m [3mname[0m[2m=[0mQwen2.5 Coder 7B Instruct GGUF [3mshards[0m[2m=[0m8 [3mpublisher[0m[2m=[0mc4a3ab5093da731a
[2m2026-03-16T02:03:42.804796Z[0m [32m INFO[0m [2mswarmllm::model::registry[0m[2m:[0m DIAG: register_manifest [3mmodel[0m[2m=[0mqwen2.5-coder-7b-instruct-q4-k-m [3mname[0m[2m=[0mQwen2.5 Coder 7B Instruct GGUF [3mschema_version[0m[2m=[0m2 [3mshard_count[0m[2m=[0m8
[2m2026-03-16T02:03:44.540185Z[0m [32m INFO[0m [2mswarmllm::network::manager[0m[2m:[0m DIAG: received response [3mpeer[0m[2m=[0m12D3KooWSUjzxjgP5ZfafMxfkMEMEo7RwrF7khpEAKaEMHgJ5Pfv [3mkind[0m[2m=[0m"ack" [3mrequest_id[0m[2m=[0mOutboundRequestId(70) [3mwas_tensor_forward[0m[2m=[0mfalse [3mpending_tensor_out[0m[2m=[0m0
[2m2026-03-16T02:03:44.542743Z[0m [32m INFO[0m [2mswarmllm::daemon::dispatch[0m[2m:[0m Received shard announce from peer [3mnode_id[0m[2m=[0mf78fbf0fba02769a [3mshards[0m[2m=[0m9
[2m2026-03-16T02:03:54.746553Z[0m [33m WARN[0m [2mswarmllm::api::middleware[0m[2m:[0m Rate limit exceeded [3mip[0m[2m=[0m127.0.0.1 [3mpath[0m[2m=[0m/api/admin/providers
[2m2026-03-16T02:04:03.114811Z[0m [32m INFO[0m [2mswarmllm::network::manager[0m[2m:[0m Received request [3mpeer[0m[2m=[0m12D3KooWSUjzxjgP5ZfafMxfkMEMEo7RwrF7khpEAKaEMHgJ5Pfv [3mkind[0m[2m=[0m"message"
[2m2026-03-16T02:04:03.114866Z[0m [32m INFO[0m [2mswarmllm::network::manager[0m[2m:[0m Received request [3mpeer[0m[2m=[0m12D3KooWP3xpwmAoNWP3RboxdnMbaX94yTzW7WzgiZtJFDAWvdp1 [3mkind[0m[2m=[0m"message"
[2m2026-03-16T02:04:03.114939Z[0m [32m INFO[0m [2mswarmllm::network::manager[0m[2m:[0m DIAG: ResponseSent event — response written to wire [3mpeer[0m[2m=[0m12D3KooWP3xpwmAoNWP3RboxdnMbaX94yTzW7WzgiZtJFDAWvdp1 [3mrequest_id[0m[2m=[0mInboundRequestId(72)
[2m2026-03-16T02:04:03.114967Z[0m [32m INFO[0m [2mswarmllm::network::manager[0m[2m:[0m DIAG: ResponseSent event — response written to wire [3mpeer[0m[2m=[0m12D3KooWSUjzxjgP5ZfafMxfkMEMEo7RwrF7khpEAKaEMHgJ5Pfv [3mrequest_id[0m[2m=[0mInboundRequestId(71)
[2m2026-03-16T02:04:09.901477Z[0m [32m INFO[0m [2mswarmllm::network::manager[0m[2m:[0m DIAG: received response [3mpeer[0m[2m=[0m12D3KooWP3xpwmAoNWP3RboxdnMbaX94yTzW7WzgiZtJFDAWvdp1 [3mkind[0m[2m=[0m"ack" [3mrequest_id[0m[2m=[0mOutboundRequestId(71) [3mwas_tensor_forward[0m[2m=[0mfalse [3mpending_tensor_out[0m[2m=[0m0
[2m2026-03-16T02:04:09.903081Z[0m [32m INFO[0m [2mswarmllm::daemon::dispatch[0m[2m:[0m Received shard announce from peer [3mnode_id[0m[2m=[0mc4a3ab5093da731a [3mshards[0m[2m=[0m6
[2m2026-03-16T02:04:09.904436Z[0m [32m INFO[0m [2mswarmllm::daemon::dispatch[0m[2m:[0m Received model manifest from network [3mmodel[0m[2m=[0mqwen2.5-coder-7b-instruct-q4-k-m [3mname[0m[2m=[0mQwen2.5 Coder 7B Instruct GGUF [3mshards[0m[2m=[0m8 [3mpublisher[0m[2m=[0mc4a3ab5093da731a
[2m2026-03-16T02:04:09.904569Z[0m [32m INFO[0m [2mswarmllm::model::registry[0m[2m:[0m DIAG: register_manifest [3mmodel[0m[2m=[0mqwen2.5-coder-7b-instruct-q4-k-m [3mname[0m[2m=[0mQwen2.5 Coder 7B Instruct GGUF [3mschema_version[0m[2m=[0m2 [3mshard_count[0m[2m=[0m8
[2m2026-03-16T02:04:11.643437Z[0m [32m INFO[0m [2mswarmllm::network::manager[0m[2m:[0m DIAG: received response [3mpeer[0m[2m=[0m12D3KooWSUjzxjgP5ZfafMxfkMEMEo7RwrF7khpEAKaEMHgJ5Pfv [3mkind[0m[2m=[0m"ack" [3mrequest_id[0m[2m=[0mOutboundRequestId(72) [3mwas_tensor_forward[0m[2m=[0mfalse [3mpending_tensor_out[0m[2m=[0m0
[2m2026-03-16T02:04:11.645343Z[0m [32m INFO[0m [2mswarmllm::daemon::dispatch[0m[2m:[0m Received shard announce from peer [3mnode_id[0m[2m=[0mf78fbf0fba02769a [3mshards[0m[2m=[0m9
[2m2026-03-16T02:04:21.411360Z[0m [33m WARN[0m [2mswarmllm::api::middleware[0m[2m:[0m Rate limit exceeded [3mip[0m[2m=[0m127.0.0.1 [3mpath[0m[2m=[0m/api/admin/providers
[2m2026-03-16T02:04:21.835151Z[0m [33m WARN[0m [2mswarmllm::api::middleware[0m[2m:[0m Rate limit exceeded [3mip[0m[2m=[0m127.0.0.1 [3mpath[0m[2m=[0m/api/admin/providers
[2m2026-03-16T02:04:30.544658Z[0m [32m INFO[0m [2mswarmllm::network::manager[0m[2m:[0m Received request [3mpeer[0m[2m=[0m12D3KooWP3xpwmAoNWP3RboxdnMbaX94yTzW7WzgiZtJFDAWvdp1 [3mkind[0m[2m=[0m"message"
[2m2026-03-16T02:04:30.544808Z[0m [32m INFO[0m [2mswarmllm::network::manager[0m[2m:[0m DIAG: ResponseSent event — response written to wire [3mpeer[0m[2m=[0m12D3KooWP3xpwmAoNWP3RboxdnMbaX94yTzW7WzgiZtJFDAWvdp1 [3mrequest_id[0m[2m=[0mInboundRequestId(73)
[2m2026-03-16T02:04:30.544830Z[0m [32m INFO[0m [2mswarmllm::network::manager[0m[2m:[0m Received request [3mpeer[0m[2m=[0m12D3KooWSUjzxjgP5ZfafMxfkMEMEo7RwrF7khpEAKaEMHgJ5Pfv [3mkind[0m[2m=[0m"message"
[2m2026-03-16T02:04:30.544925Z[0m [32m INFO[0m [2mswarmllm::network::manager[0m[2m:[0m DIAG: ResponseSent event — response written to wire [3mpeer[0m[2m=[0m12D3KooWSUjzxjgP5ZfafMxfkMEMEo7RwrF7khpEAKaEMHgJ5Pfv [3mrequest_id[0m[2m=[0mInboundRequestId(74)
[2m2026-03-16T02:04:37.333349Z[0m [32m INFO[0m [2mswarmllm::network::manager[0m[2m:[0m DIAG: received response [3mpeer[0m[2m=[0m12D3KooWP3xpwmAoNWP3RboxdnMbaX94yTzW7WzgiZtJFDAWvdp1 [3mkind[0m[2m=[0m"ack" [3mrequest_id[0m[2m=[0mOutboundRequestId(73) [3mwas_tensor_forward[0m[2m=[0mfalse [3mpending_tensor_out[0m[2m=[0m0
[2m2026-03-16T02:04:37.335275Z[0m [32m INFO[0m [2mswarmllm::daemon::dispatch[0m[2m:[0m Received shard announce from peer [3mnode_id[0m[2m=[0mc4a3ab5093da731a [3mshards[0m[2m=[0m6
[2m2026-03-16T02:04:37.336319Z[0m [32m INFO[0m [2mswarmllm::daemon::dispatch[0m[2m:[0m Received model manifest from network [3mmodel[0m[2m=[0mqwen2.5-coder-7b-instruct-q4-k-m [3mname[0m[2m=[0mQwen2.5 Coder 7B Instruct GGUF [3mshards[0m[2m=[0m8 [3mpublisher[0m[2m=[0mc4a3ab5093da731a
[2m2026-03-16T02:04:37.336439Z[0m [32m INFO[0m [2mswarmllm::model::registry[0m[2m:[0m DIAG: register_manifest [3mmodel[0m[2m=[0mqwen2.5-coder-7b-instruct-q4-k-m [3mname[0m[2m=[0mQwen2.5 Coder 7B Instruct GGUF [3mschema_version[0m[2m=[0m2 [3mshard_count[0m[2m=[0m8
[2m2026-03-16T02:04:39.071329Z[0m [32m INFO[0m [2mswarmllm::network::manager[0m[2m:[0m DIAG: received response [3mpeer[0m[2m=[0m12D3KooWSUjzxjgP5ZfafMxfkMEMEo7RwrF7khpEAKaEMHgJ5Pfv [3mkind[0m[2m=[0m"ack" [3mrequest_id[0m[2m=[0mOutboundRequestId(74) [3mwas_tensor_forward[0m[2m=[0mfalse [3mpending_tensor_out[0m[2m=[0m0
[2m2026-03-16T02:04:39.073244Z[0m [32m INFO[0m [2mswarmllm::daemon::dispatch[0m[2m:[0m Received shard announce from peer [3mnode_id[0m[2m=[0mf78fbf0fba02769a [3mshards[0m[2m=[0m9
[2m2026-03-16T02:04:49.106347Z[0m [33m WARN[0m [2mswarmllm::api::middleware[0m[2m:[0m Rate limit exceeded [3mip[0m[2m=[0m127.0.0.1 [3mpath[0m[2m=[0m/api/admin/providers
[2m2026-03-16T02:04:57.616235Z[0m [32m INFO[0m [2mswarmllm::network::manager[0m[2m:[0m DIAG: rr_ping sent (health check) [3mpeer_id[0m[2m=[0m12D3KooWSUjzxjgP5ZfafMxfkMEMEo7RwrF7khpEAKaEMHgJ5Pfv [3moutbound_id[0m[2m=[0mOutboundRequestId(75) [3mseq[0m[2m=[0m7 [3mrr_connected[0m[2m=[0mtrue [3mtotal_peers[0m[2m=[0m2 [3mpending_tensor_out[0m[2m=[0m0
[2m2026-03-16T02:04:57.616294Z[0m [32m INFO[0m [2mswarmllm::network::manager[0m[2m:[0m DIAG: rr_ping sent (health check) [3mpeer_id[0m[2m=[0m12D3KooWP3xpwmAoNWP3RboxdnMbaX94yTzW7WzgiZtJFDAWvdp1 [3moutbound_id[0m[2m=[0mOutboundRequestId(76) [3mseq[0m[2m=[0m7 [3mrr_connected[0m[2m=[0mtrue [3mtotal_peers[0m[2m=[0m2 [3mpending_tensor_out[0m[2m=[0m0
[2m2026-03-16T02:04:57.617650Z[0m [32m INFO[0m [2mswarmllm::network::manager[0m[2m:[0m DIAG: received response [3mpeer[0m[2m=[0m12D3KooWSUjzxjgP5ZfafMxfkMEMEo7RwrF7khpEAKaEMHgJ5Pfv [3mkind[0m[2m=[0m"message" [3mrequest_id[0m[2m=[0mOutboundRequestId(75) [3mwas_tensor_forward[0m[2m=[0mfalse [3mpending_tensor_out[0m[2m=[0m0
[2m2026-03-16T02:04:57.617702Z[0m [32m INFO[0m [2mswarmllm::network::manager[0m[2m:[0m DIAG: received response [3mpeer[0m[2m=[0m12D3KooWP3xpwmAoNWP3RboxdnMbaX94yTzW7WzgiZtJFDAWvdp1 [3mkind[0m[2m=[0m"message" [3mrequest_id[0m[2m=[0mOutboundRequestId(76) [3mwas_tensor_forward[0m[2m=[0mfalse [3mpending_tensor_out[0m[2m=[0m0
[2m2026-03-16T02:04:57.618190Z[0m [32m INFO[0m [2mswarmllm::network::manager[0m[2m:[0m Received request [3mpeer[0m[2m=[0m12D3KooWSUjzxjgP5ZfafMxfkMEMEo7RwrF7khpEAKaEMHgJ5Pfv [3mkind[0m[2m=[0m"message"
[2m2026-03-16T02:04:57.618350Z[0m [32m INFO[0m [2mswarmllm::network::manager[0m[2m:[0m DIAG: ResponseSent event — response written to wire [3mpeer[0m[2m=[0m12D3KooWSUjzxjgP5ZfafMxfkMEMEo7RwrF7khpEAKaEMHgJ5Pfv [3mrequest_id[0m[2m=[0mInboundRequestId(75)
[2m2026-03-16T02:04:57.618372Z[0m [32m INFO[0m [2mswarmllm::network::manager[0m[2m:[0m Received request [3mpeer[0m[2m=[0m12D3KooWP3xpwmAoNWP3RboxdnMbaX94yTzW7WzgiZtJFDAWvdp1 [3mkind[0m[2m=[0m"message"
[2m2026-03-16T02:04:57.618447Z[0m [32m INFO[0m [2mswarmllm::network::manager[0m[2m:[0m DIAG: ResponseSent event — response written to wire [3mpeer[0m[2m=[0m12D3KooWP3xpwmAoNWP3RboxdnMbaX94yTzW7WzgiZtJFDAWvdp1 [3mrequest_id[0m[2m=[0mInboundRequestId(76)
[2m2026-03-16T02:05:04.407267Z[0m [32m INFO[0m [2mswarmllm::network::manager[0m[2m:[0m Received request [3mpeer[0m[2m=[0m12D3KooWP3xpwmAoNWP3RboxdnMbaX94yTzW7WzgiZtJFDAWvdp1 [3mkind[0m[2m=[0m"message"
[2m2026-03-16T02:05:04.407452Z[0m [32m INFO[0m [2mswarmllm::network::manager[0m[2m:[0m DIAG: ResponseSent event — response written to wire [3mpeer[0m[2m=[0m12D3KooWP3xpwmAoNWP3RboxdnMbaX94yTzW7WzgiZtJFDAWvdp1 [3mrequest_id[0m[2m=[0mInboundRequestId(77)
[2m2026-03-16T02:05:04.408265Z[0m [32m INFO[0m [2mswarmllm::network::manager[0m[2m:[0m DIAG: received response [3mpeer[0m[2m=[0m12D3KooWP3xpwmAoNWP3RboxdnMbaX94yTzW7WzgiZtJFDAWvdp1 [3mkind[0m[2m=[0m"ack" [3mrequest_id[0m[2m=[0mOutboundRequestId(77) [3mwas_tensor_forward[0m[2m=[0mfalse [3mpending_tensor_out[0m[2m=[0m0
[2m2026-03-16T02:05:04.411546Z[0m [32m INFO[0m [2mswarmllm::daemon::dispatch[0m[2m:[0m Received shard announce from peer [3mnode_id[0m[2m=[0mc4a3ab5093da731a [3mshards[0m[2m=[0m6
[2m2026-03-16T02:05:04.411580Z[0m [32m INFO[0m [2mswarmllm::daemon::dispatch[0m[2m:[0m Received model manifest from network [3mmodel[0m[2m=[0mqwen2.5-coder-7b-instruct-q4-k-m [3mname[0m[2m=[0mQwen2.5 Coder 7B Instruct GGUF [3mshards[0m[2m=[0m8 [3mpublisher[0m[2m=[0mc4a3ab5093da731a
[2m2026-03-16T02:05:04.411726Z[0m [32m INFO[0m [2mswarmllm::model::registry[0m[2m:[0m DIAG: register_manifest [3mmodel[0m[2m=[0mqwen2.5-coder-7b-instruct-q4-k-m [3mname[0m[2m=[0mQwen2.5 Coder 7B Instruct GGUF [3mschema_version[0m[2m=[0m2 [3mshard_count[0m[2m=[0m8
[2m2026-03-16T02:05:06.142870Z[0m [32m INFO[0m [2mswarmllm::network::manager[0m[2m:[0m Received request [3mpeer[0m[2m=[0m12D3KooWSUjzxjgP5ZfafMxfkMEMEo7RwrF7khpEAKaEMHgJ5Pfv [3mkind[0m[2m=[0m"message"
[2m2026-03-16T02:05:06.143215Z[0m [32m INFO[0m [2mswarmllm::network::manager[0m[2m:[0m DIAG: ResponseSent event — response written to wire [3mpeer[0m[2m=[0m12D3KooWSUjzxjgP5ZfafMxfkMEMEo7RwrF7khpEAKaEMHgJ5Pfv [3mrequest_id[0m[2m=[0mInboundRequestId(78)
[2m2026-03-16T02:05:06.143858Z[0m [32m INFO[0m [2mswarmllm::network::manager[0m[2m:[0m DIAG: received response [3mpeer[0m[2m=[0m12D3KooWSUjzxjgP5ZfafMxfkMEMEo7RwrF7khpEAKaEMHgJ5Pfv [3mkind[0m[2m=[0m"ack" [3mrequest_id[0m[2m=[0mOutboundRequestId(78) [3mwas_tensor_forward[0m[2m=[0mfalse [3mpending_tensor_out[0m[2m=[0m0
[2m2026-03-16T02:05:06.145781Z[0m [32m INFO[0m [2mswarmllm::daemon::dispatch[0m[2m:[0m Received shard announce from peer [3mnode_id[0m[2m=[0mf78fbf0fba02769a [3mshards[0m[2m=[0m9
[2m2026-03-16T02:05:25.089701Z[0m [32m INFO[0m [2mswarmllm::network::manager[0m[2m:[0m Received request [3mpeer[0m[2m=[0m12D3KooWSUjzxjgP5ZfafMxfkMEMEo7RwrF7khpEAKaEMHgJ5Pfv [3mkind[0m[2m=[0m"message"
[2m2026-03-16T02:05:25.089856Z[0m [32m INFO[0m [2mswarmllm::network::manager[0m[2m:[0m DIAG: ResponseSent event — response written to wire [3mpeer[0m[2m=[0m12D3KooWSUjzxjgP5ZfafMxfkMEMEo7RwrF7khpEAKaEMHgJ5Pfv [3mrequest_id[0m[2m=[0mInboundRequestId(79)
[2m2026-03-16T02:05:25.089876Z[0m [32m INFO[0m [2mswarmllm::network::manager[0m[2m:[0m Received request [3mpeer[0m[2m=[0m12D3KooWP3xpwmAoNWP3RboxdnMbaX94yTzW7WzgiZtJFDAWvdp1 [3mkind[0m[2m=[0m"message"
[2m2026-03-16T02:05:25.089960Z[0m [32m INFO[0m [2mswarmllm::network::manager[0m[2m:[0m DIAG: ResponseSent event — response written to wire [3mpeer[0m[2m=[0m12D3KooWP3xpwmAoNWP3RboxdnMbaX94yTzW7WzgiZtJFDAWvdp1 [3mrequest_id[0m[2m=[0mInboundRequestId(80)
[2m2026-03-16T02:05:31.875420Z[0m [32m INFO[0m [2mswarmllm::network::manager[0m[2m:[0m DIAG: received response [3mpeer[0m[2m=[0m12D3KooWP3xpwmAoNWP3RboxdnMbaX94yTzW7WzgiZtJFDAWvdp1 [3mkind[0m[2m=[0m"ack" [3mrequest_id[0m[2m=[0mOutboundRequestId(79) [3mwas_tensor_forward[0m[2m=[0mfalse [3mpending_tensor_out[0m[2m=[0m0
[2m2026-03-16T02:05:31.876926Z[0m [32m INFO[0m [2mswarmllm::daemon::dispatch[0m[2m:[0m Received shard announce from peer [3mnode_id[0m[2m=[0mc4a3ab5093da731a [3mshards[0m[2m=[0m6
[2m2026-03-16T02:05:31.877942Z[0m [32m INFO[0m [2mswarmllm::daemon::dispatch[0m[2m:[0m Received model manifest from network [3mmodel[0m[2m=[0mqwen2.5-coder-7b-instruct-q4-k-m [3mname[0m[2m=[0mQwen2.5 Coder 7B Instruct GGUF [3mshards[0m[2m=[0m8 [3mpublisher[0m[2m=[0mc4a3ab5093da731a
[2m2026-03-16T02:05:31.878130Z[0m [32m INFO[0m [2mswarmllm::model::registry[0m[2m:[0m DIAG: register_manifest [3mmodel[0m[2m=[0mqwen2.5-coder-7b-instruct-q4-k-m [3mname[0m[2m=[0mQwen2.5 Coder 7B Instruct GGUF [3mschema_version[0m[2m=[0m2 [3mshard_count[0m[2m=[0m8
[2m2026-03-16T02:05:33.615241Z[0m [32m INFO[0m [2mswarmllm::network::manager[0m[2m:[0m DIAG: received response [3mpeer[0m[2m=[0m12D3KooWSUjzxjgP5ZfafMxfkMEMEo7RwrF7khpEAKaEMHgJ5Pfv [3mkind[0m[2m=[0m"ack" [3mrequest_id[0m[2m=[0mOutboundRequestId(80) [3mwas_tensor_forward[0m[2m=[0mfalse [3mpending_tensor_out[0m[2m=[0m0
[2m2026-03-16T02:05:33.617359Z[0m [32m INFO[0m [2mswarmllm::daemon::dispatch[0m[2m:[0m Received shard announce from peer [3mnode_id[0m[2m=[0mf78fbf0fba02769a [3mshards[0m[2m=[0m9
[2m2026-03-16T02:05:52.105292Z[0m [32m INFO[0m [2mswarmllm::credit::ledger[0m[2m:[0m Gossiping credit balance [3mbalance_bucket[0m[2m=[0m-21800 [3mtier[0m[2m=[0mBronze
[2m2026-03-16T02:05:52.105453Z[0m [32m INFO[0m [2mswarmllm::network::peer_cache[0m[2m:[0m Loaded cached peers from last session [3mcount[0m[2m=[0m6
[2m2026-03-16T02:05:52.116390Z[0m [32m INFO[0m [2mswarmllm::network::manager[0m[2m:[0m Received request [3mpeer[0m[2m=[0m12D3KooWP3xpwmAoNWP3RboxdnMbaX94yTzW7WzgiZtJFDAWvdp1 [3mkind[0m[2m=[0m"message"
[2m2026-03-16T02:05:52.116443Z[0m [32m INFO[0m [2mswarmllm::network::manager[0m[2m:[0m Received request [3mpeer[0m[2m=[0m12D3KooWSUjzxjgP5ZfafMxfkMEMEo7RwrF7khpEAKaEMHgJ5Pfv [3mkind[0m[2m=[0m"message"
[2m2026-03-16T02:05:52.116457Z[0m [32m INFO[0m [2mswarmllm::network::manager[0m[2m:[0m DIAG: ResponseSent event — response written to wire [3mpeer[0m[2m=[0m12D3KooWP3xpwmAoNWP3RboxdnMbaX94yTzW7WzgiZtJFDAWvdp1 [3mrequest_id[0m[2m=[0mInboundRequestId(82)
[2m2026-03-16T02:05:52.116497Z[0m [32m INFO[0m [2mswarmllm::network::manager[0m[2m:[0m DIAG: ResponseSent event — response written to wire [3mpeer[0m[2m=[0m12D3KooWSUjzxjgP5ZfafMxfkMEMEo7RwrF7khpEAKaEMHgJ5Pfv [3mrequest_id[0m[2m=[0mInboundRequestId(81)
[2m2026-03-16T02:05:58.899986Z[0m [32m INFO[0m [2mswarmllm::network::manager[0m[2m:[0m DIAG: key exchange initiated [3mpeer_id[0m[2m=[0m12D3KooWP3xpwmAoNWP3RboxdnMbaX94yTzW7WzgiZtJFDAWvdp1 [3mnode_id[0m[2m=[0mc4a3ab5093da731a [3msession_type[0m[2m=[0m"static"
[2m2026-03-16T02:05:58.900101Z[0m [32m INFO[0m [2mswarmllm::network::manager[0m[2m:[0m DIAG: encryption session established [3mpeer_id[0m[2m=[0m12D3KooWP3xpwmAoNWP3RboxdnMbaX94yTzW7WzgiZtJFDAWvdp1 [3mnode_id[0m[2m=[0mc4a3ab5093da731a [3msession_type[0m[2m=[0m"static" [3msession_count[0m[2m=[0m2
[2m2026-03-16T02:05:58.904990Z[0m [32m INFO[0m [2mswarmllm::daemon::dispatch[0m[2m:[0m Received shard announce from peer [3mnode_id[0m[2m=[0mc4a3ab5093da731a [3mshards[0m[2m=[0m6
[2m2026-03-16T02:05:58.906216Z[0m [32m INFO[0m [2mswarmllm::network::manager[0m[2m:[0m DIAG: received response [3mpeer[0m[2m=[0m12D3KooWP3xpwmAoNWP3RboxdnMbaX94yTzW7WzgiZtJFDAWvdp1 [3mkind[0m[2m=[0m"ack" [3mrequest_id[0m[2m=[0mOutboundRequestId(81) [3mwas_tensor_forward[0m[2m=[0mfalse [3mpending_tensor_out[0m[2m=[0m0
[2m2026-03-16T02:05:58.906266Z[0m [32m INFO[0m [2mswarmllm::daemon::dispatch[0m[2m:[0m Received model manifest from network [3mmodel[0m[2m=[0mqwen2.5-coder-7b-instruct-q4-k-m [3mname[0m[2m=[0mQwen2.5 Coder 7B Instruct GGUF [3mshards[0m[2m=[0m8 [3mpublisher[0m[2m=[0mc4a3ab5093da731a
[2m2026-03-16T02:05:58.906420Z[0m [32m INFO[0m [2mswarmllm::model::registry[0m[2m:[0m DIAG: register_manifest [3mmodel[0m[2m=[0mqwen2.5-coder-7b-instruct-q4-k-m [3mname[0m[2m=[0mQwen2.5 Coder 7B Instruct GGUF [3mschema_version[0m[2m=[0m2 [3mshard_count[0m[2m=[0m8
[2m2026-03-16T02:06:00.653301Z[0m [32m INFO[0m [2mswarmllm::daemon::dispatch[0m[2m:[0m Received shard announce from peer [3mnode_id[0m[2m=[0mf78fbf0fba02769a [3mshards[0m[2m=[0m9
[2m2026-03-16T02:06:00.653300Z[0m [32m INFO[0m [2mswarmllm::network::manager[0m[2m:[0m DIAG: key exchange initiated [3mpeer_id[0m[2m=[0m12D3KooWSUjzxjgP5ZfafMxfkMEMEo7RwrF7khpEAKaEMHgJ5Pfv [3mnode_id[0m[2m=[0mf78fbf0fba02769a [3msession_type[0m[2m=[0m"static"
[2m2026-03-16T02:06:00.653487Z[0m [32m INFO[0m [2mswarmllm::network::manager[0m[2m:[0m DIAG: encryption session established [3mpeer_id[0m[2m=[0m12D3KooWSUjzxjgP5ZfafMxfkMEMEo7RwrF7khpEAKaEMHgJ5Pfv [3mnode_id[0m[2m=[0mf78fbf0fba02769a [3msession_type[0m[2m=[0m"static" [3msession_count[0m[2m=[0m2
[2m2026-03-16T02:06:00.654315Z[0m [32m INFO[0m [2mswarmllm::network::manager[0m[2m:[0m DIAG: received response [3mpeer[0m[2m=[0m12D3KooWSUjzxjgP5ZfafMxfkMEMEo7RwrF7khpEAKaEMHgJ5Pfv [3mkind[0m[2m=[0m"ack" [3mrequest_id[0m[2m=[0mOutboundRequestId(82) [3mwas_tensor_forward[0m[2m=[0mfalse [3mpending_tensor_out[0m[2m=[0m0
[2m2026-03-16T02:06:19.602869Z[0m [32m INFO[0m [2mswarmllm::network::manager[0m[2m:[0m Received request [3mpeer[0m[2m=[0m12D3KooWSUjzxjgP5ZfafMxfkMEMEo7RwrF7khpEAKaEMHgJ5Pfv [3mkind[0m[2m=[0m"message"
[2m2026-03-16T02:06:19.602949Z[0m [32m INFO[0m [2mswarmllm::network::manager[0m[2m:[0m Received request [3mpeer[0m[2m=[0m12D3KooWP3xpwmAoNWP3RboxdnMbaX94yTzW7WzgiZtJFDAWvdp1 [3mkind[0m[2m=[0m"message"
[2m2026-03-16T02:06:19.603067Z[0m [32m INFO[0m [2mswarmllm::network::manager[0m[2m:[0m DIAG: ResponseSent event — response written to wire [3mpeer[0m[2m=[0m12D3KooWSUjzxjgP5ZfafMxfkMEMEo7RwrF7khpEAKaEMHgJ5Pfv [3mrequest_id[0m[2m=[0mInboundRequestId(84)
[2m2026-03-16T02:06:19.603102Z[0m [32m INFO[0m [2mswarmllm::network::manager[0m[2m:[0m DIAG: ResponseSent event — response written to wire [3mpeer[0m[2m=[0m12D3KooWP3xpwmAoNWP3RboxdnMbaX94yTzW7WzgiZtJFDAWvdp1 [3mrequest_id[0m[2m=[0mInboundRequestId(83)
[2m2026-03-16T02:06:26.389540Z[0m [32m INFO[0m [2mswarmllm::network::manager[0m[2m:[0m DIAG: received response [3mpeer[0m[2m=[0m12D3KooWP3xpwmAoNWP3RboxdnMbaX94yTzW7WzgiZtJFDAWvdp1 [3mkind[0m[2m=[0m"ack" [3mrequest_id[0m[2m=[0mOutboundRequestId(83) [3mwas_tensor_forward[0m[2m=[0mfalse [3mpending_tensor_out[0m[2m=[0m0
[2m2026-03-16T02:06:26.392301Z[0m [32m INFO[0m [2mswarmllm::daemon::dispatch[0m[2m:[0m Received shard announce from peer [3mnode_id[0m[2m=[0mc4a3ab5093da731a [3mshards[0m[2m=[0m6
[2m2026-03-16T02:06:26.392357Z[0m [32m INFO[0m [2mswarmllm::daemon::dispatch[0m[2m:[0m Received model manifest from network [3mmodel[0m[2m=[0mqwen2.5-coder-7b-instruct-q4-k-m [3mname[0m[2m=[0mQwen2.5 Coder 7B Instruct GGUF [3mshards[0m[2m=[0m8 [3mpublisher[0m[2m=[0mc4a3ab5093da731a
[2m2026-03-16T02:06:26.392461Z[0m [32m INFO[0m [2mswarmllm::model::registry[0m[2m:[0m DIAG: register_manifest [3mmodel[0m[2m=[0mqwen2.5-coder-7b-instruct-q4-k-m [3mname[0m[2m=[0mQwen2.5 Coder 7B Instruct GGUF [3mschema_version[0m[2m=[0m2 [3mshard_count[0m[2m=[0m8
[2m2026-03-16T02:06:28.128705Z[0m [32m INFO[0m [2mswarmllm::network::manager[0m[2m:[0m DIAG: received response [3mpeer[0m[2m=[0m12D3KooWSUjzxjgP5ZfafMxfkMEMEo7RwrF7khpEAKaEMHgJ5Pfv [3mkind[0m[2m=[0m"ack" [3mrequest_id[0m[2m=[0mOutboundRequestId(84) [3mwas_tensor_forward[0m[2m=[0mfalse [3mpending_tensor_out[0m[2m=[0m0
[2m2026-03-16T02:06:28.130843Z[0m [32m INFO[0m [2mswarmllm::daemon::dispatch[0m[2m:[0m Received shard announce from peer [3mnode_id[0m[2m=[0mf78fbf0fba02769a [3mshards[0m[2m=[0m9
[2m2026-03-16T02:06:46.905068Z[0m [32m INFO[0m [2mswarmllm::network::manager[0m[2m:[0m DIAG: rr_ping sent (health check) [3mpeer_id[0m[2m=[0m12D3KooWSUjzxjgP5ZfafMxfkMEMEo7RwrF7khpEAKaEMHgJ5Pfv [3moutbound_id[0m[2m=[0mOutboundRequestId(85) [3mseq[0m[2m=[0m8 [3mrr_connected[0m[2m=[0mtrue [3mtotal_peers[0m[2m=[0m2 [3mpending_tensor_out[0m[2m=[0m0
[2m2026-03-16T02:06:46.905141Z[0m [32m INFO[0m [2mswarmllm::network::manager[0m[2m:[0m DIAG: rr_ping sent (health check) [3mpeer_id[0m[2m=[0m12D3KooWP3xpwmAoNWP3RboxdnMbaX94yTzW7WzgiZtJFDAWvdp1 [3moutbound_id[0m[2m=[0mOutboundRequestId(86) [3mseq[0m[2m=[0m8 [3mrr_connected[0m[2m=[0mtrue [3mtotal_peers[0m[2m=[0m2 [3mpending_tensor_out[0m[2m=[0m0
[2m2026-03-16T02:06:46.906484Z[0m [32m INFO[0m [2mswarmllm::network::manager[0m[2m:[0m DIAG: received response [3mpeer[0m[2m=[0m12D3KooWP3xpwmAoNWP3RboxdnMbaX94yTzW7WzgiZtJFDAWvdp1 [3mkind[0m[2m=[0m"message" [3mrequest_id[0m[2m=[0mOutboundRequestId(86) [3mwas_tensor_forward[0m[2m=[0mfalse [3mpending_tensor_out[0m[2m=[0m0
[2m2026-03-16T02:06:46.906531Z[0m [32m INFO[0m [2mswarmllm::network::manager[0m[2m:[0m DIAG: received response [3mpeer[0m[2m=[0m12D3KooWSUjzxjgP5ZfafMxfkMEMEo7RwrF7khpEAKaEMHgJ5Pfv [3mkind[0m[2m=[0m"message" [3mrequest_id[0m[2m=[0mOutboundRequestId(85) [3mwas_tensor_forward[0m[2m=[0mfalse [3mpending_tensor_out[0m[2m=[0m0
[2m2026-03-16T02:06:46.906842Z[0m [32m INFO[0m [2mswarmllm::network::manager[0m[2m:[0m Received request [3mpeer[0m[2m=[0m12D3KooWP3xpwmAoNWP3RboxdnMbaX94yTzW7WzgiZtJFDAWvdp1 [3mkind[0m[2m=[0m"message"
[2m2026-03-16T02:06:46.906873Z[0m [32m INFO[0m [2mswarmllm::network::manager[0m[2m:[0m Received request [3mpeer[0m[2m=[0m12D3KooWSUjzxjgP5ZfafMxfkMEMEo7RwrF7khpEAKaEMHgJ5Pfv [3mkind[0m[2m=[0m"message"
[2m2026-03-16T02:06:46.906965Z[0m [32m INFO[0m [2mswarmllm::network::manager[0m[2m:[0m DIAG: ResponseSent event — response written to wire [3mpeer[0m[2m=[0m12D3KooWSUjzxjgP5ZfafMxfkMEMEo7RwrF7khpEAKaEMHgJ5Pfv [3mrequest_id[0m[2m=[0mInboundRequestId(86)
[2m2026-03-16T02:06:46.906999Z[0m [32m INFO[0m [2mswarmllm::network::manager[0m[2m:[0m DIAG: ResponseSent event — response written to wire [3mpeer[0m[2m=[0m12D3KooWP3xpwmAoNWP3RboxdnMbaX94yTzW7WzgiZtJFDAWvdp1 [3mrequest_id[0m[2m=[0mInboundRequestId(85)
[2m2026-03-16T02:06:53.692820Z[0m [32m INFO[0m [2mswarmllm::network::manager[0m[2m:[0m Received request [3mpeer[0m[2m=[0m12D3KooWP3xpwmAoNWP3RboxdnMbaX94yTzW7WzgiZtJFDAWvdp1 [3mkind[0m[2m=[0m"message"
[2m2026-03-16T02:06:53.693033Z[0m [32m INFO[0m [2mswarmllm::network::manager[0m[2m:[0m DIAG: ResponseSent event — response written to wire [3mpeer[0m[2m=[0m12D3KooWP3xpwmAoNWP3RboxdnMbaX94yTzW7WzgiZtJFDAWvdp1 [3mrequest_id[0m[2m=[0mInboundRequestId(87)
[2m2026-03-16T02:06:53.693685Z[0m [32m INFO[0m [2mswarmllm::network::manager[0m[2m:[0m DIAG: received response [3mpeer[0m[2m=[0m12D3KooWP3xpwmAoNWP3RboxdnMbaX94yTzW7WzgiZtJFDAWvdp1 [3mkind[0m[2m=[0m"ack" [3mrequest_id[0m[2m=[0mOutboundRequestId(87) [3mwas_tensor_forward[0m[2m=[0mfalse [3mpending_tensor_out[0m[2m=[0m0
[2m2026-03-16T02:06:53.695347Z[0m [32m INFO[0m [2mswarmllm::daemon::dispatch[0m[2m:[0m Received shard announce from peer [3mnode_id[0m[2m=[0mc4a3ab5093da731a [3mshards[0m[2m=[0m6
[2m2026-03-16T02:06:53.696692Z[0m [32m INFO[0m [2mswarmllm::daemon::dispatch[0m[2m:[0m Received model manifest from network [3mmodel[0m[2m=[0mqwen2.5-coder-7b-instruct-q4-k-m [3mname[0m[2m=[0mQwen2.5 Coder 7B Instruct GGUF [3mshards[0m[2m=[0m8 [3mpublisher[0m[2m=[0mc4a3ab5093da731a
[2m2026-03-16T02:06:53.697062Z[0m [32m INFO[0m [2mswarmllm::model::registry[0m[2m:[0m DIAG: register_manifest [3mmodel[0m[2m=[0mqwen2.5-coder-7b-instruct-q4-k-m [3mname[0m[2m=[0mQwen2.5 Coder 7B Instruct GGUF [3mschema_version[0m[2m=[0m2 [3mshard_count[0m[2m=[0m8
[2m2026-03-16T02:06:55.433716Z[0m [32m INFO[0m [2mswarmllm::network::manager[0m[2m:[0m Received request [3mpeer[0m[2m=[0m12D3KooWSUjzxjgP5ZfafMxfkMEMEo7RwrF7khpEAKaEMHgJ5Pfv [3mkind[0m[2m=[0m"message"
[2m2026-03-16T02:06:55.433927Z[0m [32m INFO[0m [2mswarmllm::network::manager[0m[2m:[0m DIAG: ResponseSent event — response written to wire [3mpeer[0m[2m=[0m12D3KooWSUjzxjgP5ZfafMxfkMEMEo7RwrF7khpEAKaEMHgJ5Pfv [3mrequest_id[0m[2m=[0mInboundRequestId(88)
[2m2026-03-16T02:06:55.434966Z[0m [32m INFO[0m [2mswarmllm::network::manager[0m[2m:[0m DIAG: received response [3mpeer[0m[2m=[0m12D3KooWSUjzxjgP5ZfafMxfkMEMEo7RwrF7khpEAKaEMHgJ5Pfv [3mkind[0m[2m=[0m"ack" [3mrequest_id[0m[2m=[0mOutboundRequestId(88) [3mwas_tensor_forward[0m[2m=[0mfalse [3mpending_tensor_out[0m[2m=[0m0
[2m2026-03-16T02:06:55.437070Z[0m [32m INFO[0m [2mswarmllm::daemon::dispatch[0m[2m:[0m Received shard announce from peer [3mnode_id[0m[2m=[0mf78fbf0fba02769a [3mshards[0m[2m=[0m9
[2m2026-03-16T02:07:14.082577Z[0m [32m INFO[0m [2mswarmllm::network::manager[0m[2m:[0m Received request [3mpeer[0m[2m=[0m12D3KooWSUjzxjgP5ZfafMxfkMEMEo7RwrF7khpEAKaEMHgJ5Pfv [3mkind[0m[2m=[0m"message"
[2m2026-03-16T02:07:14.082809Z[0m [32m INFO[0m [2mswarmllm::network::manager[0m[2m:[0m DIAG: ResponseSent event — response written to wire [3mpeer[0m[2m=[0m12D3KooWSUjzxjgP5ZfafMxfkMEMEo7RwrF7khpEAKaEMHgJ5Pfv [3mrequest_id[0m[2m=[0mInboundRequestId(89)
[2m2026-03-16T02:07:14.082833Z[0m [32m INFO[0m [2mswarmllm::network::manager[0m[2m:[0m Received request [3mpeer[0m[2m=[0m12D3KooWP3xpwmAoNWP3RboxdnMbaX94yTzW7WzgiZtJFDAWvdp1 [3mkind[0m[2m=[0m"message"
[2m2026-03-16T02:07:14.082978Z[0m [32m INFO[0m [2mswarmllm::network::manager[0m[2m:[0m DIAG: ResponseSent event — response written to wire [3mpeer[0m[2m=[0m12D3KooWP3xpwmAoNWP3RboxdnMbaX94yTzW7WzgiZtJFDAWvdp1 [3mrequest_id[0m[2m=[0mInboundRequestId(90)
[2m2026-03-16T02:07:20.869295Z[0m [32m INFO[0m [2mswarmllm::network::manager[0m[2m:[0m DIAG: received response [3mpeer[0m[2m=[0m12D3KooWP3xpwmAoNWP3RboxdnMbaX94yTzW7WzgiZtJFDAWvdp1 [3mkind[0m[2m=[0m"ack" [3mrequest_id[0m[2m=[0mOutboundRequestId(89) [3mwas_tensor_forward[0m[2m=[0mfalse [3mpending_tensor_out[0m[2m=[0m0
[2m2026-03-16T02:07:20.872234Z[0m [32m INFO[0m [2mswarmllm::daemon::dispatch[0m[2m:[0m Received shard announce from peer [3mnode_id[0m[2m=[0mc4a3ab5093da731a [3mshards[0m[2m=[0m6
[2m2026-03-16T02:07:20.872274Z[0m [32m INFO[0m [2mswarmllm::daemon::dispatch[0m[2m:[0m Received model manifest from network [3mmodel[0m[2m=[0mqwen2.5-coder-7b-instruct-q4-k-m [3mname[0m[2m=[0mQwen2.5 Coder 7B Instruct GGUF [3mshards[0m[2m=[0m8 [3mpublisher[0m[2m=[0mc4a3ab5093da731a
[2m2026-03-16T02:07:20.872386Z[0m [32m INFO[0m [2mswarmllm::model::registry[0m[2m:[0m DIAG: register_manifest [3mmodel[0m[2m=[0mqwen2.5-coder-7b-instruct-q4-k-m [3mname[0m[2m=[0mQwen2.5 Coder 7B Instruct GGUF [3mschema_version[0m[2m=[0m2 [3mshard_count[0m[2m=[0m8
[2m2026-03-16T02:07:22.608615Z[0m [32m INFO[0m [2mswarmllm::network::manager[0m[2m:[0m DIAG: received response [3mpeer[0m[2m=[0m12D3KooWSUjzxjgP5ZfafMxfkMEMEo7RwrF7khpEAKaEMHgJ5Pfv [3mkind[0m[2m=[0m"ack" [3mrequest_id[0m[2m=[0mOutboundRequestId(90) [3mwas_tensor_forward[0m[2m=[0mfalse [3mpending_tensor_out[0m[2m=[0m0
[2m2026-03-16T02:07:22.610251Z[0m [32m INFO[0m [2mswarmllm::daemon::dispatch[0m[2m:[0m Received shard announce from peer [3mnode_id[0m[2m=[0mf78fbf0fba02769a [3mshards[0m[2m=[0m9
[2m2026-03-16T02:07:41.447001Z[0m [32m INFO[0m [2mswarmllm::network::manager[0m[2m:[0m Received request [3mpeer[0m[2m=[0m12D3KooWP3xpwmAoNWP3RboxdnMbaX94yTzW7WzgiZtJFDAWvdp1 [3mkind[0m[2m=[0m"message"
[2m2026-03-16T02:07:41.447107Z[0m [32m INFO[0m [2mswarmllm::network::manager[0m[2m:[0m Received request [3mpeer[0m[2m=[0m12D3KooWSUjzxjgP5ZfafMxfkMEMEo7RwrF7khpEAKaEMHgJ5Pfv [3mkind[0m[2m=[0m"message"
[2m2026-03-16T02:07:41.447138Z[0m [32m INFO[0m [2mswarmllm::network::manager[0m[2m:[0m DIAG: ResponseSent event — response written to wire [3mpeer[0m[2m=[0m12D3KooWP3xpwmAoNWP3RboxdnMbaX94yTzW7WzgiZtJFDAWvdp1 [3mrequest_id[0m[2m=[0mInboundRequestId(92)
[2m2026-03-16T02:07:41.447213Z[0m [32m INFO[0m [2mswarmllm::network::manager[0m[2m:[0m DIAG: ResponseSent event — response written to wire [3mpeer[0m[2m=[0m12D3KooWSUjzxjgP5ZfafMxfkMEMEo7RwrF7khpEAKaEMHgJ5Pfv [3mrequest_id[0m[2m=[0mInboundRequestId(91)
[2m2026-03-16T02:07:48.231079Z[0m [32m INFO[0m [2mswarmllm::network::manager[0m[2m:[0m DIAG: received response [3mpeer[0m[2m=[0m12D3KooWP3xpwmAoNWP3RboxdnMbaX94yTzW7WzgiZtJFDAWvdp1 [3mkind[0m[2m=[0m"ack" [3mrequest_id[0m[2m=[0mOutboundRequestId(91) [3mwas_tensor_forward[0m[2m=[0mfalse [3mpending_tensor_out[0m[2m=[0m0
[2m2026-03-16T02:07:48.233757Z[0m [32m INFO[0m [2mswarmllm::daemon::dispatch[0m[2m:[0m Received shard announce from peer [3mnode_id[0m[2m=[0mc4a3ab5093da731a [3mshards[0m[2m=[0m6
[2m2026-03-16T02:07:48.235182Z[0m [32m INFO[0m [2mswarmllm::daemon::dispatch[0m[2m:[0m Received model manifest from network [3mmodel[0m[2m=[0mqwen2.5-coder-7b-instruct-q4-k-m [3mname[0m[2m=[0mQwen2.5 Coder 7B Instruct GGUF [3mshards[0m[2m=[0m8 [3mpublisher[0m[2m=[0mc4a3ab5093da731a
[2m2026-03-16T02:07:48.235368Z[0m [32m INFO[0m [2mswarmllm::model::registry[0m[2m:[0m DIAG: register_manifest [3mmodel[0m[2m=[0mqwen2.5-coder-7b-instruct-q4-k-m [3mname[0m[2m=[0mQwen2.5 Coder 7B Instruct GGUF [3mschema_version[0m[2m=[0m2 [3mshard_count[0m[2m=[0m8
[2m2026-03-16T02:07:49.971151Z[0m [32m INFO[0m [2mswarmllm::network::manager[0m[2m:[0m DIAG: received response [3mpeer[0m[2m=[0m12D3KooWSUjzxjgP5ZfafMxfkMEMEo7RwrF7khpEAKaEMHgJ5Pfv [3mkind[0m[2m=[0m"ack" [3mrequest_id[0m[2m=[0mOutboundRequestId(92) [3mwas_tensor_forward[0m[2m=[0mfalse [3mpending_tensor_out[0m[2m=[0m0
[2m2026-03-16T02:07:49.975135Z[0m [32m INFO[0m [2mswarmllm::daemon::dispatch[0m[2m:[0m Received shard announce from peer [3mnode_id[0m[2m=[0mf78fbf0fba02769a [3mshards[0m[2m=[0m9
[2m2026-03-16T02:08:08.589399Z[0m [32m INFO[0m [2mswarmllm::network::manager[0m[2m:[0m Received request [3mpeer[0m[2m=[0m12D3KooWSUjzxjgP5ZfafMxfkMEMEo7RwrF7khpEAKaEMHgJ5Pfv [3mkind[0m[2m=[0m"message"
[2m2026-03-16T02:08:08.589501Z[0m [32m INFO[0m [2mswarmllm::network::manager[0m[2m:[0m Received request [3mpeer[0m[2m=[0m12D3KooWP3xpwmAoNWP3RboxdnMbaX94yTzW7WzgiZtJFDAWvdp1 [3mkind[0m[2m=[0m"message"
[2m2026-03-16T02:08:08.589601Z[0m [32m INFO[0m [2mswarmllm::network::manager[0m[2m:[0m DIAG: ResponseSent event — response written to wire [3mpeer[0m[2m=[0m12D3KooWSUjzxjgP5ZfafMxfkMEMEo7RwrF7khpEAKaEMHgJ5Pfv [3mrequest_id[0m[2m=[0mInboundRequestId(93)
[2m2026-03-16T02:08:08.589624Z[0m [32m INFO[0m [2mswarmllm::network::manager[0m[2m:[0m DIAG: ResponseSent event — response written to wire [3mpeer[0m[2m=[0m12D3KooWP3xpwmAoNWP3RboxdnMbaX94yTzW7WzgiZtJFDAWvdp1 [3mrequest_id[0m[2m=[0mInboundRequestId(94)
[2m2026-03-16T02:08:15.373593Z[0m [32m INFO[0m [2mswarmllm::network::manager[0m[2m:[0m DIAG: received response [3mpeer[0m[2m=[0m12D3KooWP3xpwmAoNWP3RboxdnMbaX94yTzW7WzgiZtJFDAWvdp1 [3mkind[0m[2m=[0m"ack" [3mrequest_id[0m[2m=[0mOutboundRequestId(93) [3mwas_tensor_forward[0m[2m=[0mfalse [3mpending_tensor_out[0m[2m=[0m0
[2m2026-03-16T02:08:15.376254Z[0m [32m INFO[0m [2mswarmllm::daemon::dispatch[0m[2m:[0m Received shard announce from peer [3mnode_id[0m[2m=[0mc4a3ab5093da731a [3mshards[0m[2m=[0m6
[2m2026-03-16T02:08:15.376296Z[0m [32m INFO[0m [2mswarmllm::daemon::dispatch[0m[2m:[0m Received model manifest from network [3mmodel[0m[2m=[0mqwen2.5-coder-7b-instruct-q4-k-m [3mname[0m[2m=[0mQwen2.5 Coder 7B Instruct GGUF [3mshards[0m[2m=[0m8 [3mpublisher[0m[2m=[0mc4a3ab5093da731a
[2m2026-03-16T02:08:15.376390Z[0m [32m INFO[0m [2mswarmllm::model::registry[0m[2m:[0m DIAG: register_manifest [3mmodel[0m[2m=[0mqwen2.5-coder-7b-instruct-q4-k-m [3mname[0m[2m=[0mQwen2.5 Coder 7B Instruct GGUF [3mschema_version[0m[2m=[0m2 [3mshard_count[0m[2m=[0m8
[2m2026-03-16T02:08:17.114065Z[0m [32m INFO[0m [2mswarmllm::network::manager[0m[2m:[0m DIAG: received response [3mpeer[0m[2m=[0m12D3KooWSUjzxjgP5ZfafMxfkMEMEo7RwrF7khpEAKaEMHgJ5Pfv [3mkind[0m[2m=[0m"ack" [3mrequest_id[0m[2m=[0mOutboundRequestId(94) [3mwas_tensor_forward[0m[2m=[0mfalse [3mpending_tensor_out[0m[2m=[0m0
[2m2026-03-16T02:08:17.116105Z[0m [32m INFO[0m [2mswarmllm::daemon::dispatch[0m[2m:[0m Received shard announce from peer [3mnode_id[0m[2m=[0mf78fbf0fba02769a [3mshards[0m[2m=[0m9
[2m2026-03-16T02:08:35.997568Z[0m [32m INFO[0m [2mswarmllm::network::manager[0m[2m:[0m DIAG: rr_ping sent (health check) [3mpeer_id[0m[2m=[0m12D3KooWSUjzxjgP5ZfafMxfkMEMEo7RwrF7khpEAKaEMHgJ5Pfv [3moutbound_id[0m[2m=[0mOutboundRequestId(95) [3mseq[0m[2m=[0m9 [3mrr_connected[0m[2m=[0mtrue [3mtotal_peers[0m[2m=[0m2 [3mpending_tensor_out[0m[2m=[0m0
[2m2026-03-16T02:08:35.997625Z[0m [32m INFO[0m [2mswarmllm::network::manager[0m[2m:[0m DIAG: rr_ping sent (health check) [3mpeer_id[0m[2m=[0m12D3KooWP3xpwmAoNWP3RboxdnMbaX94yTzW7WzgiZtJFDAWvdp1 [3moutbound_id[0m[2m=[0mOutboundRequestId(96) [3mseq[0m[2m=[0m9 [3mrr_connected[0m[2m=[0mtrue [3mtotal_peers[0m[2m=[0m2 [3mpending_tensor_out[0m[2m=[0m0
[2m2026-03-16T02:08:35.998748Z[0m [32m INFO[0m [2mswarmllm::network::manager[0m[2m:[0m DIAG: received response [3mpeer[0m[2m=[0m12D3KooWP3xpwmAoNWP3RboxdnMbaX94yTzW7WzgiZtJFDAWvdp1 [3mkind[0m[2m=[0m"message" [3mrequest_id[0m[2m=[0mOutboundRequestId(96) [3mwas_tensor_forward[0m[2m=[0mfalse [3mpending_tensor_out[0m[2m=[0m0
[2m2026-03-16T02:08:35.998986Z[0m [32m INFO[0m [2mswarmllm::network::manager[0m[2m:[0m Received request [3mpeer[0m[2m=[0m12D3KooWP3xpwmAoNWP3RboxdnMbaX94yTzW7WzgiZtJFDAWvdp1 [3mkind[0m[2m=[0m"message"
[2m2026-03-16T02:08:35.999048Z[0m [32m INFO[0m [2mswarmllm::network::manager[0m[2m:[0m DIAG: received response [3mpeer[0m[2m=[0m12D3KooWSUjzxjgP5ZfafMxfkMEMEo7RwrF7khpEAKaEMHgJ5Pfv [3mkind[0m[2m=[0m"message" [3mrequest_id[0m[2m=[0mOutboundRequestId(95) [3mwas_tensor_forward[0m[2m=[0mfalse [3mpending_tensor_out[0m[2m=[0m0
[2m2026-03-16T02:08:35.999089Z[0m [32m INFO[0m [2mswarmllm::network::manager[0m[2m:[0m Received request [3mpeer[0m[2m=[0m12D3KooWSUjzxjgP5ZfafMxfkMEMEo7RwrF7khpEAKaEMHgJ5Pfv [3mkind[0m[2m=[0m"message"
[2m2026-03-16T02:08:35.999234Z[0m [32m INFO[0m [2mswarmllm::network::manager[0m[2m:[0m DIAG: ResponseSent event — response written to wire [3mpeer[0m[2m=[0m12D3KooWSUjzxjgP5ZfafMxfkMEMEo7RwrF7khpEAKaEMHgJ5Pfv [3mrequest_id[0m[2m=[0mInboundRequestId(96)
[2m2026-03-16T02:08:35.999257Z[0m [32m INFO[0m [2mswarmllm::network::manager[0m[2m:[0m DIAG: ResponseSent event — response written to wire [3mpeer[0m[2m=[0m12D3KooWP3xpwmAoNWP3RboxdnMbaX94yTzW7WzgiZtJFDAWvdp1 [3mrequest_id[0m[2m=[0mInboundRequestId(95)
[2m2026-03-16T02:08:42.785962Z[0m [32m INFO[0m [2mswarmllm::network::manager[0m[2m:[0m Received request [3mpeer[0m[2m=[0m12D3KooWP3xpwmAoNWP3RboxdnMbaX94yTzW7WzgiZtJFDAWvdp1 [3mkind[0m[2m=[0m"message"
[2m2026-03-16T02:08:42.786159Z[0m [32m INFO[0m [2mswarmllm::network::manager[0m[2m:[0m DIAG: ResponseSent event — response written to wire [3mpeer[0m[2m=[0m12D3KooWP3xpwmAoNWP3RboxdnMbaX94yTzW7WzgiZtJFDAWvdp1 [3mrequest_id[0m[2m=[0mInboundRequestId(97)
[2m2026-03-16T02:08:42.787174Z[0m [32m INFO[0m [2mswarmllm::network::manager[0m[2m:[0m DIAG: received response [3mpeer[0m[2m=[0m12D3KooWP3xpwmAoNWP3RboxdnMbaX94yTzW7WzgiZtJFDAWvdp1 [3mkind[0m[2m=[0m"ack" [3mrequest_id[0m[2m=[0mOutboundRequestId(97) [3mwas_tensor_forward[0m[2m=[0mfalse [3mpending_tensor_out[0m[2m=[0m0
[2m2026-03-16T02:08:42.789334Z[0m [32m INFO[0m [2mswarmllm::daemon::dispatch[0m[2m:[0m Received shard announce from peer [3mnode_id[0m[2m=[0mc4a3ab5093da731a [3mshards[0m[2m=[0m6
[2m2026-03-16T02:08:42.790807Z[0m [32m INFO[0m [2mswarmllm::daemon::dispatch[0m[2m:[0m Received model manifest from network [3mmodel[0m[2m=[0mqwen2.5-coder-7b-instruct-q4-k-m [3mname[0m[2m=[0mQwen2.5 Coder 7B Instruct GGUF [3mshards[0m[2m=[0m8 [3mpublisher[0m[2m=[0mc4a3ab5093da731a
[2m2026-03-16T02:08:42.791008Z[0m [32m INFO[0m [2mswarmllm::model::registry[0m[2m:[0m DIAG: register_manifest [3mmodel[0m[2m=[0mqwen2.5-coder-7b-instruct-q4-k-m [3mname[0m[2m=[0mQwen2.5 Coder 7B Instruct GGUF [3mschema_version[0m[2m=[0m2 [3mshard_count[0m[2m=[0m8
[2m2026-03-16T02:08:44.557907Z[0m [32m INFO[0m [2mswarmllm::network::manager[0m[2m:[0m Received request [3mpeer[0m[2m=[0m12D3KooWSUjzxjgP5ZfafMxfkMEMEo7RwrF7khpEAKaEMHgJ5Pfv [3mkind[0m[2m=[0m"message"
[2m2026-03-16T02:08:44.558081Z[0m [32m INFO[0m [2mswarmllm::network::manager[0m[2m:[0m DIAG: ResponseSent event — response written to wire [3mpeer[0m[2m=[0m12D3KooWSUjzxjgP5ZfafMxfkMEMEo7RwrF7khpEAKaEMHgJ5Pfv [3mrequest_id[0m[2m=[0mInboundRequestId(98)
[2m2026-03-16T02:08:44.559002Z[0m [32m INFO[0m [2mswarmllm::network::manager[0m[2m:[0m DIAG: received response [3mpeer[0m[2m=[0m12D3KooWSUjzxjgP5ZfafMxfkMEMEo7RwrF7khpEAKaEMHgJ5Pfv [3mkind[0m[2m=[0m"ack" [3mrequest_id[0m[2m=[0mOutboundRequestId(98) [3mwas_tensor_forward[0m[2m=[0mfalse [3mpending_tensor_out[0m[2m=[0m0
[2m2026-03-16T02:08:44.561000Z[0m [32m INFO[0m [2mswarmllm::daemon::dispatch[0m[2m:[0m Received shard announce from peer [3mnode_id[0m[2m=[0mf78fbf0fba02769a [3mshards[0m[2m=[0m9
[2m2026-03-16T02:09:03.078138Z[0m [32m INFO[0m [2mswarmllm::network::manager[0m[2m:[0m Received request [3mpeer[0m[2m=[0m12D3KooWSUjzxjgP5ZfafMxfkMEMEo7RwrF7khpEAKaEMHgJ5Pfv [3mkind[0m[2m=[0m"message"
[2m2026-03-16T02:09:03.078315Z[0m [32m INFO[0m [2mswarmllm::network::manager[0m[2m:[0m DIAG: ResponseSent event — response written to wire [3mpeer[0m[2m=[0m12D3KooWSUjzxjgP5ZfafMxfkMEMEo7RwrF7khpEAKaEMHgJ5Pfv [3mrequest_id[0m[2m=[0mInboundRequestId(99)
[2m2026-03-16T02:09:03.078339Z[0m [32m INFO[0m [2mswarmllm::network::manager[0m[2m:[0m Received request [3mpeer[0m[2m=[0m12D3KooWP3xpwmAoNWP3RboxdnMbaX94yTzW7WzgiZtJFDAWvdp1 [3mkind[0m[2m=[0m"message"
[2m2026-03-16T02:09:03.078501Z[0m [32m INFO[0m [2mswarmllm::network::manager[0m[2m:[0m DIAG: ResponseSent event — response written to wire [3mpeer[0m[2m=[0m12D3KooWP3xpwmAoNWP3RboxdnMbaX94yTzW7WzgiZtJFDAWvdp1 [3mrequest_id[0m[2m=[0mInboundRequestId(100)
[2m2026-03-16T02:09:09.862952Z[0m [32m INFO[0m [2mswarmllm::network::manager[0m[2m:[0m DIAG: received response [3mpeer[0m[2m=[0m12D3KooWP3xpwmAoNWP3RboxdnMbaX94yTzW7WzgiZtJFDAWvdp1 [3mkind[0m[2m=[0m"ack" [3mrequest_id[0m[2m=[0mOutboundRequestId(99) [3mwas_tensor_forward[0m[2m=[0mfalse [3mpending_tensor_out[0m[2m=[0m0
[2m2026-03-16T02:09:09.864381Z[0m [32m INFO[0m [2mswarmllm::daemon::dispatch[0m[2m:[0m Received shard announce from peer [3mnode_id[0m[2m=[0mc4a3ab5093da731a [3mshards[0m[2m=[0m6
[2m2026-03-16T02:09:09.865539Z[0m [32m INFO[0m [2mswarmllm::daemon::dispatch[0m[2m:[0m Received model manifest from network [3mmodel[0m[2m=[0mqwen2.5-coder-7b-instruct-q4-k-m [3mname[0m[2m=[0mQwen2.5 Coder 7B Instruct GGUF [3mshards[0m[2m=[0m8 [3mpublisher[0m[2m=[0mc4a3ab5093da731a
[2m2026-03-16T02:09:09.865651Z[0m [32m INFO[0m [2mswarmllm::model::registry[0m[2m:[0m DIAG: register_manifest [3mmodel[0m[2m=[0mqwen2.5-coder-7b-instruct-q4-k-m [3mname[0m[2m=[0mQwen2.5 Coder 7B Instruct GGUF [3mschema_version[0m[2m=[0m2 [3mshard_count[0m[2m=[0m8
[2m2026-03-16T02:09:11.603293Z[0m [32m INFO[0m [2mswarmllm::network::manager[0m[2m:[0m DIAG: received response [3mpeer[0m[2m=[0m12D3KooWSUjzxjgP5ZfafMxfkMEMEo7RwrF7khpEAKaEMHgJ5Pfv [3mkind[0m[2m=[0m"ack" [3mrequest_id[0m[2m=[0mOutboundRequestId(100) [3mwas_tensor_forward[0m[2m=[0mfalse [3mpending_tensor_out[0m[2m=[0m0
[2m2026-03-16T02:09:11.604651Z[0m [32m INFO[0m [2mswarmllm::daemon::dispatch[0m[2m:[0m Received shard announce from peer [3mnode_id[0m[2m=[0mf78fbf0fba02769a [3mshards[0m[2m=[0m9
[2m2026-03-16T02:09:30.545652Z[0m [32m INFO[0m [2mswarmllm::network::manager[0m[2m:[0m Received request [3mpeer[0m[2m=[0m12D3KooWSUjzxjgP5ZfafMxfkMEMEo7RwrF7khpEAKaEMHgJ5Pfv [3mkind[0m[2m=[0m"message"
[2m2026-03-16T02:09:30.545803Z[0m [32m INFO[0m [2mswarmllm::network::manager[0m[2m:[0m Received request [3mpeer[0m[2m=[0m12D3KooWP3xpwmAoNWP3RboxdnMbaX94yTzW7WzgiZtJFDAWvdp1 [3mkind[0m[2m=[0m"message"
[2m2026-03-16T02:09:30.545851Z[0m [32m INFO[0m [2mswarmllm::network::manager[0m[2m:[0m DIAG: ResponseSent event — response written to wire [3mpeer[0m[2m=[0m12D3KooWSUjzxjgP5ZfafMxfkMEMEo7RwrF7khpEAKaEMHgJ5Pfv [3mrequest_id[0m[2m=[0mInboundRequestId(101)
[2m2026-03-16T02:09:30.545928Z[0m [32m INFO[0m [2mswarmllm::network::manager[0m[2m:[0m DIAG: ResponseSent event — response written to wire [3mpeer[0m[2m=[0m12D3KooWP3xpwmAoNWP3RboxdnMbaX94yTzW7WzgiZtJFDAWvdp1 [3mrequest_id[0m[2m=[0mInboundRequestId(102)
[2m2026-03-16T02:09:37.334266Z[0m [32m INFO[0m [2mswarmllm::network::manager[0m[2m:[0m DIAG: received response [3mpeer[0m[2m=[0m12D3KooWP3xpwmAoNWP3RboxdnMbaX94yTzW7WzgiZtJFDAWvdp1 [3mkind[0m[2m=[0m"ack" [3mrequest_id[0m[2m=[0mOutboundRequestId(101) [3mwas_tensor_forward[0m[2m=[0mfalse [3mpending_tensor_out[0m[2m=[0m0
[2m2026-03-16T02:09:37.337356Z[0m [32m INFO[0m [2mswarmllm::daemon::dispatch[0m[2m:[0m Received shard announce from peer [3mnode_id[0m[2m=[0mc4a3ab5093da731a [3mshards[0m[2m=[0m6
[2m2026-03-16T02:09:37.337392Z[0m [32m INFO[0m [2mswarmllm::daemon::dispatch[0m[2m:[0m Received model manifest from network [3mmodel[0m[2m=[0mqwen2.5-coder-7b-instruct-q4-k-m [3mname[0m[2m=[0mQwen2.5 Coder 7B Instruct GGUF [3mshards[0m[2m=[0m8 [3mpublisher[0m[2m=[0mc4a3ab5093da731a
[2m2026-03-16T02:09:37.337493Z[0m [32m INFO[0m [2mswarmllm::model::registry[0m[2m:[0m DIAG: register_manifest [3mmodel[0m[2m=[0mqwen2.5-coder-7b-instruct-q4-k-m [3mname[0m[2m=[0mQwen2.5 Coder 7B Instruct GGUF [3mschema_version[0m[2m=[0m2 [3mshard_count[0m[2m=[0m8
[2m2026-03-16T02:09:39.071693Z[0m [32m INFO[0m [2mswarmllm::network::manager[0m[2m:[0m DIAG: received response [3mpeer[0m[2m=[0m12D3KooWSUjzxjgP5ZfafMxfkMEMEo7RwrF7khpEAKaEMHgJ5Pfv [3mkind[0m[2m=[0m"ack" [3mrequest_id[0m[2m=[0mOutboundRequestId(102) [3mwas_tensor_forward[0m[2m=[0mfalse [3mpending_tensor_out[0m[2m=[0m0
[2m2026-03-16T02:09:39.073795Z[0m [32m INFO[0m [2mswarmllm::daemon::dispatch[0m[2m:[0m Received shard announce from peer [3mnode_id[0m[2m=[0mf78fbf0fba02769a [3mshards[0m[2m=[0m9
[2m2026-03-16T02:09:57.557551Z[0m [32m INFO[0m [2mswarmllm::network::manager[0m[2m:[0m Received request [3mpeer[0m[2m=[0m12D3KooWSUjzxjgP5ZfafMxfkMEMEo7RwrF7khpEAKaEMHgJ5Pfv [3mkind[0m[2m=[0m"message"
[2m2026-03-16T02:09:57.557621Z[0m [32m INFO[0m [2mswarmllm::network::manager[0m[2m:[0m Received request [3mpeer[0m[2m=[0m12D3KooWP3xpwmAoNWP3RboxdnMbaX94yTzW7WzgiZtJFDAWvdp1 [3mkind[0m[2m=[0m"message"
[2m2026-03-16T02:09:57.557714Z[0m [32m INFO[0m [2mswarmllm::network::manager[0m[2m:[0m DIAG: ResponseSent event — response written to wire [3mpeer[0m[2m=[0m12D3KooWP3xpwmAoNWP3RboxdnMbaX94yTzW7WzgiZtJFDAWvdp1 [3mrequest_id[0m[2m=[0mInboundRequestId(103)
[2m2026-03-16T02:09:57.557734Z[0m [32m INFO[0m [2mswarmllm::network::manager[0m[2m:[0m DIAG: ResponseSent event — response written to wire [3mpeer[0m[2m=[0m12D3KooWSUjzxjgP5ZfafMxfkMEMEo7RwrF7khpEAKaEMHgJ5Pfv [3mrequest_id[0m[2m=[0mInboundRequestId(104)
[2m2026-03-16T02:10:04.343944Z[0m [32m INFO[0m [2mswarmllm::network::manager[0m[2m:[0m DIAG: received response [3mpeer[0m[2m=[0m12D3KooWP3xpwmAoNWP3RboxdnMbaX94yTzW7WzgiZtJFDAWvdp1 [3mkind[0m[2m=[0m"ack" [3mrequest_id[0m[2m=[0mOutboundRequestId(103) [3mwas_tensor_forward[0m[2m=[0mfalse [3mpending_tensor_out[0m[2m=[0m0
[2m2026-03-16T02:10:04.346088Z[0m [32m INFO[0m [2mswarmllm::daemon::dispatch[0m[2m:[0m Received shard announce from peer [3mnode_id[0m[2m=[0mc4a3ab5093da731a [3mshards[0m[2m=[0m6
[2m2026-03-16T02:10:04.347419Z[0m [32m INFO[0m [2mswarmllm::daemon::dispatch[0m[2m:[0m Received model manifest from network [3mmodel[0m[2m=[0mqwen2.5-coder-7b-instruct-q4-k-m [3mname[0m[2m=[0mQwen2.5 Coder 7B Instruct GGUF [3mshards[0m[2m=[0m8 [3mpublisher[0m[2m=[0mc4a3ab5093da731a
[2m2026-03-16T02:10:04.347592Z[0m [32m INFO[0m [2mswarmllm::model::registry[0m[2m:[0m DIAG: register_manifest [3mmodel[0m[2m=[0mqwen2.5-coder-7b-instruct-q4-k-m [3mname[0m[2m=[0mQwen2.5 Coder 7B Instruct GGUF [3mschema_version[0m[2m=[0m2 [3mshard_count[0m[2m=[0m8
[2m2026-03-16T02:10:06.082024Z[0m [32m INFO[0m [2mswarmllm::network::manager[0m[2m:[0m DIAG: received response [3mpeer[0m[2m=[0m12D3KooWSUjzxjgP5ZfafMxfkMEMEo7RwrF7khpEAKaEMHgJ5Pfv [3mkind[0m[2m=[0m"ack" [3mrequest_id[0m[2m=[0mOutboundRequestId(104) [3mwas_tensor_forward[0m[2m=[0mfalse [3mpending_tensor_out[0m[2m=[0m0
[2m2026-03-16T02:10:06.084102Z[0m [32m INFO[0m [2mswarmllm::daemon::dispatch[0m[2m:[0m Received shard announce from peer [3mnode_id[0m[2m=[0mf78fbf0fba02769a [3mshards[0m[2m=[0m9
[2m2026-03-16T02:10:25.046731Z[0m [32m INFO[0m [2mswarmllm::crypto::key_rotation[0m[2m:[0m DIAG: key rotation tick (re-keying) [3mactive_sessions[0m[2m=[0m2 [3mrekey_initiated[0m[2m=[0m2
[2m2026-03-16T02:10:25.047332Z[0m [32m INFO[0m [2mswarmllm::network::peer_cache[0m[2m:[0m Loaded cached peers from last session [3mcount[0m[2m=[0m6
[2m2026-03-16T02:10:25.049491Z[0m [32m INFO[0m [2mswarmllm::credit::ledger[0m[2m:[0m Gossiping credit balance [3mbalance_bucket[0m[2m=[0m-21800 [3mtier[0m[2m=[0mBronze
[2m2026-03-16T02:10:25.056212Z[0m [32m INFO[0m [2mswarmllm::network::manager[0m[2m:[0m DIAG: rr_ping sent (health check) [3mpeer_id[0m[2m=[0m12D3KooWSUjzxjgP5ZfafMxfkMEMEo7RwrF7khpEAKaEMHgJ5Pfv [3moutbound_id[0m[2m=[0mOutboundRequestId(105) [3mseq[0m[2m=[0m10 [3mrr_connected[0m[2m=[0mtrue [3mtotal_peers[0m[2m=[0m2 [3mpending_tensor_out[0m[2m=[0m0
[2m2026-03-16T02:10:25.056266Z[0m [32m INFO[0m [2mswarmllm::network::manager[0m[2m:[0m DIAG: rr_ping sent (health check) [3mpeer_id[0m[2m=[0m12D3KooWP3xpwmAoNWP3RboxdnMbaX94yTzW7WzgiZtJFDAWvdp1 [3moutbound_id[0m[2m=[0mOutboundRequestId(106) [3mseq[0m[2m=[0m10 [3mrr_connected[0m[2m=[0mtrue [3mtotal_peers[0m[2m=[0m2 [3mpending_tensor_out[0m[2m=[0m0
[2m2026-03-16T02:10:25.058483Z[0m [32m INFO[0m [2mswarmllm::network::manager[0m[2m:[0m DIAG: received response [3mpeer[0m[2m=[0m12D3KooWSUjzxjgP5ZfafMxfkMEMEo7RwrF7khpEAKaEMHgJ5Pfv [3mkind[0m[2m=[0m"message" [3mrequest_id[0m[2m=[0mOutboundRequestId(105) [3mwas_tensor_forward[0m[2m=[0mfalse [3mpending_tensor_out[0m[2m=[0m0
[2m2026-03-16T02:10:25.058527Z[0m [32m INFO[0m [2mswarmllm::network::manager[0m[2m:[0m DIAG: received response [3mpeer[0m[2m=[0m12D3KooWP3xpwmAoNWP3RboxdnMbaX94yTzW7WzgiZtJFDAWvdp1 [3mkind[0m[2m=[0m"message" [3mrequest_id[0m[2m=[0mOutboundRequestId(106) [3mwas_tensor_forward[0m[2m=[0mfalse [3mpending_tensor_out[0m[2m=[0m0
[2m2026-03-16T02:10:25.058547Z[0m [32m INFO[0m [2mswarmllm::network::manager[0m[2m:[0m DIAG: received response [3mpeer[0m[2m=[0m12D3KooWSUjzxjgP5ZfafMxfkMEMEo7RwrF7khpEAKaEMHgJ5Pfv [3mkind[0m[2m=[0m"ack" [3mrequest_id[0m[2m=[0mOutboundRequestId(107) [3mwas_tensor_forward[0m[2m=[0mfalse [3mpending_tensor_out[0m[2m=[0m0
[2m2026-03-16T02:10:25.058566Z[0m [32m INFO[0m [2mswarmllm::network::manager[0m[2m:[0m DIAG: received response [3mpeer[0m[2m=[0m12D3KooWP3xpwmAoNWP3RboxdnMbaX94yTzW7WzgiZtJFDAWvdp1 [3mkind[0m[2m=[0m"ack" [3mrequest_id[0m[2m=[0mOutboundRequestId(108) [3mwas_tensor_forward[0m[2m=[0mfalse [3mpending_tensor_out[0m[2m=[0m0
[2m2026-03-16T02:10:25.059035Z[0m [32m INFO[0m [2mswarmllm::network::manager[0m[2m:[0m Received request [3mpeer[0m[2m=[0m12D3KooWSUjzxjgP5ZfafMxfkMEMEo7RwrF7khpEAKaEMHgJ5Pfv [3mkind[0m[2m=[0m"message"
[2m2026-03-16T02:10:25.059053Z[0m [32m INFO[0m [2mswarmllm::network::manager[0m[2m:[0m Received request [3mpeer[0m[2m=[0m12D3KooWP3xpwmAoNWP3RboxdnMbaX94yTzW7WzgiZtJFDAWvdp1 [3mkind[0m[2m=[0m"message"
[2m2026-03-16T02:10:25.059063Z[0m [32m INFO[0m [2mswarmllm::network::manager[0m[2m:[0m Received request [3mpeer[0m[2m=[0m12D3KooWSUjzxjgP5ZfafMxfkMEMEo7RwrF7khpEAKaEMHgJ5Pfv [3mkind[0m[2m=[0m"message"
[2m2026-03-16T02:10:25.059071Z[0m [32m INFO[0m [2mswarmllm::network::manager[0m[2m:[0m Received request [3mpeer[0m[2m=[0m12D3KooWP3xpwmAoNWP3RboxdnMbaX94yTzW7WzgiZtJFDAWvdp1 [3mkind[0m[2m=[0m"message"
[2m2026-03-16T02:10:25.059168Z[0m [32m INFO[0m [2mswarmllm::network::manager[0m[2m:[0m DIAG: ResponseSent event — response written to wire [3mpeer[0m[2m=[0m12D3KooWP3xpwmAoNWP3RboxdnMbaX94yTzW7WzgiZtJFDAWvdp1 [3mrequest_id[0m[2m=[0mInboundRequestId(106)
[2m2026-03-16T02:10:25.059189Z[0m [32m INFO[0m [2mswarmllm::network::manager[0m[2m:[0m DIAG: ResponseSent event — response written to wire [3mpeer[0m[2m=[0m12D3KooWSUjzxjgP5ZfafMxfkMEMEo7RwrF7khpEAKaEMHgJ5Pfv [3mrequest_id[0m[2m=[0mInboundRequestId(105)
[2m2026-03-16T02:10:25.059199Z[0m [32m INFO[0m [2mswarmllm::network::manager[0m[2m:[0m DIAG: ResponseSent event — response written to wire [3mpeer[0m[2m=[0m12D3KooWP3xpwmAoNWP3RboxdnMbaX94yTzW7WzgiZtJFDAWvdp1 [3mrequest_id[0m[2m=[0mInboundRequestId(108)
[2m2026-03-16T02:10:25.059207Z[0m [32m INFO[0m [2mswarmllm::network::manager[0m[2m:[0m DIAG: ResponseSent event — response written to wire [3mpeer[0m[2m=[0m12D3KooWSUjzxjgP5ZfafMxfkMEMEo7RwrF7khpEAKaEMHgJ5Pfv [3mrequest_id[0m[2m=[0mInboundRequestId(107)
[2m2026-03-16T02:10:31.841733Z[0m [32m INFO[0m [2mswarmllm::network::manager[0m[2m:[0m DIAG: key exchange initiated [3mpeer_id[0m[2m=[0m12D3KooWP3xpwmAoNWP3RboxdnMbaX94yTzW7WzgiZtJFDAWvdp1 [3mnode_id[0m[2m=[0mc4a3ab5093da731a [3msession_type[0m[2m=[0m"static"
[2m2026-03-16T02:10:31.841889Z[0m [32m INFO[0m [2mswarmllm::network::manager[0m[2m:[0m DIAG: encryption session established [3mpeer_id[0m[2m=[0m12D3KooWP3xpwmAoNWP3RboxdnMbaX94yTzW7WzgiZtJFDAWvdp1 [3mnode_id[0m[2m=[0mc4a3ab5093da731a [3msession_type[0m[2m=[0m"static" [3msession_count[0m[2m=[0m2
[2m2026-03-16T02:10:31.850919Z[0m [32m INFO[0m [2mswarmllm::network::manager[0m[2m:[0m Received request [3mpeer[0m[2m=[0m12D3KooWP3xpwmAoNWP3RboxdnMbaX94yTzW7WzgiZtJFDAWvdp1 [3mkind[0m[2m=[0m"message"
[2m2026-03-16T02:10:31.850999Z[0m [32m INFO[0m [2mswarmllm::network::manager[0m[2m:[0m Received request [3mpeer[0m[2m=[0m12D3KooWP3xpwmAoNWP3RboxdnMbaX94yTzW7WzgiZtJFDAWvdp1 [3mkind[0m[2m=[0m"message"
[2m2026-03-16T02:10:31.851130Z[0m [32m INFO[0m [2mswarmllm::daemon::dispatch[0m[2m:[0m Received shard announce from peer [3mnode_id[0m[2m=[0mc4a3ab5093da731a [3mshards[0m[2m=[0m6
[2m2026-03-16T02:10:31.851155Z[0m [32m INFO[0m [2mswarmllm::daemon::dispatch[0m[2m:[0m Received model manifest from network [3mmodel[0m[2m=[0mqwen2.5-coder-7b-instruct-q4-k-m [3mname[0m[2m=[0mQwen2.5 Coder 7B Instruct GGUF [3mshards[0m[2m=[0m8 [3mpublisher[0m[2m=[0mc4a3ab5093da731a
[2m2026-03-16T02:10:31.851246Z[0m [32m INFO[0m [2mswarmllm::network::manager[0m[2m:[0m DIAG: ResponseSent event — response written to wire [3mpeer[0m[2m=[0m12D3KooWP3xpwmAoNWP3RboxdnMbaX94yTzW7WzgiZtJFDAWvdp1 [3mrequest_id[0m[2m=[0mInboundRequestId(109)
[2m2026-03-16T02:10:31.851271Z[0m [32m INFO[0m [2mswarmllm::network::manager[0m[2m:[0m DIAG: ResponseSent event — response written to wire [3mpeer[0m[2m=[0m12D3KooWP3xpwmAoNWP3RboxdnMbaX94yTzW7WzgiZtJFDAWvdp1 [3mrequest_id[0m[2m=[0mInboundRequestId(110)
[2m2026-03-16T02:10:31.851322Z[0m [32m INFO[0m [2mswarmllm::model::registry[0m[2m:[0m DIAG: register_manifest [3mmodel[0m[2m=[0mqwen2.5-coder-7b-instruct-q4-k-m [3mname[0m[2m=[0mQwen2.5 Coder 7B Instruct GGUF [3mschema_version[0m[2m=[0m2 [3mshard_count[0m[2m=[0m8
[2m2026-03-16T02:10:31.852394Z[0m [32m INFO[0m [2mswarmllm::network::manager[0m[2m:[0m DIAG: received response [3mpeer[0m[2m=[0m12D3KooWP3xpwmAoNWP3RboxdnMbaX94yTzW7WzgiZtJFDAWvdp1 [3mkind[0m[2m=[0m"ack" [3mrequest_id[0m[2m=[0mOutboundRequestId(109) [3mwas_tensor_forward[0m[2m=[0mfalse [3mpending_tensor_out[0m[2m=[0m0
[2m2026-03-16T02:10:31.852641Z[0m [32m INFO[0m [2mswarmllm::network::manager[0m[2m:[0m DIAG: received response [3mpeer[0m[2m=[0m12D3KooWP3xpwmAoNWP3RboxdnMbaX94yTzW7WzgiZtJFDAWvdp1 [3mkind[0m[2m=[0m"ack" [3mrequest_id[0m[2m=[0mOutboundRequestId(110) [3mwas_tensor_forward[0m[2m=[0mfalse [3mpending_tensor_out[0m[2m=[0m0
[2m2026-03-16T02:10:33.582690Z[0m [32m INFO[0m [2mswarmllm::network::manager[0m[2m:[0m DIAG: received response [3mpeer[0m[2m=[0m12D3KooWSUjzxjgP5ZfafMxfkMEMEo7RwrF7khpEAKaEMHgJ5Pfv [3mkind[0m[2m=[0m"ack" [3mrequest_id[0m[2m=[0mOutboundRequestId(111) [3mwas_tensor_forward[0m[2m=[0mfalse [3mpending_tensor_out[0m[2m=[0m0
[2m2026-03-16T02:10:33.582744Z[0m [32m INFO[0m [2mswarmllm::network::manager[0m[2m:[0m Received request [3mpeer[0m[2m=[0m12D3KooWSUjzxjgP5ZfafMxfkMEMEo7RwrF7khpEAKaEMHgJ5Pfv [3mkind[0m[2m=[0m"message"
[2m2026-03-16T02:10:33.582811Z[0m [32m INFO[0m [2mswarmllm::daemon::dispatch[0m[2m:[0m Received shard announce from peer [3mnode_id[0m[2m=[0mf78fbf0fba02769a [3mshards[0m[2m=[0m9
[2m2026-03-16T02:10:33.582992Z[0m [32m INFO[0m [2mswarmllm::network::manager[0m[2m:[0m DIAG: ResponseSent event — response written to wire [3mpeer[0m[2m=[0m12D3KooWSUjzxjgP5ZfafMxfkMEMEo7RwrF7khpEAKaEMHgJ5Pfv [3mrequest_id[0m[2m=[0mInboundRequestId(111)
[2m2026-03-16T02:10:33.583020Z[0m [32m INFO[0m [2mswarmllm::network::manager[0m[2m:[0m Received request [3mpeer[0m[2m=[0m12D3KooWSUjzxjgP5ZfafMxfkMEMEo7RwrF7khpEAKaEMHgJ5Pfv [3mkind[0m[2m=[0m"message"
[2m2026-03-16T02:10:33.583347Z[0m [32m INFO[0m [2mswarmllm::network::manager[0m[2m:[0m DIAG: ResponseSent event — response written to wire [3mpeer[0m[2m=[0m12D3KooWSUjzxjgP5ZfafMxfkMEMEo7RwrF7khpEAKaEMHgJ5Pfv [3mrequest_id[0m[2m=[0mInboundRequestId(112)
[2m2026-03-16T02:10:33.584094Z[0m [32m INFO[0m [2mswarmllm::network::manager[0m[2m:[0m DIAG: received response [3mpeer[0m[2m=[0m12D3KooWSUjzxjgP5ZfafMxfkMEMEo7RwrF7khpEAKaEMHgJ5Pfv [3mkind[0m[2m=[0m"ack" [3mrequest_id[0m[2m=[0mOutboundRequestId(112) [3mwas_tensor_forward[0m[2m=[0mfalse [3mpending_tensor_out[0m[2m=[0m0
[2m2026-03-16T02:10:33.587722Z[0m [32m INFO[0m [2mswarmllm::network::manager[0m[2m:[0m DIAG: key exchange initiated [3mpeer_id[0m[2m=[0m12D3KooWSUjzxjgP5ZfafMxfkMEMEo7RwrF7khpEAKaEMHgJ5Pfv [3mnode_id[0m[2m=[0mf78fbf0fba02769a [3msession_type[0m[2m=[0m"static"
[2m2026-03-16T02:10:33.587856Z[0m [32m INFO[0m [2mswarmllm::network::manager[0m[2m:[0m DIAG: encryption session established [3mpeer_id[0m[2m=[0m12D3KooWSUjzxjgP5ZfafMxfkMEMEo7RwrF7khpEAKaEMHgJ5Pfv [3mnode_id[0m[2m=[0mf78fbf0fba02769a [3msession_type[0m[2m=[0m"static" [3msession_count[0m[2m=[0m2
[2m2026-03-16T02:10:52.057197Z[0m [32m INFO[0m [2mswarmllm::network::manager[0m[2m:[0m Received request [3mpeer[0m[2m=[0m12D3KooWP3xpwmAoNWP3RboxdnMbaX94yTzW7WzgiZtJFDAWvdp1 [3mkind[0m[2m=[0m"message"
[2m2026-03-16T02:10:52.057357Z[0m [32m INFO[0m [2mswarmllm::network::manager[0m[2m:[0m Received request [3mpeer[0m[2m=[0m12D3KooWSUjzxjgP5ZfafMxfkMEMEo7RwrF7khpEAKaEMHgJ5Pfv [3mkind[0m[2m=[0m"message"
[2m2026-03-16T02:10:52.057391Z[0m [32m INFO[0m [2mswarmllm::network::manager[0m[2m:[0m DIAG: ResponseSent event — response written to wire [3mpeer[0m[2m=[0m12D3KooWP3xpwmAoNWP3RboxdnMbaX94yTzW7WzgiZtJFDAWvdp1 [3mrequest_id[0m[2m=[0mInboundRequestId(114)
[2m2026-03-16T02:10:52.057496Z[0m [32m INFO[0m [2mswarmllm::network::manager[0m[2m:[0m DIAG: ResponseSent event — response written to wire [3mpeer[0m[2m=[0m12D3KooWSUjzxjgP5ZfafMxfkMEMEo7RwrF7khpEAKaEMHgJ5Pfv [3mrequest_id[0m[2m=[0mInboundRequestId(113)
[2m2026-03-16T02:10:58.847130Z[0m [32m INFO[0m [2mswarmllm::network::manager[0m[2m:[0m DIAG: received response [3mpeer[0m[2m=[0m12D3KooWP3xpwmAoNWP3RboxdnMbaX94yTzW7WzgiZtJFDAWvdp1 [3mkind[0m[2m=[0m"ack" [3mrequest_id[0m[2m=[0mOutboundRequestId(113) [3mwas_tensor_forward[0m[2m=[0mfalse [3mpending_tensor_out[0m[2m=[0m0
[2m2026-03-16T02:10:58.848696Z[0m [32m INFO[0m [2mswarmllm::daemon::dispatch[0m[2m:[0m Received shard announce from peer [3mnode_id[0m[2m=[0mc4a3ab5093da731a [3mshards[0m[2m=[0m6
[2m2026-03-16T02:10:58.849641Z[0m [32m INFO[0m [2mswarmllm::daemon::dispatch[0m[2m:[0m Received model manifest from network [3mmodel[0m[2m=[0mqwen2.5-coder-7b-instruct-q4-k-m [3mname[0m[2m=[0mQwen2.5 Coder 7B Instruct GGUF [3mshards[0m[2m=[0m8 [3mpublisher[0m[2m=[0mc4a3ab5093da731a
[2m2026-03-16T02:10:58.849757Z[0m [32m INFO[0m [2mswarmllm::model::registry[0m[2m:[0m DIAG: register_manifest [3mmodel[0m[2m=[0mqwen2.5-coder-7b-instruct-q4-k-m [3mname[0m[2m=[0mQwen2.5 Coder 7B Instruct GGUF [3mschema_version[0m[2m=[0m2 [3mshard_count[0m[2m=[0m8
[2m2026-03-16T02:11:00.582169Z[0m [32m INFO[0m [2mswarmllm::network::manager[0m[2m:[0m DIAG: received response [3mpeer[0m[2m=[0m12D3KooWSUjzxjgP5ZfafMxfkMEMEo7RwrF7khpEAKaEMHgJ5Pfv [3mkind[0m[2m=[0m"ack" [3mrequest_id[0m[2m=[0mOutboundRequestId(114) [3mwas_tensor_forward[0m[2m=[0mfalse [3mpending_tensor_out[0m[2m=[0m0
[2m2026-03-16T02:11:00.583701Z[0m [32m INFO[0m [2mswarmllm::daemon::dispatch[0m[2m:[0m Received shard announce from peer [3mnode_id[0m[2m=[0mf78fbf0fba02769a [3mshards[0m[2m=[0m9
[2m2026-03-16T02:11:19.553121Z[0m [32m INFO[0m [2mswarmllm::network::manager[0m[2m:[0m Received request [3mpeer[0m[2m=[0m12D3KooWSUjzxjgP5ZfafMxfkMEMEo7RwrF7khpEAKaEMHgJ5Pfv [3mkind[0m[2m=[0m"message"
[2m2026-03-16T02:11:19.553287Z[0m [32m INFO[0m [2mswarmllm::network::manager[0m[2m:[0m Received request [3mpeer[0m[2m=[0m12D3KooWP3xpwmAoNWP3RboxdnMbaX94yTzW7WzgiZtJFDAWvdp1 [3mkind[0m[2m=[0m"message"
[2m2026-03-16T02:11:19.553367Z[0m [32m INFO[0m [2mswarmllm::network::manager[0m[2m:[0m DIAG: ResponseSent event — response written to wire [3mpeer[0m[2m=[0m12D3KooWP3xpwmAoNWP3RboxdnMbaX94yTzW7WzgiZtJFDAWvdp1 [3mrequest_id[0m[2m=[0mInboundRequestId(116)
[2m2026-03-16T02:11:19.553388Z[0m [32m INFO[0m [2mswarmllm::network::manager[0m[2m:[0m DIAG: ResponseSent event — response written to wire [3mpeer[0m[2m=[0m12D3KooWSUjzxjgP5ZfafMxfkMEMEo7RwrF7khpEAKaEMHgJ5Pfv [3mrequest_id[0m[2m=[0mInboundRequestId(115)
[2m2026-03-16T02:11:26.341354Z[0m [32m INFO[0m [2mswarmllm::network::manager[0m[2m:[0m DIAG: received response [3mpeer[0m[2m=[0m12D3KooWP3xpwmAoNWP3RboxdnMbaX94yTzW7WzgiZtJFDAWvdp1 [3mkind[0m[2m=[0m"ack" [3mrequest_id[0m[2m=[0mOutboundRequestId(115) [3mwas_tensor_forward[0m[2m=[0mfalse [3mpending_tensor_out[0m[2m=[0m0
[2m2026-03-16T02:11:26.344000Z[0m [32m INFO[0m [2mswarmllm::daemon::dispatch[0m[2m:[0m Received shard announce from peer [3mnode_id[0m[2m=[0mc4a3ab5093da731a [3mshards[0m[2m=[0m6
[2m2026-03-16T02:11:26.344904Z[0m [32m INFO[0m [2mswarmllm::daemon::dispatch[0m[2m:[0m Received model manifest from network [3mmodel[0m[2m=[0mqwen2.5-coder-7b-instruct-q4-k-m [3mname[0m[2m=[0mQwen2.5 Coder 7B Instruct GGUF [3mshards[0m[2m=[0m8 [3mpublisher[0m[2m=[0mc4a3ab5093da731a
[2m2026-03-16T02:11:26.345017Z[0m [32m INFO[0m [2mswarmllm::model::registry[0m[2m:[0m DIAG: register_manifest [3mmodel[0m[2m=[0mqwen2.5-coder-7b-instruct-q4-k-m [3mname[0m[2m=[0mQwen2.5 Coder 7B Instruct GGUF [3mschema_version[0m[2m=[0m2 [3mshard_count[0m[2m=[0m8
[2m2026-03-16T02:11:28.079331Z[0m [32m INFO[0m [2mswarmllm::network::manager[0m[2m:[0m DIAG: received response [3mpeer[0m[2m=[0m12D3KooWSUjzxjgP5ZfafMxfkMEMEo7RwrF7khpEAKaEMHgJ5Pfv [3mkind[0m[2m=[0m"ack" [3mrequest_id[0m[2m=[0mOutboundRequestId(116) [3mwas_tensor_forward[0m[2m=[0mfalse [3mpending_tensor_out[0m[2m=[0m0
[2m2026-03-16T02:11:28.080804Z[0m [32m INFO[0m [2mswarmllm::daemon::dispatch[0m[2m:[0m Received shard announce from peer [3mnode_id[0m[2m=[0mf78fbf0fba02769a [3mshards[0m[2m=[0m9
[2m2026-03-16T02:11:46.893951Z[0m [32m INFO[0m [2mswarmllm::network::manager[0m[2m:[0m Received request [3mpeer[0m[2m=[0m12D3KooWP3xpwmAoNWP3RboxdnMbaX94yTzW7WzgiZtJFDAWvdp1 [3mkind[0m[2m=[0m"message"
[2m2026-03-16T02:11:46.894178Z[0m [32m INFO[0m [2mswarmllm::network::manager[0m[2m:[0m Received request [3mpeer[0m[2m=[0m12D3KooWSUjzxjgP5ZfafMxfkMEMEo7RwrF7khpEAKaEMHgJ5Pfv [3mkind[0m[2m=[0m"message"
[2m2026-03-16T02:11:46.894344Z[0m [32m INFO[0m [2mswarmllm::network::manager[0m[2m:[0m DIAG: ResponseSent event — response written to wire [3mpeer[0m[2m=[0m12D3KooWP3xpwmAoNWP3RboxdnMbaX94yTzW7WzgiZtJFDAWvdp1 [3mrequest_id[0m[2m=[0mInboundRequestId(118)
[2m2026-03-16T02:11:46.894383Z[0m [32m INFO[0m [2mswarmllm::network::manager[0m[2m:[0m DIAG: ResponseSent event — response written to wire [3mpeer[0m[2m=[0m12D3KooWSUjzxjgP5ZfafMxfkMEMEo7RwrF7khpEAKaEMHgJ5Pfv [3mrequest_id[0m[2m=[0mInboundRequestId(117)
[2m2026-03-16T02:11:53.679409Z[0m [32m INFO[0m [2mswarmllm::network::manager[0m[2m:[0m DIAG: received response [3mpeer[0m[2m=[0m12D3KooWP3xpwmAoNWP3RboxdnMbaX94yTzW7WzgiZtJFDAWvdp1 [3mkind[0m[2m=[0m"ack" [3mrequest_id[0m[2m=[0mOutboundRequestId(117) [3mwas_tensor_forward[0m[2m=[0mfalse [3mpending_tensor_out[0m[2m=[0m0
[2m2026-03-16T02:11:53.681214Z[0m [32m INFO[0m [2mswarmllm::daemon::dispatch[0m[2m:[0m Received shard announce from peer [3mnode_id[0m[2m=[0mc4a3ab5093da731a [3mshards[0m[2m=[0m6
[2m2026-03-16T02:11:53.682549Z[0m [32m INFO[0m [2mswarmllm::daemon::dispatch[0m[2m:[0m Received model manifest from network [3mmodel[0m[2m=[0mqwen2.5-coder-7b-instruct-q4-k-m [3mname[0m[2m=[0mQwen2.5 Coder 7B Instruct GGUF [3mshards[0m[2m=[0m8 [3mpublisher[0m[2m=[0mc4a3ab5093da731a
[2m2026-03-16T02:11:53.682712Z[0m [32m INFO[0m [2mswarmllm::model::registry[0m[2m:[0m DIAG: register_manifest [3mmodel[0m[2m=[0mqwen2.5-coder-7b-instruct-q4-k-m [3mname[0m[2m=[0mQwen2.5 Coder 7B Instruct GGUF [3mschema_version[0m[2m=[0m2 [3mshard_count[0m[2m=[0m8
[2m2026-03-16T02:11:55.418210Z[0m [32m INFO[0m [2mswarmllm::network::manager[0m[2m:[0m DIAG: received response [3mpeer[0m[2m=[0m12D3KooWSUjzxjgP5ZfafMxfkMEMEo7RwrF7khpEAKaEMHgJ5Pfv [3mkind[0m[2m=[0m"ack" [3mrequest_id[0m[2m=[0mOutboundRequestId(118) [3mwas_tensor_forward[0m[2m=[0mfalse [3mpending_tensor_out[0m[2m=[0m0
[2m2026-03-16T02:11:55.420373Z[0m [32m INFO[0m [2mswarmllm::daemon::dispatch[0m[2m:[0m Received shard announce from peer [3mnode_id[0m[2m=[0mf78fbf0fba02769a [3mshards[0m[2m=[0m9
[2m2026-03-16T02:12:14.030404Z[0m [32m INFO[0m [2mswarmllm::network::manager[0m[2m:[0m DIAG: rr_ping sent (health check) [3mpeer_id[0m[2m=[0m12D3KooWSUjzxjgP5ZfafMxfkMEMEo7RwrF7khpEAKaEMHgJ5Pfv [3moutbound_id[0m[2m=[0mOutboundRequestId(119) [3mseq[0m[2m=[0m11 [3mrr_connected[0m[2m=[0mtrue [3mtotal_peers[0m[2m=[0m2 [3mpending_tensor_out[0m[2m=[0m0
[2m2026-03-16T02:12:14.030444Z[0m [32m INFO[0m [2mswarmllm::network::manager[0m[2m:[0m DIAG: rr_ping sent (health check) [3mpeer_id[0m[2m=[0m12D3KooWP3xpwmAoNWP3RboxdnMbaX94yTzW7WzgiZtJFDAWvdp1 [3moutbound_id[0m[2m=[0mOutboundRequestId(120) [3mseq[0m[2m=[0m11 [3mrr_connected[0m[2m=[0mtrue [3mtotal_peers[0m[2m=[0m2 [3mpending_tensor_out[0m[2m=[0m0
[2m2026-03-16T02:12:14.031660Z[0m [32m INFO[0m [2mswarmllm::network::manager[0m[2m:[0m DIAG: received response [3mpeer[0m[2m=[0m12D3KooWSUjzxjgP5ZfafMxfkMEMEo7RwrF7khpEAKaEMHgJ5Pfv [3mkind[0m[2m=[0m"message" [3mrequest_id[0m[2m=[0mOutboundRequestId(119) [3mwas_tensor_forward[0m[2m=[0mfalse [3mpending_tensor_out[0m[2m=[0m0
[2m2026-03-16T02:12:14.031700Z[0m [32m INFO[0m [2mswarmllm::network::manager[0m[2m:[0m DIAG: received response [3mpeer[0m[2m=[0m12D3KooWP3xpwmAoNWP3RboxdnMbaX94yTzW7WzgiZtJFDAWvdp1 [3mkind[0m[2m=[0m"message" [3mrequest_id[0m[2m=[0mOutboundRequestId(120) [3mwas_tensor_forward[0m[2m=[0mfalse [3mpending_tensor_out[0m[2m=[0m0
[2m2026-03-16T02:12:14.031723Z[0m [32m INFO[0m [2mswarmllm::network::manager[0m[2m:[0m Received request [3mpeer[0m[2m=[0m12D3KooWSUjzxjgP5ZfafMxfkMEMEo7RwrF7khpEAKaEMHgJ5Pfv [3mkind[0m[2m=[0m"message"
[2m2026-03-16T02:12:14.031770Z[0m [32m INFO[0m [2mswarmllm::network::manager[0m[2m:[0m Received request [3mpeer[0m[2m=[0m12D3KooWP3xpwmAoNWP3RboxdnMbaX94yTzW7WzgiZtJFDAWvdp1 [3mkind[0m[2m=[0m"message"
[2m2026-03-16T02:12:14.031911Z[0m [32m INFO[0m [2mswarmllm::network::manager[0m[2m:[0m DIAG: ResponseSent event — response written to wire [3mpeer[0m[2m=[0m12D3KooWP3xpwmAoNWP3RboxdnMbaX94yTzW7WzgiZtJFDAWvdp1 [3mrequest_id[0m[2m=[0mInboundRequestId(120)
[2m2026-03-16T02:12:14.031935Z[0m [32m INFO[0m [2mswarmllm::network::manager[0m[2m:[0m DIAG: ResponseSent event — response written to wire [3mpeer[0m[2m=[0m12D3KooWSUjzxjgP5ZfafMxfkMEMEo7RwrF7khpEAKaEMHgJ5Pfv [3mrequest_id[0m[2m=[0mInboundRequestId(119)
[2m2026-03-16T02:12:20.824150Z[0m [32m INFO[0m [2mswarmllm::network::manager[0m[2m:[0m Received request [3mpeer[0m[2m=[0m12D3KooWP3xpwmAoNWP3RboxdnMbaX94yTzW7WzgiZtJFDAWvdp1 [3mkind[0m[2m=[0m"message"
[2m2026-03-16T02:12:20.824421Z[0m [32m INFO[0m [2mswarmllm::network::manager[0m[2m:[0m DIAG: ResponseSent event — response written to wire [3mpeer[0m[2m=[0m12D3KooWP3xpwmAoNWP3RboxdnMbaX94yTzW7WzgiZtJFDAWvdp1 [3mrequest_id[0m[2m=[0mInboundRequestId(121)
[2m2026-03-16T02:12:20.825003Z[0m [32m INFO[0m [2mswarmllm::network::manager[0m[2m:[0m DIAG: received response [3mpeer[0m[2m=[0m12D3KooWP3xpwmAoNWP3RboxdnMbaX94yTzW7WzgiZtJFDAWvdp1 [3mkind[0m[2m=[0m"ack" [3mrequest_id[0m[2m=[0mOutboundRequestId(121) [3mwas_tensor_forward[0m[2m=[0mfalse [3mpending_tensor_out[0m[2m=[0m0
[2m2026-03-16T02:12:20.828572Z[0m [32m INFO[0m [2mswarmllm::daemon::dispatch[0m[2m:[0m Received shard announce from peer [3mnode_id[0m[2m=[0mc4a3ab5093da731a [3mshards[0m[2m=[0m6
[2m2026-03-16T02:12:20.828613Z[0m [32m INFO[0m [2mswarmllm::daemon::dispatch[0m[2m:[0m Received model manifest from network [3mmodel[0m[2m=[0mqwen2.5-coder-7b-instruct-q4-k-m [3mname[0m[2m=[0mQwen2.5 Coder 7B Instruct GGUF [3mshards[0m[2m=[0m8 [3mpublisher[0m[2m=[0mc4a3ab5093da731a
[2m2026-03-16T02:12:20.828753Z[0m [32m INFO[0m [2mswarmllm::model::registry[0m[2m:[0m DIAG: register_manifest [3mmodel[0m[2m=[0mqwen2.5-coder-7b-instruct-q4-k-m [3mname[0m[2m=[0mQwen2.5 Coder 7B Instruct GGUF [3mschema_version[0m[2m=[0m2 [3mshard_count[0m[2m=[0m8
[2m2026-03-16T02:12:22.558767Z[0m [32m INFO[0m [2mswarmllm::network::manager[0m[2m:[0m Received request [3mpeer[0m[2m=[0m12D3KooWSUjzxjgP5ZfafMxfkMEMEo7RwrF7khpEAKaEMHgJ5Pfv [3mkind[0m[2m=[0m"message"
[2m2026-03-16T02:12:22.559333Z[0m [32m INFO[0m [2mswarmllm::network::manager[0m[2m:[0m DIAG: ResponseSent event — response written to wire [3mpeer[0m[2m=[0m12D3KooWSUjzxjgP5ZfafMxfkMEMEo7RwrF7khpEAKaEMHgJ5Pfv [3mrequest_id[0m[2m=[0mInboundRequestId(122)
[2m2026-03-16T02:12:22.560081Z[0m [32m INFO[0m [2mswarmllm::network::manager[0m[2m:[0m DIAG: received response [3mpeer[0m[2m=[0m12D3KooWSUjzxjgP5ZfafMxfkMEMEo7RwrF7khpEAKaEMHgJ5Pfv [3mkind[0m[2m=[0m"ack" [3mrequest_id[0m[2m=[0mOutboundRequestId(122) [3mwas_tensor_forward[0m[2m=[0mfalse [3mpending_tensor_out[0m[2m=[0m0
[2m2026-03-16T02:12:22.561508Z[0m [32m INFO[0m [2mswarmllm::daemon::dispatch[0m[2m:[0m Received shard announce from peer [3mnode_id[0m[2m=[0mf78fbf0fba02769a [3mshards[0m[2m=[0m9
[2m2026-03-16T02:12:41.446987Z[0m [32m INFO[0m [2mswarmllm::network::manager[0m[2m:[0m Received request [3mpeer[0m[2m=[0m12D3KooWSUjzxjgP5ZfafMxfkMEMEo7RwrF7khpEAKaEMHgJ5Pfv [3mkind[0m[2m=[0m"message"
[2m2026-03-16T02:12:41.447228Z[0m [32m INFO[0m [2mswarmllm::network::manager[0m[2m:[0m DIAG: ResponseSent event — response written to wire [3mpeer[0m[2m=[0m12D3KooWSUjzxjgP5ZfafMxfkMEMEo7RwrF7khpEAKaEMHgJ5Pfv [3mrequest_id[0m[2m=[0mInboundRequestId(123)
[2m2026-03-16T02:12:41.447246Z[0m [32m INFO[0m [2mswarmllm::network::manager[0m[2m:[0m Received request [3mpeer[0m[2m=[0m12D3KooWP3xpwmAoNWP3RboxdnMbaX94yTzW7WzgiZtJFDAWvdp1 [3mkind[0m[2m=[0m"message"
[2m2026-03-16T02:12:41.447444Z[0m [32m INFO[0m [2mswarmllm::network::manager[0m[2m:[0m DIAG: ResponseSent event — response written to wire [3mpeer[0m[2m=[0m12D3KooWP3xpwmAoNWP3RboxdnMbaX94yTzW7WzgiZtJFDAWvdp1 [3mrequest_id[0m[2m=[0mInboundRequestId(124)
[2m2026-03-16T02:12:48.235498Z[0m [32m INFO[0m [2mswarmllm::network::manager[0m[2m:[0m DIAG: received response [3mpeer[0m[2m=[0m12D3KooWP3xpwmAoNWP3RboxdnMbaX94yTzW7WzgiZtJFDAWvdp1 [3mkind[0m[2m=[0m"ack" [3mrequest_id[0m[2m=[0mOutboundRequestId(123) [3mwas_tensor_forward[0m[2m=[0mfalse [3mpending_tensor_out[0m[2m=[0m0
[2m2026-03-16T02:12:48.237009Z[0m [32m INFO[0m [2mswarmllm::daemon::dispatch[0m[2m:[0m Received shard announce from peer [3mnode_id[0m[2m=[0mc4a3ab5093da731a [3mshards[0m[2m=[0m6
[2m2026-03-16T02:12:48.237965Z[0m [32m INFO[0m [2mswarmllm::daemon::dispatch[0m[2m:[0m Received model manifest from network [3mmodel[0m[2m=[0mqwen2.5-coder-7b-instruct-q4-k-m [3mname[0m[2m=[0mQwen2.5 Coder 7B Instruct GGUF [3mshards[0m[2m=[0m8 [3mpublisher[0m[2m=[0mc4a3ab5093da731a
[2m2026-03-16T02:12:48.238076Z[0m [32m INFO[0m [2mswarmllm::model::registry[0m[2m:[0m DIAG: register_manifest [3mmodel[0m[2m=[0mqwen2.5-coder-7b-instruct-q4-k-m [3mname[0m[2m=[0mQwen2.5 Coder 7B Instruct GGUF [3mschema_version[0m[2m=[0m2 [3mshard_count[0m[2m=[0m8
[2m2026-03-16T02:12:49.972755Z[0m [32m INFO[0m [2mswarmllm::network::manager[0m[2m:[0m DIAG: received response [3mpeer[0m[2m=[0m12D3KooWSUjzxjgP5ZfafMxfkMEMEo7RwrF7khpEAKaEMHgJ5Pfv [3mkind[0m[2m=[0m"ack" [3mrequest_id[0m[2m=[0mOutboundRequestId(124) [3mwas_tensor_forward[0m[2m=[0mfalse [3mpending_tensor_out[0m[2m=[0m0
[2m2026-03-16T02:12:49.975427Z[0m [32m INFO[0m [2mswarmllm::daemon::dispatch[0m[2m:[0m Received shard announce from peer [3mnode_id[0m[2m=[0mf78fbf0fba02769a [3mshards[0m[2m=[0m9
[2m2026-03-16T02:13:08.536470Z[0m [32m INFO[0m [2mswarmllm::network::manager[0m[2m:[0m Received request [3mpeer[0m[2m=[0m12D3KooWSUjzxjgP5ZfafMxfkMEMEo7RwrF7khpEAKaEMHgJ5Pfv [3mkind[0m[2m=[0m"message"
[2m2026-03-16T02:13:08.536696Z[0m [32m INFO[0m [2mswarmllm::network::manager[0m[2m:[0m Received request [3mpeer[0m[2m=[0m12D3KooWP3xpwmAoNWP3RboxdnMbaX94yTzW7WzgiZtJFDAWvdp1 [3mkind[0m[2m=[0m"message"
[2m2026-03-16T02:13:08.536862Z[0m [32m INFO[0m [2mswarmllm::network::manager[0m[2m:[0m DIAG: ResponseSent event — response written to wire [3mpeer[0m[2m=[0m12D3KooWP3xpwmAoNWP3RboxdnMbaX94yTzW7WzgiZtJFDAWvdp1 [3mrequest_id[0m[2m=[0mInboundRequestId(126)
[2m2026-03-16T02:13:08.536904Z[0m [32m INFO[0m [2mswarmllm::network::manager[0m[2m:[0m DIAG: ResponseSent event — response written to wire [3mpeer[0m[2m=[0m12D3KooWSUjzxjgP5ZfafMxfkMEMEo7RwrF7khpEAKaEMHgJ5Pfv [3mrequest_id[0m[2m=[0mInboundRequestId(125)
[2m2026-03-16T02:13:15.323051Z[0m [32m INFO[0m [2mswarmllm::network::manager[0m[2m:[0m DIAG: received response [3mpeer[0m[2m=[0m12D3KooWP3xpwmAoNWP3RboxdnMbaX94yTzW7WzgiZtJFDAWvdp1 [3mkind[0m[2m=[0m"ack" [3mrequest_id[0m[2m=[0mOutboundRequestId(125) [3mwas_tensor_forward[0m[2m=[0mfalse [3mpending_tensor_out[0m[2m=[0m0
[2m2026-03-16T02:13:15.326737Z[0m [32m INFO[0m [2mswarmllm::daemon::dispatch[0m[2m:[0m Received shard announce from peer [3mnode_id[0m[2m=[0mc4a3ab5093da731a [3mshards[0m[2m=[0m6
[2m2026-03-16T02:13:15.326825Z[0m [32m INFO[0m [2mswarmllm::daemon::dispatch[0m[2m:[0m Received model manifest from network [3mmodel[0m[2m=[0mqwen2.5-coder-7b-instruct-q4-k-m [3mname[0m[2m=[0mQwen2.5 Coder 7B Instruct GGUF [3mshards[0m[2m=[0m8 [3mpublisher[0m[2m=[0mc4a3ab5093da731a
[2m2026-03-16T02:13:15.326920Z[0m [32m INFO[0m [2mswarmllm::model::registry[0m[2m:[0m DIAG: register_manifest [3mmodel[0m[2m=[0mqwen2.5-coder-7b-instruct-q4-k-m [3mname[0m[2m=[0mQwen2.5 Coder 7B Instruct GGUF [3mschema_version[0m[2m=[0m2 [3mshard_count[0m[2m=[0m8
[2m2026-03-16T02:13:17.066542Z[0m [32m INFO[0m [2mswarmllm::network::manager[0m[2m:[0m DIAG: received response [3mpeer[0m[2m=[0m12D3KooWSUjzxjgP5ZfafMxfkMEMEo7RwrF7khpEAKaEMHgJ5Pfv [3mkind[0m[2m=[0m"ack" [3mrequest_id[0m[2m=[0mOutboundRequestId(126) [3mwas_tensor_forward[0m[2m=[0mfalse [3mpending_tensor_out[0m[2m=[0m0
[2m2026-03-16T02:13:17.068312Z[0m [32m INFO[0m [2mswarmllm::daemon::dispatch[0m[2m:[0m Received shard announce from peer [3mnode_id[0m[2m=[0mf78fbf0fba02769a [3mshards[0m[2m=[0m9
[2m2026-03-16T02:13:35.979370Z[0m [32m INFO[0m [2mswarmllm::network::manager[0m[2m:[0m Received request [3mpeer[0m[2m=[0m12D3KooWP3xpwmAoNWP3RboxdnMbaX94yTzW7WzgiZtJFDAWvdp1 [3mkind[0m[2m=[0m"message"
[2m2026-03-16T02:13:35.979532Z[0m [32m INFO[0m [2mswarmllm::network::manager[0m[2m:[0m DIAG: ResponseSent event — response written to wire [3mpeer[0m[2m=[0m12D3KooWP3xpwmAoNWP3RboxdnMbaX94yTzW7WzgiZtJFDAWvdp1 [3mrequest_id[0m[2m=[0mInboundRequestId(127)
[2m2026-03-16T02:13:35.979862Z[0m [32m INFO[0m [2mswarmllm::network::manager[0m[2m:[0m Received request [3mpeer[0m[2m=[0m12D3KooWSUjzxjgP5ZfafMxfkMEMEo7RwrF7khpEAKaEMHgJ5Pfv [3mkind[0m[2m=[0m"message"
[2m2026-03-16T02:13:35.980075Z[0m [32m INFO[0m [2mswarmllm::network::manager[0m[2m:[0m DIAG: ResponseSent event — response written to wire [3mpeer[0m[2m=[0m12D3KooWSUjzxjgP5ZfafMxfkMEMEo7RwrF7khpEAKaEMHgJ5Pfv [3mrequest_id[0m[2m=[0mInboundRequestId(128)
[2m2026-03-16T02:13:42.764819Z[0m [32m INFO[0m [2mswarmllm::network::manager[0m[2m:[0m DIAG: received response [3mpeer[0m[2m=[0m12D3KooWP3xpwmAoNWP3RboxdnMbaX94yTzW7WzgiZtJFDAWvdp1 [3mkind[0m[2m=[0m"ack" [3mrequest_id[0m[2m=[0mOutboundRequestId(127) [3mwas_tensor_forward[0m[2m=[0mfalse [3mpending_tensor_out[0m[2m=[0m0
[2m2026-03-16T02:13:42.770685Z[0m [32m INFO[0m [2mswarmllm::daemon::dispatch[0m[2m:[0m Received shard announce from peer [3mnode_id[0m[2m=[0mc4a3ab5093da731a [3mshards[0m[2m=[0m6
[2m2026-03-16T02:13:42.770743Z[0m [32m INFO[0m [2mswarmllm::daemon::dispatch[0m[2m:[0m Received model manifest from network [3mmodel[0m[2m=[0mqwen2.5-coder-7b-instruct-q4-k-m [3mname[0m[2m=[0mQwen2.5 Coder 7B Instruct GGUF [3mshards[0m[2m=[0m8 [3mpublisher[0m[2m=[0mc4a3ab5093da731a
[2m2026-03-16T02:13:42.770880Z[0m [32m INFO[0m [2mswarmllm::model::registry[0m[2m:[0m DIAG: register_manifest [3mmodel[0m[2m=[0mqwen2.5-coder-7b-instruct-q4-k-m [3mname[0m[2m=[0mQwen2.5 Coder 7B Instruct GGUF [3mschema_version[0m[2m=[0m2 [3mshard_count[0m[2m=[0m8
[2m2026-03-16T02:13:44.506696Z[0m [32m INFO[0m [2mswarmllm::network::manager[0m[2m:[0m DIAG: received response [3mpeer[0m[2m=[0m12D3KooWSUjzxjgP5ZfafMxfkMEMEo7RwrF7khpEAKaEMHgJ5Pfv [3mkind[0m[2m=[0m"ack" [3mrequest_id[0m[2m=[0mOutboundRequestId(128) [3mwas_tensor_forward[0m[2m=[0mfalse [3mpending_tensor_out[0m[2m=[0m0
[2m2026-03-16T02:13:44.508543Z[0m [32m INFO[0m [2mswarmllm::daemon::dispatch[0m[2m:[0m Received shard announce from peer [3mnode_id[0m[2m=[0mf78fbf0fba02769a [3mshards[0m[2m=[0m9
[2m2026-03-16T02:14:03.013193Z[0m [32m INFO[0m [2mswarmllm::network::manager[0m[2m:[0m DIAG: rr_ping sent (health check) [3mpeer_id[0m[2m=[0m12D3KooWSUjzxjgP5ZfafMxfkMEMEo7RwrF7khpEAKaEMHgJ5Pfv [3moutbound_id[0m[2m=[0mOutboundRequestId(129) [3mseq[0m[2m=[0m12 [3mrr_connected[0m[2m=[0mtrue [3mtotal_peers[0m[2m=[0m2 [3mpending_tensor_out[0m[2m=[0m0
[2m2026-03-16T02:14:03.013273Z[0m [32m INFO[0m [2mswarmllm::network::manager[0m[2m:[0m DIAG: rr_ping sent (health check) [3mpeer_id[0m[2m=[0m12D3KooWP3xpwmAoNWP3RboxdnMbaX94yTzW7WzgiZtJFDAWvdp1 [3moutbound_id[0m[2m=[0mOutboundRequestId(130) [3mseq[0m[2m=[0m12 [3mrr_connected[0m[2m=[0mtrue [3mtotal_peers[0m[2m=[0m2 [3mpending_tensor_out[0m[2m=[0m0
[2m2026-03-16T02:14:03.014917Z[0m [32m INFO[0m [2mswarmllm::network::manager[0m[2m:[0m DIAG: received response [3mpeer[0m[2m=[0m12D3KooWSUjzxjgP5ZfafMxfkMEMEo7RwrF7khpEAKaEMHgJ5Pfv [3mkind[0m[2m=[0m"message" [3mrequest_id[0m[2m=[0mOutboundRequestId(129) [3mwas_tensor_forward[0m[2m=[0mfalse [3mpending_tensor_out[0m[2m=[0m0
[2m2026-03-16T02:14:03.014967Z[0m [32m INFO[0m [2mswarmllm::network::manager[0m[2m:[0m DIAG: received response [3mpeer[0m[2m=[0m12D3KooWP3xpwmAoNWP3RboxdnMbaX94yTzW7WzgiZtJFDAWvdp1 [3mkind[0m[2m=[0m"message" [3mrequest_id[0m[2m=[0mOutboundRequestId(130) [3mwas_tensor_forward[0m[2m=[0mfalse [3mpending_tensor_out[0m[2m=[0m0
[2m2026-03-16T02:14:03.015305Z[0m [32m INFO[0m [2mswarmllm::network::manager[0m[2m:[0m Received request [3mpeer[0m[2m=[0m12D3KooWP3xpwmAoNWP3RboxdnMbaX94yTzW7WzgiZtJFDAWvdp1 [3mkind[0m[2m=[0m"message"
[2m2026-03-16T02:14:03.015371Z[0m [32m INFO[0m [2mswarmllm::network::manager[0m[2m:[0m Received request [3mpeer[0m[2m=[0m12D3KooWSUjzxjgP5ZfafMxfkMEMEo7RwrF7khpEAKaEMHgJ5Pfv [3mkind[0m[2m=[0m"message"
[2m2026-03-16T02:14:03.015472Z[0m [32m INFO[0m [2mswarmllm::network::manager[0m[2m:[0m DIAG: ResponseSent event — response written to wire [3mpeer[0m[2m=[0m12D3KooWP3xpwmAoNWP3RboxdnMbaX94yTzW7WzgiZtJFDAWvdp1 [3mrequest_id[0m[2m=[0mInboundRequestId(129)
[2m2026-03-16T02:14:03.015513Z[0m [32m INFO[0m [2mswarmllm::network::manager[0m[2m:[0m DIAG: ResponseSent event — response written to wire [3mpeer[0m[2m=[0m12D3KooWSUjzxjgP5ZfafMxfkMEMEo7RwrF7khpEAKaEMHgJ5Pfv [3mrequest_id[0m[2m=[0mInboundRequestId(130)
[2m2026-03-16T02:14:09.805084Z[0m [32m INFO[0m [2mswarmllm::network::manager[0m[2m:[0m Received request [3mpeer[0m[2m=[0m12D3KooWP3xpwmAoNWP3RboxdnMbaX94yTzW7WzgiZtJFDAWvdp1 [3mkind[0m[2m=[0m"message"
[2m2026-03-16T02:14:09.805360Z[0m [32m INFO[0m [2mswarmllm::network::manager[0m[2m:[0m DIAG: ResponseSent event — response written to wire [3mpeer[0m[2m=[0m12D3KooWP3xpwmAoNWP3RboxdnMbaX94yTzW7WzgiZtJFDAWvdp1 [3mrequest_id[0m[2m=[0mInboundRequestId(131)
[2m2026-03-16T02:14:09.806242Z[0m [32m INFO[0m [2mswarmllm::network::manager[0m[2m:[0m DIAG: received response [3mpeer[0m[2m=[0m12D3KooWP3xpwmAoNWP3RboxdnMbaX94yTzW7WzgiZtJFDAWvdp1 [3mkind[0m[2m=[0m"ack" [3mrequest_id[0m[2m=[0mOutboundRequestId(131) [3mwas_tensor_forward[0m[2m=[0mfalse [3mpending_tensor_out[0m[2m=[0m0
[2m2026-03-16T02:14:09.810657Z[0m [32m INFO[0m [2mswarmllm::daemon::dispatch[0m[2m:[0m Received shard announce from peer [3mnode_id[0m[2m=[0mc4a3ab5093da731a [3mshards[0m[2m=[0m6
[2m2026-03-16T02:14:09.810703Z[0m [32m INFO[0m [2mswarmllm::daemon::dispatch[0m[2m:[0m Received model manifest from network [3mmodel[0m[2m=[0mqwen2.5-coder-7b-instruct-q4-k-m [3mname[0m[2m=[0mQwen2.5 Coder 7B Instruct GGUF [3mshards[0m[2m=[0m8 [3mpublisher[0m[2m=[0mc4a3ab5093da731a
[2m2026-03-16T02:14:09.810802Z[0m [32m INFO[0m [2mswarmllm::model::registry[0m[2m:[0m DIAG: register_manifest [3mmodel[0m[2m=[0mqwen2.5-coder-7b-instruct-q4-k-m [3mname[0m[2m=[0mQwen2.5 Coder 7B Instruct GGUF [3mschema_version[0m[2m=[0m2 [3mshard_count[0m[2m=[0m8
[2m2026-03-16T02:14:11.540539Z[0m [32m INFO[0m [2mswarmllm::network::manager[0m[2m:[0m Received request [3mpeer[0m[2m=[0m12D3KooWSUjzxjgP5ZfafMxfkMEMEo7RwrF7khpEAKaEMHgJ5Pfv [3mkind[0m[2m=[0m"message"
[2m2026-03-16T02:14:11.540901Z[0m [32m INFO[0m [2mswarmllm::network::manager[0m[2m:[0m DIAG: ResponseSent event — response written to wire [3mpeer[0m[2m=[0m12D3KooWSUjzxjgP5ZfafMxfkMEMEo7RwrF7khpEAKaEMHgJ5Pfv [3mrequest_id[0m[2m=[0mInboundRequestId(132)
[2m2026-03-16T02:14:11.541724Z[0m [32m INFO[0m [2mswarmllm::network::manager[0m[2m:[0m DIAG: received response [3mpeer[0m[2m=[0m12D3KooWSUjzxjgP5ZfafMxfkMEMEo7RwrF7khpEAKaEMHgJ5Pfv [3mkind[0m[2m=[0m"ack" [3mrequest_id[0m[2m=[0mOutboundRequestId(132) [3mwas_tensor_forward[0m[2m=[0mfalse [3mpending_tensor_out[0m[2m=[0m0
[2m2026-03-16T02:14:11.547496Z[0m [32m INFO[0m [2mswarmllm::daemon::dispatch[0m[2m:[0m Received shard announce from peer [3mnode_id[0m[2m=[0mf78fbf0fba02769a [3mshards[0m[2m=[0m9
[2m2026-03-16T02:14:30.523471Z[0m [32m INFO[0m [2mswarmllm::network::manager[0m[2m:[0m Received request [3mpeer[0m[2m=[0m12D3KooWSUjzxjgP5ZfafMxfkMEMEo7RwrF7khpEAKaEMHgJ5Pfv [3mkind[0m[2m=[0m"message"
[2m2026-03-16T02:14:30.523583Z[0m [32m INFO[0m [2mswarmllm::network::manager[0m[2m:[0m Received request [3mpeer[0m[2m=[0m12D3KooWP3xpwmAoNWP3RboxdnMbaX94yTzW7WzgiZtJFDAWvdp1 [3mkind[0m[2m=[0m"message"
[2m2026-03-16T02:14:30.523767Z[0m [32m INFO[0m [2mswarmllm::network::manager[0m[2m:[0m DIAG: ResponseSent event — response written to wire [3mpeer[0m[2m=[0m12D3KooWSUjzxjgP5ZfafMxfkMEMEo7RwrF7khpEAKaEMHgJ5Pfv [3mrequest_id[0m[2m=[0mInboundRequestId(134)
[2m2026-03-16T02:14:30.523804Z[0m [32m INFO[0m [2mswarmllm::network::manager[0m[2m:[0m DIAG: ResponseSent event — response written to wire [3mpeer[0m[2m=[0m12D3KooWP3xpwmAoNWP3RboxdnMbaX94yTzW7WzgiZtJFDAWvdp1 [3mrequest_id[0m[2m=[0mInboundRequestId(133)
[2m2026-03-16T02:14:37.307255Z[0m [32m INFO[0m [2mswarmllm::network::manager[0m[2m:[0m DIAG: received response [3mpeer[0m[2m=[0m12D3KooWP3xpwmAoNWP3RboxdnMbaX94yTzW7WzgiZtJFDAWvdp1 [3mkind[0m[2m=[0m"ack" [3mrequest_id[0m[2m=[0mOutboundRequestId(133) [3mwas_tensor_forward[0m[2m=[0mfalse [3mpending_tensor_out[0m[2m=[0m0
[2m2026-03-16T02:14:37.311091Z[0m [32m INFO[0m [2mswarmllm::daemon::dispatch[0m[2m:[0m Received shard announce from peer [3mnode_id[0m[2m=[0mc4a3ab5093da731a [3mshards[0m[2m=[0m6
[2m2026-03-16T02:14:37.311124Z[0m [32m INFO[0m [2mswarmllm::daemon::dispatch[0m[2m:[0m Received model manifest from network [3mmodel[0m[2m=[0mqwen2.5-coder-7b-instruct-q4-k-m [3mname[0m[2m=[0mQwen2.5 Coder 7B Instruct GGUF [3mshards[0m[2m=[0m8 [3mpublisher[0m[2m=[0mc4a3ab5093da731a
[2m2026-03-16T02:14:37.311257Z[0m [32m INFO[0m [2mswarmllm::model::registry[0m[2m:[0m DIAG: register_manifest [3mmodel[0m[2m=[0mqwen2.5-coder-7b-instruct-q4-k-m [3mname[0m[2m=[0mQwen2.5 Coder 7B Instruct GGUF [3mschema_version[0m[2m=[0m2 [3mshard_count[0m[2m=[0m8
[2m2026-03-16T02:14:39.045061Z[0m [32m INFO[0m [2mswarmllm::network::manager[0m[2m:[0m DIAG: received response [3mpeer[0m[2m=[0m12D3KooWSUjzxjgP5ZfafMxfkMEMEo7RwrF7khpEAKaEMHgJ5Pfv [3mkind[0m[2m=[0m"ack" [3mrequest_id[0m[2m=[0mOutboundRequestId(134) [3mwas_tensor_forward[0m[2m=[0mfalse [3mpending_tensor_out[0m[2m=[0m0
[2m2026-03-16T02:14:39.047611Z[0m [32m INFO[0m [2mswarmllm::daemon::dispatch[0m[2m:[0m Received shard announce from peer [3mnode_id[0m[2m=[0mf78fbf0fba02769a [3mshards[0m[2m=[0m9
[2m2026-03-16T02:14:57.515376Z[0m [32m INFO[0m [2mswarmllm::network::peer_cache[0m[2m:[0m Loaded cached peers from last session [3mcount[0m[2m=[0m6
[2m2026-03-16T02:14:57.519086Z[0m [32m INFO[0m [2mswarmllm::credit::ledger[0m[2m:[0m Gossiping credit balance [3mbalance_bucket[0m[2m=[0m-21800 [3mtier[0m[2m=[0mBronze
[2m2026-03-16T02:14:57.530142Z[0m [32m INFO[0m [2mswarmllm::network::manager[0m[2m:[0m Received request [3mpeer[0m[2m=[0m12D3KooWP3xpwmAoNWP3RboxdnMbaX94yTzW7WzgiZtJFDAWvdp1 [3mkind[0m[2m=[0m"message"
[2m2026-03-16T02:14:57.530362Z[0m [32m INFO[0m [2mswarmllm::network::manager[0m[2m:[0m DIAG: ResponseSent event — response written to wire [3mpeer[0m[2m=[0m12D3KooWP3xpwmAoNWP3RboxdnMbaX94yTzW7WzgiZtJFDAWvdp1 [3mrequest_id[0m[2m=[0mInboundRequestId(135)
[2m2026-03-16T02:14:57.530924Z[0m [32m INFO[0m [2mswarmllm::network::manager[0m[2m:[0m Received request [3mpeer[0m[2m=[0m12D3KooWSUjzxjgP5ZfafMxfkMEMEo7RwrF7khpEAKaEMHgJ5Pfv [3mkind[0m[2m=[0m"message"
[2m2026-03-16T02:14:57.531071Z[0m [32m INFO[0m [2mswarmllm::network::manager[0m[2m:[0m DIAG: ResponseSent event — response written to wire [3mpeer[0m[2m=[0m12D3KooWSUjzxjgP5ZfafMxfkMEMEo7RwrF7khpEAKaEMHgJ5Pfv [3mrequest_id[0m[2m=[0mInboundRequestId(136)
[2m2026-03-16T02:15:04.310802Z[0m [32m INFO[0m [2mswarmllm::network::manager[0m[2m:[0m DIAG: received response [3mpeer[0m[2m=[0m12D3KooWP3xpwmAoNWP3RboxdnMbaX94yTzW7WzgiZtJFDAWvdp1 [3mkind[0m[2m=[0m"ack" [3mrequest_id[0m[2m=[0mOutboundRequestId(135) [3mwas_tensor_forward[0m[2m=[0mfalse [3mpending_tensor_out[0m[2m=[0m0
[2m2026-03-16T02:15:04.310897Z[0m [32m INFO[0m [2mswarmllm::network::manager[0m[2m:[0m DIAG: key exchange initiated [3mpeer_id[0m[2m=[0m12D3KooWP3xpwmAoNWP3RboxdnMbaX94yTzW7WzgiZtJFDAWvdp1 [3mnode_id[0m[2m=[0mc4a3ab5093da731a [3msession_type[0m[2m=[0m"static"
[2m2026-03-16T02:15:04.311004Z[0m [32m INFO[0m [2mswarmllm::network::manager[0m[2m:[0m DIAG: encryption session established [3mpeer_id[0m[2m=[0m12D3KooWP3xpwmAoNWP3RboxdnMbaX94yTzW7WzgiZtJFDAWvdp1 [3mnode_id[0m[2m=[0mc4a3ab5093da731a [3msession_type[0m[2m=[0m"static" [3msession_count[0m[2m=[0m2
[2m2026-03-16T02:15:04.314091Z[0m [32m INFO[0m [2mswarmllm::daemon::dispatch[0m[2m:[0m Received shard announce from peer [3mnode_id[0m[2m=[0mc4a3ab5093da731a [3mshards[0m[2m=[0m6
[2m2026-03-16T02:15:04.314124Z[0m [32m INFO[0m [2mswarmllm::daemon::dispatch[0m[2m:[0m Received model manifest from network [3mmodel[0m[2m=[0mqwen2.5-coder-7b-instruct-q4-k-m [3mname[0m[2m=[0mQwen2.5 Coder 7B Instruct GGUF [3mshards[0m[2m=[0m8 [3mpublisher[0m[2m=[0mc4a3ab5093da731a
[2m2026-03-16T02:15:04.314261Z[0m [32m INFO[0m [2mswarmllm::model::registry[0m[2m:[0m DIAG: register_manifest [3mmodel[0m[2m=[0mqwen2.5-coder-7b-instruct-q4-k-m [3mname[0m[2m=[0mQwen2.5 Coder 7B Instruct GGUF [3mschema_version[0m[2m=[0m2 [3mshard_count[0m[2m=[0m8
[2m2026-03-16T02:15:06.054165Z[0m [32m INFO[0m [2mswarmllm::daemon::dispatch[0m[2m:[0m Received shard announce from peer [3mnode_id[0m[2m=[0mf78fbf0fba02769a [3mshards[0m[2m=[0m9
[2m2026-03-16T02:15:06.055842Z[0m [32m INFO[0m [2mswarmllm::network::manager[0m[2m:[0m DIAG: received response [3mpeer[0m[2m=[0m12D3KooWSUjzxjgP5ZfafMxfkMEMEo7RwrF7khpEAKaEMHgJ5Pfv [3mkind[0m[2m=[0m"ack" [3mrequest_id[0m[2m=[0mOutboundRequestId(136) [3mwas_tensor_forward[0m[2m=[0mfalse [3mpending_tensor_out[0m[2m=[0m0
[2m2026-03-16T02:15:06.056246Z[0m [32m INFO[0m [2mswarmllm::network::manager[0m[2m:[0m DIAG: key exchange initiated [3mpeer_id[0m[2m=[0m12D3KooWSUjzxjgP5ZfafMxfkMEMEo7RwrF7khpEAKaEMHgJ5Pfv [3mnode_id[0m[2m=[0mf78fbf0fba02769a [3msession_type[0m[2m=[0m"static"
[2m2026-03-16T02:15:06.056357Z[0m [32m INFO[0m [2mswarmllm::network::manager[0m[2m:[0m DIAG: encryption session established [3mpeer_id[0m[2m=[0m12D3KooWSUjzxjgP5ZfafMxfkMEMEo7RwrF7khpEAKaEMHgJ5Pfv [3mnode_id[0m[2m=[0mf78fbf0fba02769a [3msession_type[0m[2m=[0m"static" [3msession_count[0m[2m=[0m2
[2m2026-03-16T02:15:25.003761Z[0m [32m INFO[0m [2mswarmllm::network::manager[0m[2m:[0m Received request [3mpeer[0m[2m=[0m12D3KooWSUjzxjgP5ZfafMxfkMEMEo7RwrF7khpEAKaEMHgJ5Pfv [3mkind[0m[2m=[0m"message"
[2m2026-03-16T02:15:25.003840Z[0m [32m INFO[0m [2mswarmllm::network::manager[0m[2m:[0m Received request [3mpeer[0m[2m=[0m12D3KooWP3xpwmAoNWP3RboxdnMbaX94yTzW7WzgiZtJFDAWvdp1 [3mkind[0m[2m=[0m"message"
[2m2026-03-16T02:15:25.003986Z[0m [32m INFO[0m [2mswarmllm::network::manager[0m[2m:[0m DIAG: ResponseSent event — response written to wire [3mpeer[0m[2m=[0m12D3KooWP3xpwmAoNWP3RboxdnMbaX94yTzW7WzgiZtJFDAWvdp1 [3mrequest_id[0m[2m=[0mInboundRequestId(138)
[2m2026-03-16T02:15:25.004026Z[0m [32m INFO[0m [2mswarmllm::network::manager[0m[2m:[0m DIAG: ResponseSent event — response written to wire [3mpeer[0m[2m=[0m12D3KooWSUjzxjgP5ZfafMxfkMEMEo7RwrF7khpEAKaEMHgJ5Pfv [3mrequest_id[0m[2m=[0mInboundRequestId(137)
[2m2026-03-16T02:15:31.787782Z[0m [32m INFO[0m [2mswarmllm::network::manager[0m[2m:[0m DIAG: received response [3mpeer[0m[2m=[0m12D3KooWP3xpwmAoNWP3RboxdnMbaX94yTzW7WzgiZtJFDAWvdp1 [3mkind[0m[2m=[0m"ack" [3mrequest_id[0m[2m=[0mOutboundRequestId(137) [3mwas_tensor_forward[0m[2m=[0mfalse [3mpending_tensor_out[0m[2m=[0m0
[2m2026-03-16T02:15:31.789857Z[0m [32m INFO[0m [2mswarmllm::daemon::dispatch[0m[2m:[0m Received shard announce from peer [3mnode_id[0m[2m=[0mc4a3ab5093da731a [3mshards[0m[2m=[0m6
[2m2026-03-16T02:15:31.791080Z[0m [32m INFO[0m [2mswarmllm::daemon::dispatch[0m[2m:[0m Received model manifest from network [3mmodel[0m[2m=[0mqwen2.5-coder-7b-instruct-q4-k-m [3mname[0m[2m=[0mQwen2.5 Coder 7B Instruct GGUF [3mshards[0m[2m=[0m8 [3mpublisher[0m[2m=[0mc4a3ab5093da731a
[2m2026-03-16T02:15:31.791214Z[0m [32m INFO[0m [2mswarmllm::model::registry[0m[2m:[0m DIAG: register_manifest [3mmodel[0m[2m=[0mqwen2.5-coder-7b-instruct-q4-k-m [3mname[0m[2m=[0mQwen2.5 Coder 7B Instruct GGUF [3mschema_version[0m[2m=[0m2 [3mshard_count[0m[2m=[0m8
[2m2026-03-16T02:15:33.526711Z[0m [32m INFO[0m [2mswarmllm::network::manager[0m[2m:[0m DIAG: received response [3mpeer[0m[2m=[0m12D3KooWSUjzxjgP5ZfafMxfkMEMEo7RwrF7khpEAKaEMHgJ5Pfv [3mkind[0m[2m=[0m"ack" [3mrequest_id[0m[2m=[0mOutboundRequestId(138) [3mwas_tensor_forward[0m[2m=[0mfalse [3mpending_tensor_out[0m[2m=[0m0
[2m2026-03-16T02:15:33.528537Z[0m [32m INFO[0m [2mswarmllm::daemon::dispatch[0m[2m:[0m Received shard announce from peer [3mnode_id[0m[2m=[0mf78fbf0fba02769a [3mshards[0m[2m=[0m9
[2m2026-03-16T02:15:52.347341Z[0m [32m INFO[0m [2mswarmllm::network::manager[0m[2m:[0m DIAG: rr_ping sent (health check) [3mpeer_id[0m[2m=[0m12D3KooWSUjzxjgP5ZfafMxfkMEMEo7RwrF7khpEAKaEMHgJ5Pfv [3moutbound_id[0m[2m=[0mOutboundRequestId(139) [3mseq[0m[2m=[0m13 [3mrr_connected[0m[2m=[0mtrue [3mtotal_peers[0m[2m=[0m2 [3mpending_tensor_out[0m[2m=[0m0
[2m2026-03-16T02:15:52.347411Z[0m [32m INFO[0m [2mswarmllm::network::manager[0m[2m:[0m DIAG: rr_ping sent (health check) [3mpeer_id[0m[2m=[0m12D3KooWP3xpwmAoNWP3RboxdnMbaX94yTzW7WzgiZtJFDAWvdp1 [3moutbound_id[0m[2m=[0mOutboundRequestId(140) [3mseq[0m[2m=[0m13 [3mrr_connected[0m[2m=[0mtrue [3mtotal_peers[0m[2m=[0m2 [3mpending_tensor_out[0m[2m=[0m0
[2m2026-03-16T02:15:52.349001Z[0m [32m INFO[0m [2mswarmllm::network::manager[0m[2m:[0m DIAG: received response [3mpeer[0m[2m=[0m12D3KooWP3xpwmAoNWP3RboxdnMbaX94yTzW7WzgiZtJFDAWvdp1 [3mkind[0m[2m=[0m"message" [3mrequest_id[0m[2m=[0mOutboundRequestId(140) [3mwas_tensor_forward[0m[2m=[0mfalse [3mpending_tensor_out[0m[2m=[0m0
[2m2026-03-16T02:15:52.349053Z[0m [32m INFO[0m [2mswarmllm::network::manager[0m[2m:[0m DIAG: received response [3mpeer[0m[2m=[0m12D3KooWSUjzxjgP5ZfafMxfkMEMEo7RwrF7khpEAKaEMHgJ5Pfv [3mkind[0m[2m=[0m"message" [3mrequest_id[0m[2m=[0mOutboundRequestId(139) [3mwas_tensor_forward[0m[2m=[0mfalse [3mpending_tensor_out[0m[2m=[0m0
[2m2026-03-16T02:15:52.349078Z[0m [32m INFO[0m [2mswarmllm::network::manager[0m[2m:[0m Received request [3mpeer[0m[2m=[0m12D3KooWP3xpwmAoNWP3RboxdnMbaX94yTzW7WzgiZtJFDAWvdp1 [3mkind[0m[2m=[0m"message"
[2m2026-03-16T02:15:52.349173Z[0m [32m INFO[0m [2mswarmllm::network::manager[0m[2m:[0m Received request [3mpeer[0m[2m=[0m12D3KooWSUjzxjgP5ZfafMxfkMEMEo7RwrF7khpEAKaEMHgJ5Pfv [3mkind[0m[2m=[0m"message"
[2m2026-03-16T02:15:52.349255Z[0m [32m INFO[0m [2mswarmllm::network::manager[0m[2m:[0m DIAG: ResponseSent event — response written to wire [3mpeer[0m[2m=[0m12D3KooWP3xpwmAoNWP3RboxdnMbaX94yTzW7WzgiZtJFDAWvdp1 [3mrequest_id[0m[2m=[0mInboundRequestId(139)
[2m2026-03-16T02:15:52.349420Z[0m [32m INFO[0m [2mswarmllm::network::manager[0m[2m:[0m DIAG: ResponseSent event — response written to wire [3mpeer[0m[2m=[0m12D3KooWSUjzxjgP5ZfafMxfkMEMEo7RwrF7khpEAKaEMHgJ5Pfv [3mrequest_id[0m[2m=[0mInboundRequestId(140)
[2m2026-03-16T02:15:59.136669Z[0m [32m INFO[0m [2mswarmllm::network::manager[0m[2m:[0m Received request [3mpeer[0m[2m=[0m12D3KooWP3xpwmAoNWP3RboxdnMbaX94yTzW7WzgiZtJFDAWvdp1 [3mkind[0m[2m=[0m"message"
[2m2026-03-16T02:15:59.136903Z[0m [32m INFO[0m [2mswarmllm::network::manager[0m[2m:[0m DIAG: ResponseSent event — response written to wire [3mpeer[0m[2m=[0m12D3KooWP3xpwmAoNWP3RboxdnMbaX94yTzW7WzgiZtJFDAWvdp1 [3mrequest_id[0m[2m=[0mInboundRequestId(141)
[2m2026-03-16T02:15:59.137852Z[0m [32m INFO[0m [2mswarmllm::network::manager[0m[2m:[0m DIAG: received response [3mpeer[0m[2m=[0m12D3KooWP3xpwmAoNWP3RboxdnMbaX94yTzW7WzgiZtJFDAWvdp1 [3mkind[0m[2m=[0m"ack" [3mrequest_id[0m[2m=[0mOutboundRequestId(141) [3mwas_tensor_forward[0m[2m=[0mfalse [3mpending_tensor_out[0m[2m=[0m0
[2m2026-03-16T02:15:59.141584Z[0m [32m INFO[0m [2mswarmllm::daemon::dispatch[0m[2m:[0m Received shard announce from peer [3mnode_id[0m[2m=[0mc4a3ab5093da731a [3mshards[0m[2m=[0m6
[2m2026-03-16T02:15:59.141618Z[0m [32m INFO[0m [2mswarmllm::daemon::dispatch[0m[2m:[0m Received model manifest from network [3mmodel[0m[2m=[0mqwen2.5-coder-7b-instruct-q4-k-m [3mname[0m[2m=[0mQwen2.5 Coder 7B Instruct GGUF [3mshards[0m[2m=[0m8 [3mpublisher[0m[2m=[0mc4a3ab5093da731a
[2m2026-03-16T02:15:59.141720Z[0m [32m INFO[0m [2mswarmllm::model::registry[0m[2m:[0m DIAG: register_manifest [3mmodel[0m[2m=[0mqwen2.5-coder-7b-instruct-q4-k-m [3mname[0m[2m=[0mQwen2.5 Coder 7B Instruct GGUF [3mschema_version[0m[2m=[0m2 [3mshard_count[0m[2m=[0m8
[2m2026-03-16T02:16:00.874179Z[0m [32m INFO[0m [2mswarmllm::network::manager[0m[2m:[0m Received request [3mpeer[0m[2m=[0m12D3KooWSUjzxjgP5ZfafMxfkMEMEo7RwrF7khpEAKaEMHgJ5Pfv [3mkind[0m[2m=[0m"message"
[2m2026-03-16T02:16:00.875503Z[0m [32m INFO[0m [2mswarmllm::network::manager[0m[2m:[0m DIAG: ResponseSent event — response written to wire [3mpeer[0m[2m=[0m12D3KooWSUjzxjgP5ZfafMxfkMEMEo7RwrF7khpEAKaEMHgJ5Pfv [3mrequest_id[0m[2m=[0mInboundRequestId(142)
[2m2026-03-16T02:16:00.875632Z[0m [32m INFO[0m [2mswarmllm::network::manager[0m[2m:[0m DIAG: received response [3mpeer[0m[2m=[0m12D3KooWSUjzxjgP5ZfafMxfkMEMEo7RwrF7khpEAKaEMHgJ5Pfv [3mkind[0m[2m=[0m"ack" [3mrequest_id[0m[2m=[0mOutboundRequestId(142) [3mwas_tensor_forward[0m[2m=[0mfalse [3mpending_tensor_out[0m[2m=[0m0
[2m2026-03-16T02:16:00.877123Z[0m [32m INFO[0m [2mswarmllm::daemon::dispatch[0m[2m:[0m Received shard announce from peer [3mnode_id[0m[2m=[0mf78fbf0fba02769a [3mshards[0m[2m=[0m9
[2m2026-03-16T02:16:19.501408Z[0m [32m INFO[0m [2mswarmllm::network::manager[0m[2m:[0m Received request [3mpeer[0m[2m=[0m12D3KooWP3xpwmAoNWP3RboxdnMbaX94yTzW7WzgiZtJFDAWvdp1 [3mkind[0m[2m=[0m"message"
[2m2026-03-16T02:16:19.501469Z[0m [32m INFO[0m [2mswarmllm::network::manager[0m[2m:[0m Received request [3mpeer[0m[2m=[0m12D3KooWSUjzxjgP5ZfafMxfkMEMEo7RwrF7khpEAKaEMHgJ5Pfv [3mkind[0m[2m=[0m"message"
[2m2026-03-16T02:16:19.501511Z[0m [32m INFO[0m [2mswarmllm::network::manager[0m[2m:[0m DIAG: ResponseSent event — response written to wire [3mpeer[0m[2m=[0m12D3KooWP3xpwmAoNWP3RboxdnMbaX94yTzW7WzgiZtJFDAWvdp1 [3mrequest_id[0m[2m=[0mInboundRequestId(144)
[2m2026-03-16T02:16:19.501562Z[0m [32m INFO[0m [2mswarmllm::network::manager[0m[2m:[0m DIAG: ResponseSent event — response written to wire [3mpeer[0m[2m=[0m12D3KooWSUjzxjgP5ZfafMxfkMEMEo7RwrF7khpEAKaEMHgJ5Pfv [3mrequest_id[0m[2m=[0mInboundRequestId(143)
[2m2026-03-16T02:16:26.286675Z[0m [32m INFO[0m [2mswarmllm::network::manager[0m[2m:[0m DIAG: received response [3mpeer[0m[2m=[0m12D3KooWP3xpwmAoNWP3RboxdnMbaX94yTzW7WzgiZtJFDAWvdp1 [3mkind[0m[2m=[0m"ack" [3mrequest_id[0m[2m=[0mOutboundRequestId(143) [3mwas_tensor_forward[0m[2m=[0mfalse [3mpending_tensor_out[0m[2m=[0m0
[2m2026-03-16T02:16:26.288599Z[0m [32m INFO[0m [2mswarmllm::daemon::dispatch[0m[2m:[0m Received shard announce from peer [3mnode_id[0m[2m=[0mc4a3ab5093da731a [3mshards[0m[2m=[0m6
[2m2026-03-16T02:16:26.289594Z[0m [32m INFO[0m [2mswarmllm::daemon::dispatch[0m[2m:[0m Received model manifest from network [3mmodel[0m[2m=[0mqwen2.5-coder-7b-instruct-q4-k-m [3mname[0m[2m=[0mQwen2.5 Coder 7B Instruct GGUF [3mshards[0m[2m=[0m8 [3mpublisher[0m[2m=[0mc4a3ab5093da731a
[2m2026-03-16T02:16:26.289714Z[0m [32m INFO[0m [2mswarmllm::model::registry[0m[2m:[0m DIAG: register_manifest [3mmodel[0m[2m=[0mqwen2.5-coder-7b-instruct-q4-k-m [3mname[0m[2m=[0mQwen2.5 Coder 7B Instruct GGUF [3mschema_version[0m[2m=[0m2 [3mshard_count[0m[2m=[0m8
[2m2026-03-16T02:16:28.025344Z[0m [32m INFO[0m [2mswarmllm::network::manager[0m[2m:[0m DIAG: received response [3mpeer[0m[2m=[0m12D3KooWSUjzxjgP5ZfafMxfkMEMEo7RwrF7khpEAKaEMHgJ5Pfv [3mkind[0m[2m=[0m"ack" [3mrequest_id[0m[2m=[0mOutboundRequestId(144) [3mwas_tensor_forward[0m[2m=[0mfalse [3mpending_tensor_out[0m[2m=[0m0
[2m2026-03-16T02:16:28.027239Z[0m [32m INFO[0m [2mswarmllm::daemon::dispatch[0m[2m:[0m Received shard announce from peer [3mnode_id[0m[2m=[0mf78fbf0fba02769a [3mshards[0m[2m=[0m9
[2m2026-03-16T02:16:46.893219Z[0m [32m INFO[0m [2mswarmllm::network::manager[0m[2m:[0m Received request [3mpeer[0m[2m=[0m12D3KooWSUjzxjgP5ZfafMxfkMEMEo7RwrF7khpEAKaEMHgJ5Pfv [3mkind[0m[2m=[0m"message"
[2m2026-03-16T02:16:46.893299Z[0m [32m INFO[0m [2mswarmllm::network::manager[0m[2m:[0m Received request [3mpeer[0m[2m=[0m12D3KooWP3xpwmAoNWP3RboxdnMbaX94yTzW7WzgiZtJFDAWvdp1 [3mkind[0m[2m=[0m"message"
[2m2026-03-16T02:16:46.893602Z[0m [32m INFO[0m [2mswarmllm::network::manager[0m[2m:[0m DIAG: ResponseSent event — response written to wire [3mpeer[0m[2m=[0m12D3KooWP3xpwmAoNWP3RboxdnMbaX94yTzW7WzgiZtJFDAWvdp1 [3mrequest_id[0m[2m=[0mInboundRequestId(146)
[2m2026-03-16T02:16:46.893634Z[0m [32m INFO[0m [2mswarmllm::network::manager[0m[2m:[0m DIAG: ResponseSent event — response written to wire [3mpeer[0m[2m=[0m12D3KooWSUjzxjgP5ZfafMxfkMEMEo7RwrF7khpEAKaEMHgJ5Pfv [3mrequest_id[0m[2m=[0mInboundRequestId(145)
[2m2026-03-16T02:16:53.678785Z[0m [32m INFO[0m [2mswarmllm::network::manager[0m[2m:[0m DIAG: received response [3mpeer[0m[2m=[0m12D3KooWP3xpwmAoNWP3RboxdnMbaX94yTzW7WzgiZtJFDAWvdp1 [3mkind[0m[2m=[0m"ack" [3mrequest_id[0m[2m=[0mOutboundRequestId(145) [3mwas_tensor_forward[0m[2m=[0mfalse [3mpending_tensor_out[0m[2m=[0m0
[2m2026-03-16T02:16:53.680195Z[0m [32m INFO[0m [2mswarmllm::daemon::dispatch[0m[2m:[0m Received shard announce from peer [3mnode_id[0m[2m=[0mc4a3ab5093da731a [3mshards[0m[2m=[0m6
[2m2026-03-16T02:16:53.681829Z[0m [32m INFO[0m [2mswarmllm::daemon::dispatch[0m[2m:[0m Received model manifest from network [3mmodel[0m[2m=[0mqwen2.5-coder-7b-instruct-q4-k-m [3mname[0m[2m=[0mQwen2.5 Coder 7B Instruct GGUF [3mshards[0m[2m=[0m8 [3mpublisher[0m[2m=[0mc4a3ab5093da731a
[2m2026-03-16T02:16:53.682001Z[0m [32m INFO[0m [2mswarmllm::model::registry[0m[2m:[0m DIAG: register_manifest [3mmodel[0m[2m=[0mqwen2.5-coder-7b-instruct-q4-k-m [3mname[0m[2m=[0mQwen2.5 Coder 7B Instruct GGUF [3mschema_version[0m[2m=[0m2 [3mshard_count[0m[2m=[0m8
[2m2026-03-16T02:16:55.419781Z[0m [32m INFO[0m [2mswarmllm::network::manager[0m[2m:[0m DIAG: received response [3mpeer[0m[2m=[0m12D3KooWSUjzxjgP5ZfafMxfkMEMEo7RwrF7khpEAKaEMHgJ5Pfv [3mkind[0m[2m=[0m"ack" [3mrequest_id[0m[2m=[0mOutboundRequestId(146) [3mwas_tensor_forward[0m[2m=[0mfalse [3mpending_tensor_out[0m[2m=[0m0
[2m2026-03-16T02:16:55.421460Z[0m [32m INFO[0m [2mswarmllm::daemon::dispatch[0m[2m:[0m Received shard announce from peer [3mnode_id[0m[2m=[0mf78fbf0fba02769a [3mshards[0m[2m=[0m9
[2m2026-03-16T02:17:13.990671Z[0m [32m INFO[0m [2mswarmllm::network::manager[0m[2m:[0m Received request [3mpeer[0m[2m=[0m12D3KooWP3xpwmAoNWP3RboxdnMbaX94yTzW7WzgiZtJFDAWvdp1 [3mkind[0m[2m=[0m"message"
[2m2026-03-16T02:17:13.990787Z[0m [32m INFO[0m [2mswarmllm::network::manager[0m[2m:[0m Received request [3mpeer[0m[2m=[0m12D3KooWSUjzxjgP5ZfafMxfkMEMEo7RwrF7khpEAKaEMHgJ5Pfv [3mkind[0m[2m=[0m"message"
[2m2026-03-16T02:17:13.990868Z[0m [32m INFO[0m [2mswarmllm::network::manager[0m[2m:[0m DIAG: ResponseSent event — response written to wire [3mpeer[0m[2m=[0m12D3KooWSUjzxjgP5ZfafMxfkMEMEo7RwrF7khpEAKaEMHgJ5Pfv [3mrequest_id[0m[2m=[0mInboundRequestId(148)
[2m2026-03-16T02:17:13.990899Z[0m [32m INFO[0m [2mswarmllm::network::manager[0m[2m:[0m DIAG: ResponseSent event — response written to wire [3mpeer[0m[2m=[0m12D3KooWP3xpwmAoNWP3RboxdnMbaX94yTzW7WzgiZtJFDAWvdp1 [3mrequest_id[0m[2m=[0mInboundRequestId(147)
[2m2026-03-16T02:17:20.775730Z[0m [32m INFO[0m [2mswarmllm::network::manager[0m[2m:[0m DIAG: received response [3mpeer[0m[2m=[0m12D3KooWP3xpwmAoNWP3RboxdnMbaX94yTzW7WzgiZtJFDAWvdp1 [3mkind[0m[2m=[0m"ack" [3mrequest_id[0m[2m=[0mOutboundRequestId(147) [3mwas_tensor_forward[0m[2m=[0mfalse [3mpending_tensor_out[0m[2m=[0m0
[2m2026-03-16T02:17:20.777695Z[0m [32m INFO[0m [2mswarmllm::daemon::dispatch[0m[2m:[0m Received shard announce from peer [3mnode_id[0m[2m=[0mc4a3ab5093da731a [3mshards[0m[2m=[0m6
[2m2026-03-16T02:17:20.778606Z[0m [32m INFO[0m [2mswarmllm::daemon::dispatch[0m[2m:[0m Received model manifest from network [3mmodel[0m[2m=[0mqwen2.5-coder-7b-instruct-q4-k-m [3mname[0m[2m=[0mQwen2.5 Coder 7B Instruct GGUF [3mshards[0m[2m=[0m8 [3mpublisher[0m[2m=[0mc4a3ab5093da731a
[2m2026-03-16T02:17:20.778747Z[0m [32m INFO[0m [2mswarmllm::model::registry[0m[2m:[0m DIAG: register_manifest [3mmodel[0m[2m=[0mqwen2.5-coder-7b-instruct-q4-k-m [3mname[0m[2m=[0mQwen2.5 Coder 7B Instruct GGUF [3mschema_version[0m[2m=[0m2 [3mshard_count[0m[2m=[0m8
[2m2026-03-16T02:17:22.517636Z[0m [32m INFO[0m [2mswarmllm::network::manager[0m[2m:[0m DIAG: received response [3mpeer[0m[2m=[0m12D3KooWSUjzxjgP5ZfafMxfkMEMEo7RwrF7khpEAKaEMHgJ5Pfv [3mkind[0m[2m=[0m"ack" [3mrequest_id[0m[2m=[0mOutboundRequestId(148) [3mwas_tensor_forward[0m[2m=[0mfalse [3mpending_tensor_out[0m[2m=[0m0
[2m2026-03-16T02:17:22.519615Z[0m [32m INFO[0m [2mswarmllm::daemon::dispatch[0m[2m:[0m Received shard announce from peer [3mnode_id[0m[2m=[0mf78fbf0fba02769a [3mshards[0m[2m=[0m9
[2m2026-03-16T02:17:41.434419Z[0m [32m INFO[0m [2mswarmllm::network::manager[0m[2m:[0m DIAG: rr_ping sent (health check) [3mpeer_id[0m[2m=[0m12D3KooWSUjzxjgP5ZfafMxfkMEMEo7RwrF7khpEAKaEMHgJ5Pfv [3moutbound_id[0m[2m=[0mOutboundRequestId(149) [3mseq[0m[2m=[0m14 [3mrr_connected[0m[2m=[0mtrue [3mtotal_peers[0m[2m=[0m2 [3mpending_tensor_out[0m[2m=[0m0
[2m2026-03-16T02:17:41.434502Z[0m [32m INFO[0m [2mswarmllm::network::manager[0m[2m:[0m DIAG: rr_ping sent (health check) [3mpeer_id[0m[2m=[0m12D3KooWP3xpwmAoNWP3RboxdnMbaX94yTzW7WzgiZtJFDAWvdp1 [3moutbound_id[0m[2m=[0mOutboundRequestId(150) [3mseq[0m[2m=[0m14 [3mrr_connected[0m[2m=[0mtrue [3mtotal_peers[0m[2m=[0m2 [3mpending_tensor_out[0m[2m=[0m0
[2m2026-03-16T02:17:41.435824Z[0m [32m INFO[0m [2mswarmllm::network::manager[0m[2m:[0m DIAG: received response [3mpeer[0m[2m=[0m12D3KooWSUjzxjgP5ZfafMxfkMEMEo7RwrF7khpEAKaEMHgJ5Pfv [3mkind[0m[2m=[0m"message" [3mrequest_id[0m[2m=[0mOutboundRequestId(149) [3mwas_tensor_forward[0m[2m=[0mfalse [3mpending_tensor_out[0m[2m=[0m0
[2m2026-03-16T02:17:41.435870Z[0m [32m INFO[0m [2mswarmllm::network::manager[0m[2m:[0m DIAG: received response [3mpeer[0m[2m=[0m12D3KooWP3xpwmAoNWP3RboxdnMbaX94yTzW7WzgiZtJFDAWvdp1 [3mkind[0m[2m=[0m"message" [3mrequest_id[0m[2m=[0mOutboundRequestId(150) [3mwas_tensor_forward[0m[2m=[0mfalse [3mpending_tensor_out[0m[2m=[0m0
[2m2026-03-16T02:17:41.436310Z[0m [32m INFO[0m [2mswarmllm::network::manager[0m[2m:[0m Received request [3mpeer[0m[2m=[0m12D3KooWSUjzxjgP5ZfafMxfkMEMEo7RwrF7khpEAKaEMHgJ5Pfv [3mkind[0m[2m=[0m"message"
[2m2026-03-16T02:17:41.436345Z[0m [32m INFO[0m [2mswarmllm::network::manager[0m[2m:[0m Received request [3mpeer[0m[2m=[0m12D3KooWP3xpwmAoNWP3RboxdnMbaX94yTzW7WzgiZtJFDAWvdp1 [3mkind[0m[2m=[0m"message"
[2m2026-03-16T02:17:41.436429Z[0m [32m INFO[0m [2mswarmllm::network::manager[0m[2m:[0m DIAG: ResponseSent event — response written to wire [3mpeer[0m[2m=[0m12D3KooWSUjzxjgP5ZfafMxfkMEMEo7RwrF7khpEAKaEMHgJ5Pfv [3mrequest_id[0m[2m=[0mInboundRequestId(149)
[2m2026-03-16T02:17:41.436524Z[0m [32m INFO[0m [2mswarmllm::network::manager[0m[2m:[0m DIAG: ResponseSent event — response written to wire [3mpeer[0m[2m=[0m12D3KooWP3xpwmAoNWP3RboxdnMbaX94yTzW7WzgiZtJFDAWvdp1 [3mrequest_id[0m[2m=[0mInboundRequestId(150)
[2m2026-03-16T02:17:48.222582Z[0m [32m INFO[0m [2mswarmllm::network::manager[0m[2m:[0m Received request [3mpeer[0m[2m=[0m12D3KooWP3xpwmAoNWP3RboxdnMbaX94yTzW7WzgiZtJFDAWvdp1 [3mkind[0m[2m=[0m"message"
[2m2026-03-16T02:17:48.222860Z[0m [32m INFO[0m [2mswarmllm::network::manager[0m[2m:[0m DIAG: ResponseSent event — response written to wire [3mpeer[0m[2m=[0m12D3KooWP3xpwmAoNWP3RboxdnMbaX94yTzW7WzgiZtJFDAWvdp1 [3mrequest_id[0m[2m=[0mInboundRequestId(151)
[2m2026-03-16T02:17:48.223875Z[0m [32m INFO[0m [2mswarmllm::network::manager[0m[2m:[0m DIAG: received response [3mpeer[0m[2m=[0m12D3KooWP3xpwmAoNWP3RboxdnMbaX94yTzW7WzgiZtJFDAWvdp1 [3mkind[0m[2m=[0m"ack" [3mrequest_id[0m[2m=[0mOutboundRequestId(151) [3mwas_tensor_forward[0m[2m=[0mfalse [3mpending_tensor_out[0m[2m=[0m0
[2m2026-03-16T02:17:48.236379Z[0m [32m INFO[0m [2mswarmllm::daemon::dispatch[0m[2m:[0m Received shard announce from peer [3mnode_id[0m[2m=[0mc4a3ab5093da731a [3mshards[0m[2m=[0m6
[2m2026-03-16T02:17:48.237476Z[0m [32m INFO[0m [2mswarmllm::daemon::dispatch[0m[2m:[0m Received model manifest from network [3mmodel[0m[2m=[0mqwen2.5-coder-7b-instruct-q4-k-m [3mname[0m[2m=[0mQwen2.5 Coder 7B Instruct GGUF [3mshards[0m[2m=[0m8 [3mpublisher[0m[2m=[0mc4a3ab5093da731a
[2m2026-03-16T02:17:48.237715Z[0m [32m INFO[0m [2mswarmllm::model::registry[0m[2m:[0m DIAG: register_manifest [3mmodel[0m[2m=[0mqwen2.5-coder-7b-instruct-q4-k-m [3mname[0m[2m=[0mQwen2.5 Coder 7B Instruct GGUF [3mschema_version[0m[2m=[0m2 [3mshard_count[0m[2m=[0m8
[2m2026-03-16T02:17:49.961019Z[0m [32m INFO[0m [2mswarmllm::network::manager[0m[2m:[0m Received request [3mpeer[0m[2m=[0m12D3KooWSUjzxjgP5ZfafMxfkMEMEo7RwrF7khpEAKaEMHgJ5Pfv [3mkind[0m[2m=[0m"message"
[2m2026-03-16T02:17:49.961182Z[0m [32m INFO[0m [2mswarmllm::network::manager[0m[2m:[0m DIAG: ResponseSent event — response written to wire [3mpeer[0m[2m=[0m12D3KooWSUjzxjgP5ZfafMxfkMEMEo7RwrF7khpEAKaEMHgJ5Pfv [3mrequest_id[0m[2m=[0mInboundRequestId(152)
[2m2026-03-16T02:17:49.961883Z[0m [32m INFO[0m [2mswarmllm::network::manager[0m[2m:[0m DIAG: received response [3mpeer[0m[2m=[0m12D3KooWSUjzxjgP5ZfafMxfkMEMEo7RwrF7khpEAKaEMHgJ5Pfv [3mkind[0m[2m=[0m"ack" [3mrequest_id[0m[2m=[0mOutboundRequestId(152) [3mwas_tensor_forward[0m[2m=[0mfalse [3mpending_tensor_out[0m[2m=[0m0
[2m2026-03-16T02:17:49.964752Z[0m [32m INFO[0m [2mswarmllm::daemon::dispatch[0m[2m:[0m Received shard announce from peer [3mnode_id[0m[2m=[0mf78fbf0fba02769a [3mshards[0m[2m=[0m9
[2m2026-03-16T02:18:08.484084Z[0m [32m INFO[0m [2mswarmllm::network::manager[0m[2m:[0m Received request [3mpeer[0m[2m=[0m12D3KooWSUjzxjgP5ZfafMxfkMEMEo7RwrF7khpEAKaEMHgJ5Pfv [3mkind[0m[2m=[0m"message"
[2m2026-03-16T02:18:08.484338Z[0m [32m INFO[0m [2mswarmllm::network::manager[0m[2m:[0m Received request [3mpeer[0m[2m=[0m12D3KooWP3xpwmAoNWP3RboxdnMbaX94yTzW7WzgiZtJFDAWvdp1 [3mkind[0m[2m=[0m"message"
[2m2026-03-16T02:18:08.484444Z[0m [32m INFO[0m [2mswarmllm::network::manager[0m[2m:[0m DIAG: ResponseSent event — response written to wire [3mpeer[0m[2m=[0m12D3KooWP3xpwmAoNWP3RboxdnMbaX94yTzW7WzgiZtJFDAWvdp1 [3mrequest_id[0m[2m=[0mInboundRequestId(154)
[2m2026-03-16T02:18:08.484470Z[0m [32m INFO[0m [2mswarmllm::network::manager[0m[2m:[0m DIAG: ResponseSent event — response written to wire [3mpeer[0m[2m=[0m12D3KooWSUjzxjgP5ZfafMxfkMEMEo7RwrF7khpEAKaEMHgJ5Pfv [3mrequest_id[0m[2m=[0mInboundRequestId(153)
[2m2026-03-16T02:18:15.394272Z[0m [32m INFO[0m [2mswarmllm::daemon::dispatch[0m[2m:[0m Received shard announce from peer [3mnode_id[0m[2m=[0mc4a3ab5093da731a [3mshards[0m[2m=[0m6
[2m2026-03-16T02:18:15.394382Z[0m [32m INFO[0m [2mswarmllm::daemon::dispatch[0m[2m:[0m Received model manifest from network [3mmodel[0m[2m=[0mqwen2.5-coder-7b-instruct-q4-k-m [3mname[0m[2m=[0mQwen2.5 Coder 7B Instruct GGUF [3mshards[0m[2m=[0m8 [3mpublisher[0m[2m=[0mc4a3ab5093da731a
[2m2026-03-16T02:18:15.394547Z[0m [32m INFO[0m [2mswarmllm::model::registry[0m[2m:[0m DIAG: register_manifest [3mmodel[0m[2m=[0mqwen2.5-coder-7b-instruct-q4-k-m [3mname[0m[2m=[0mQwen2.5 Coder 7B Instruct GGUF [3mschema_version[0m[2m=[0m2 [3mshard_count[0m[2m=[0m8
[2m2026-03-16T02:18:15.396386Z[0m [32m INFO[0m [2mswarmllm::network::manager[0m[2m:[0m DIAG: received response [3mpeer[0m[2m=[0m12D3KooWP3xpwmAoNWP3RboxdnMbaX94yTzW7WzgiZtJFDAWvdp1 [3mkind[0m[2m=[0m"ack" [3mrequest_id[0m[2m=[0mOutboundRequestId(153) [3mwas_tensor_forward[0m[2m=[0mfalse [3mpending_tensor_out[0m[2m=[0m0
[2m2026-03-16T02:18:17.007819Z[0m [32m INFO[0m [2mswarmllm::network::manager[0m[2m:[0m DIAG: received response [3mpeer[0m[2m=[0m12D3KooWSUjzxjgP5ZfafMxfkMEMEo7RwrF7khpEAKaEMHgJ5Pfv [3mkind[0m[2m=[0m"ack" [3mrequest_id[0m[2m=[0mOutboundRequestId(154) [3mwas_tensor_forward[0m[2m=[0mfalse [3mpending_tensor_out[0m[2m=[0m0
[2m2026-03-16T02:18:17.013805Z[0m [32m INFO[0m [2mswarmllm::daemon::dispatch[0m[2m:[0m Received shard announce from peer [3mnode_id[0m[2m=[0mf78fbf0fba02769a [3mshards[0m[2m=[0m9
[2m2026-03-16T02:18:35.964834Z[0m [32m INFO[0m [2mswarmllm::network::manager[0m[2m:[0m Received request [3mpeer[0m[2m=[0m12D3KooWSUjzxjgP5ZfafMxfkMEMEo7RwrF7khpEAKaEMHgJ5Pfv [3mkind[0m[2m=[0m"message"
[2m2026-03-16T02:18:35.964954Z[0m [32m INFO[0m [2mswarmllm::network::manager[0m[2m:[0m Received request [3mpeer[0m[2m=[0m12D3KooWP3xpwmAoNWP3RboxdnMbaX94yTzW7WzgiZtJFDAWvdp1 [3mkind[0m[2m=[0m"message"
[2m2026-03-16T02:18:35.965071Z[0m [32m INFO[0m [2mswarmllm::network::manager[0m[2m:[0m DIAG: ResponseSent event — response written to wire [3mpeer[0m[2m=[0m12D3KooWP3xpwmAoNWP3RboxdnMbaX94yTzW7WzgiZtJFDAWvdp1 [3mrequest_id[0m[2m=[0mInboundRequestId(156)
[2m2026-03-16T02:18:35.965104Z[0m [32m INFO[0m [2mswarmllm::network::manager[0m[2m:[0m DIAG: ResponseSent event — response written to wire [3mpeer[0m[2m=[0m12D3KooWSUjzxjgP5ZfafMxfkMEMEo7RwrF7khpEAKaEMHgJ5Pfv [3mrequest_id[0m[2m=[0mInboundRequestId(155)
[2m2026-03-16T02:18:42.754368Z[0m [32m INFO[0m [2mswarmllm::network::manager[0m[2m:[0m DIAG: received response [3mpeer[0m[2m=[0m12D3KooWP3xpwmAoNWP3RboxdnMbaX94yTzW7WzgiZtJFDAWvdp1 [3mkind[0m[2m=[0m"ack" [3mrequest_id[0m[2m=[0mOutboundRequestId(155) [3mwas_tensor_forward[0m[2m=[0mfalse [3mpending_tensor_out[0m[2m=[0m0
[2m2026-03-16T02:18:42.757135Z[0m [32m INFO[0m [2mswarmllm::daemon::dispatch[0m[2m:[0m Received shard announce from peer [3mnode_id[0m[2m=[0mc4a3ab5093da731a [3mshards[0m[2m=[0m6
[2m2026-03-16T02:18:42.759117Z[0m [32m INFO[0m [2mswarmllm::daemon::dispatch[0m[2m:[0m Received model manifest from network [3mmodel[0m[2m=[0mqwen2.5-coder-7b-instruct-q4-k-m [3mname[0m[2m=[0mQwen2.5 Coder 7B Instruct GGUF [3mshards[0m[2m=[0m8 [3mpublisher[0m[2m=[0mc4a3ab5093da731a
[2m2026-03-16T02:18:42.759437Z[0m [32m INFO[0m [2mswarmllm::model::registry[0m[2m:[0m DIAG: register_manifest [3mmodel[0m[2m=[0mqwen2.5-coder-7b-instruct-q4-k-m [3mname[0m[2m=[0mQwen2.5 Coder 7B Instruct GGUF [3mschema_version[0m[2m=[0m2 [3mshard_count[0m[2m=[0m8
[2m2026-03-16T02:18:44.495101Z[0m [32m INFO[0m [2mswarmllm::network::manager[0m[2m:[0m DIAG: received response [3mpeer[0m[2m=[0m12D3KooWSUjzxjgP5ZfafMxfkMEMEo7RwrF7khpEAKaEMHgJ5Pfv [3mkind[0m[2m=[0m"ack" [3mrequest_id[0m[2m=[0mOutboundRequestId(156) [3mwas_tensor_forward[0m[2m=[0mfalse [3mpending_tensor_out[0m[2m=[0m0
[2m2026-03-16T02:18:44.496793Z[0m [32m INFO[0m [2mswarmllm::daemon::dispatch[0m[2m:[0m Received shard announce from peer [3mnode_id[0m[2m=[0mf78fbf0fba02769a [3mshards[0m[2m=[0m9
[2m2026-03-16T02:19:02.963985Z[0m [32m INFO[0m [2mswarmllm::network::manager[0m[2m:[0m Received request [3mpeer[0m[2m=[0m12D3KooWSUjzxjgP5ZfafMxfkMEMEo7RwrF7khpEAKaEMHgJ5Pfv [3mkind[0m[2m=[0m"message"
[2m2026-03-16T02:19:02.964184Z[0m [32m INFO[0m [2mswarmllm::network::manager[0m[2m:[0m Received request [3mpeer[0m[2m=[0m12D3KooWP3xpwmAoNWP3RboxdnMbaX94yTzW7WzgiZtJFDAWvdp1 [3mkind[0m[2m=[0m"message"
[2m2026-03-16T02:19:02.964623Z[0m [32m INFO[0m [2mswarmllm::network::manager[0m[2m:[0m DIAG: ResponseSent event — response written to wire [3mpeer[0m[2m=[0m12D3KooWSUjzxjgP5ZfafMxfkMEMEo7RwrF7khpEAKaEMHgJ5Pfv [3mrequest_id[0m[2m=[0mInboundRequestId(157)
[2m2026-03-16T02:19:02.964698Z[0m [32m INFO[0m [2mswarmllm::network::manager[0m[2m:[0m DIAG: ResponseSent event — response written to wire [3mpeer[0m[2m=[0m12D3KooWP3xpwmAoNWP3RboxdnMbaX94yTzW7WzgiZtJFDAWvdp1 [3mrequest_id[0m[2m=[0mInboundRequestId(158)
[2m2026-03-16T02:19:09.750293Z[0m [32m INFO[0m [2mswarmllm::network::manager[0m[2m:[0m DIAG: received response [3mpeer[0m[2m=[0m12D3KooWP3xpwmAoNWP3RboxdnMbaX94yTzW7WzgiZtJFDAWvdp1 [3mkind[0m[2m=[0m"ack" [3mrequest_id[0m[2m=[0mOutboundRequestId(157) [3mwas_tensor_forward[0m[2m=[0mfalse [3mpending_tensor_out[0m[2m=[0m0
[2m2026-03-16T02:19:09.753018Z[0m [32m INFO[0m [2mswarmllm::daemon::dispatch[0m[2m:[0m Received shard announce from peer [3mnode_id[0m[2m=[0mc4a3ab5093da731a [3mshards[0m[2m=[0m6
[2m2026-03-16T02:19:09.753058Z[0m [32m INFO[0m [2mswarmllm::daemon::dispatch[0m[2m:[0m Received model manifest from network [3mmodel[0m[2m=[0mqwen2.5-coder-7b-instruct-q4-k-m [3mname[0m[2m=[0mQwen2.5 Coder 7B Instruct GGUF [3mshards[0m[2m=[0m8 [3mpublisher[0m[2m=[0mc4a3ab5093da731a
[2m2026-03-16T02:19:09.753153Z[0m [32m INFO[0m [2mswarmllm::model::registry[0m[2m:[0m DIAG: register_manifest [3mmodel[0m[2m=[0mqwen2.5-coder-7b-instruct-q4-k-m [3mname[0m[2m=[0mQwen2.5 Coder 7B Instruct GGUF [3mschema_version[0m[2m=[0m2 [3mshard_count[0m[2m=[0m8
[2m2026-03-16T02:19:11.488867Z[0m [32m INFO[0m [2mswarmllm::network::manager[0m[2m:[0m DIAG: received response [3mpeer[0m[2m=[0m12D3KooWSUjzxjgP5ZfafMxfkMEMEo7RwrF7khpEAKaEMHgJ5Pfv [3mkind[0m[2m=[0m"ack" [3mrequest_id[0m[2m=[0mOutboundRequestId(158) [3mwas_tensor_forward[0m[2m=[0mfalse [3mpending_tensor_out[0m[2m=[0m0
[2m2026-03-16T02:19:11.490772Z[0m [32m INFO[0m [2mswarmllm::daemon::dispatch[0m[2m:[0m Received shard announce from peer [3mnode_id[0m[2m=[0mf78fbf0fba02769a [3mshards[0m[2m=[0m9
[2m2026-03-16T02:19:30.464978Z[0m [32m INFO[0m [2mswarmllm::credit::ledger[0m[2m:[0m Gossiping credit balance [3mbalance_bucket[0m[2m=[0m-21800 [3mtier[0m[2m=[0mBronze
[2m2026-03-16T02:19:30.465022Z[0m [32m INFO[0m [2mswarmllm::crypto::key_rotation[0m[2m:[0m DIAG: key rotation tick (re-keying) [3mactive_sessions[0m[2m=[0m2 [3mrekey_initiated[0m[2m=[0m2
[2m2026-03-16T02:19:30.465147Z[0m [32m INFO[0m [2mswarmllm::network::peer_cache[0m[2m:[0m Loaded cached peers from last session [3mcount[0m[2m=[0m6
[2m2026-03-16T02:19:30.474265Z[0m [32m INFO[0m [2mswarmllm::network::manager[0m[2m:[0m DIAG: rr_ping sent (health check) [3mpeer_id[0m[2m=[0m12D3KooWSUjzxjgP5ZfafMxfkMEMEo7RwrF7khpEAKaEMHgJ5Pfv [3moutbound_id[0m[2m=[0mOutboundRequestId(159) [3mseq[0m[2m=[0m15 [3mrr_connected[0m[2m=[0mtrue [3mtotal_peers[0m[2m=[0m2 [3mpending_tensor_out[0m[2m=[0m0
[2m2026-03-16T02:19:30.474309Z[0m [32m INFO[0m [2mswarmllm::network::manager[0m[2m:[0m DIAG: rr_ping sent (health check) [3mpeer_id[0m[2m=[0m12D3KooWP3xpwmAoNWP3RboxdnMbaX94yTzW7WzgiZtJFDAWvdp1 [3moutbound_id[0m[2m=[0mOutboundRequestId(160) [3mseq[0m[2m=[0m15 [3mrr_connected[0m[2m=[0mtrue [3mtotal_peers[0m[2m=[0m2 [3mpending_tensor_out[0m[2m=[0m0
[2m2026-03-16T02:19:30.476169Z[0m [32m INFO[0m [2mswarmllm::network::manager[0m[2m:[0m DIAG: received response [3mpeer[0m[2m=[0m12D3KooWP3xpwmAoNWP3RboxdnMbaX94yTzW7WzgiZtJFDAWvdp1 [3mkind[0m[2m=[0m"message" [3mrequest_id[0m[2m=[0mOutboundRequestId(160) [3mwas_tensor_forward[0m[2m=[0mfalse [3mpending_tensor_out[0m[2m=[0m0
[2m2026-03-16T02:19:30.476625Z[0m [32m INFO[0m [2mswarmllm::network::manager[0m[2m:[0m DIAG: received response [3mpeer[0m[2m=[0m12D3KooWP3xpwmAoNWP3RboxdnMbaX94yTzW7WzgiZtJFDAWvdp1 [3mkind[0m[2m=[0m"ack" [3mrequest_id[0m[2m=[0mOutboundRequestId(162) [3mwas_tensor_forward[0m[2m=[0mfalse [3mpending_tensor_out[0m[2m=[0m0
[2m2026-03-16T02:19:30.476657Z[0m [32m INFO[0m [2mswarmllm::network::manager[0m[2m:[0m DIAG: received response [3mpeer[0m[2m=[0m12D3KooWSUjzxjgP5ZfafMxfkMEMEo7RwrF7khpEAKaEMHgJ5Pfv [3mkind[0m[2m=[0m"message" [3mrequest_id[0m[2m=[0mOutboundRequestId(159) [3mwas_tensor_forward[0m[2m=[0mfalse [3mpending_tensor_out[0m[2m=[0m0
[2m2026-03-16T02:19:30.476681Z[0m [32m INFO[0m [2mswarmllm::network::manager[0m[2m:[0m DIAG: received response [3mpeer[0m[2m=[0m12D3KooWSUjzxjgP5ZfafMxfkMEMEo7RwrF7khpEAKaEMHgJ5Pfv [3mkind[0m[2m=[0m"ack" [3mrequest_id[0m[2m=[0mOutboundRequestId(161) [3mwas_tensor_forward[0m[2m=[0mfalse [3mpending_tensor_out[0m[2m=[0m0
[2m2026-03-16T02:19:30.476880Z[0m [32m INFO[0m [2mswarmllm::network::manager[0m[2m:[0m Received request [3mpeer[0m[2m=[0m12D3KooWP3xpwmAoNWP3RboxdnMbaX94yTzW7WzgiZtJFDAWvdp1 [3mkind[0m[2m=[0m"message"
[2m2026-03-16T02:19:30.476936Z[0m [32m INFO[0m [2mswarmllm::network::manager[0m[2m:[0m Received request [3mpeer[0m[2m=[0m12D3KooWP3xpwmAoNWP3RboxdnMbaX94yTzW7WzgiZtJFDAWvdp1 [3mkind[0m[2m=[0m"message"
[2m2026-03-16T02:19:30.477216Z[0m [32m INFO[0m [2mswarmllm::network::manager[0m[2m:[0m DIAG: ResponseSent event — response written to wire [3mpeer[0m[2m=[0m12D3KooWP3xpwmAoNWP3RboxdnMbaX94yTzW7WzgiZtJFDAWvdp1 [3mrequest_id[0m[2m=[0mInboundRequestId(159)
[2m2026-03-16T02:19:30.477241Z[0m [32m INFO[0m [2mswarmllm::network::manager[0m[2m:[0m Received request [3mpeer[0m[2m=[0m12D3KooWSUjzxjgP5ZfafMxfkMEMEo7RwrF7khpEAKaEMHgJ5Pfv [3mkind[0m[2m=[0m"message"
[2m2026-03-16T02:19:30.477257Z[0m [32m INFO[0m [2mswarmllm::network::manager[0m[2m:[0m DIAG: ResponseSent event — response written to wire [3mpeer[0m[2m=[0m12D3KooWP3xpwmAoNWP3RboxdnMbaX94yTzW7WzgiZtJFDAWvdp1 [3mrequest_id[0m[2m=[0mInboundRequestId(160)
[2m2026-03-16T02:19:30.477269Z[0m [32m INFO[0m [2mswarmllm::network::manager[0m[2m:[0m Received request [3mpeer[0m[2m=[0m12D3KooWSUjzxjgP5ZfafMxfkMEMEo7RwrF7khpEAKaEMHgJ5Pfv [3mkind[0m[2m=[0m"message"
[2m2026-03-16T02:19:30.477446Z[0m [32m INFO[0m [2mswarmllm::network::manager[0m[2m:[0m DIAG: ResponseSent event — response written to wire [3mpeer[0m[2m=[0m12D3KooWSUjzxjgP5ZfafMxfkMEMEo7RwrF7khpEAKaEMHgJ5Pfv [3mrequest_id[0m[2m=[0mInboundRequestId(161)
[2m2026-03-16T02:19:30.477464Z[0m [32m INFO[0m [2mswarmllm::network::manager[0m[2m:[0m DIAG: ResponseSent event — response written to wire [3mpeer[0m[2m=[0m12D3KooWSUjzxjgP5ZfafMxfkMEMEo7RwrF7khpEAKaEMHgJ5Pfv [3mrequest_id[0m[2m=[0mInboundRequestId(162)
[2m2026-03-16T02:19:37.260352Z[0m [32m INFO[0m [2mswarmllm::network::manager[0m[2m:[0m DIAG: key exchange initiated [3mpeer_id[0m[2m=[0m12D3KooWP3xpwmAoNWP3RboxdnMbaX94yTzW7WzgiZtJFDAWvdp1 [3mnode_id[0m[2m=[0mc4a3ab5093da731a [3msession_type[0m[2m=[0m"static"
[2m2026-03-16T02:19:37.260475Z[0m [32m INFO[0m [2mswarmllm::network::manager[0m[2m:[0m DIAG: encryption session established [3mpeer_id[0m[2m=[0m12D3KooWP3xpwmAoNWP3RboxdnMbaX94yTzW7WzgiZtJFDAWvdp1 [3mnode_id[0m[2m=[0mc4a3ab5093da731a [3msession_type[0m[2m=[0m"static" [3msession_count[0m[2m=[0m2
[2m2026-03-16T02:19:37.266469Z[0m [32m INFO[0m [2mswarmllm::network::manager[0m[2m:[0m DIAG: received response [3mpeer[0m[2m=[0m12D3KooWP3xpwmAoNWP3RboxdnMbaX94yTzW7WzgiZtJFDAWvdp1 [3mkind[0m[2m=[0m"ack" [3mrequest_id[0m[2m=[0mOutboundRequestId(163) [3mwas_tensor_forward[0m[2m=[0mfalse [3mpending_tensor_out[0m[2m=[0m0
[2m2026-03-16T02:19:37.267006Z[0m [32m INFO[0m [2mswarmllm::network::manager[0m[2m:[0m Received request [3mpeer[0m[2m=[0m12D3KooWP3xpwmAoNWP3RboxdnMbaX94yTzW7WzgiZtJFDAWvdp1 [3mkind[0m[2m=[0m"message"
[2m2026-03-16T02:19:37.267407Z[0m [32m INFO[0m [2mswarmllm::daemon::dispatch[0m[2m:[0m Received shard announce from peer [3mnode_id[0m[2m=[0mc4a3ab5093da731a [3mshards[0m[2m=[0m6
[2m2026-03-16T02:19:37.267976Z[0m [32m INFO[0m [2mswarmllm::network::manager[0m[2m:[0m DIAG: ResponseSent event — response written to wire [3mpeer[0m[2m=[0m12D3KooWP3xpwmAoNWP3RboxdnMbaX94yTzW7WzgiZtJFDAWvdp1 [3mrequest_id[0m[2m=[0mInboundRequestId(163)
[2m2026-03-16T02:19:37.269073Z[0m [32m INFO[0m [2mswarmllm::network::manager[0m[2m:[0m Received request [3mpeer[0m[2m=[0m12D3KooWP3xpwmAoNWP3RboxdnMbaX94yTzW7WzgiZtJFDAWvdp1 [3mkind[0m[2m=[0m"message"
[2m2026-03-16T02:19:37.269124Z[0m [32m INFO[0m [2mswarmllm::network::manager[0m[2m:[0m DIAG: received response [3mpeer[0m[2m=[0m12D3KooWP3xpwmAoNWP3RboxdnMbaX94yTzW7WzgiZtJFDAWvdp1 [3mkind[0m[2m=[0m"ack" [3mrequest_id[0m[2m=[0mOutboundRequestId(164) [3mwas_tensor_forward[0m[2m=[0mfalse [3mpending_tensor_out[0m[2m=[0m0
[2m2026-03-16T02:19:37.269173Z[0m [32m INFO[0m [2mswarmllm::network::manager[0m[2m:[0m DIAG: ResponseSent event — response written to wire [3mpeer[0m[2m=[0m12D3KooWP3xpwmAoNWP3RboxdnMbaX94yTzW7WzgiZtJFDAWvdp1 [3mrequest_id[0m[2m=[0mInboundRequestId(164)
[2m2026-03-16T02:19:37.269197Z[0m [32m INFO[0m [2mswarmllm::daemon::dispatch[0m[2m:[0m Received model manifest from network [3mmodel[0m[2m=[0mqwen2.5-coder-7b-instruct-q4-k-m [3mname[0m[2m=[0mQwen2.5 Coder 7B Instruct GGUF [3mshards[0m[2m=[0m8 [3mpublisher[0m[2m=[0mc4a3ab5093da731a
[2m2026-03-16T02:19:37.269317Z[0m [32m INFO[0m [2mswarmllm::model::registry[0m[2m:[0m DIAG: register_manifest [3mmodel[0m[2m=[0mqwen2.5-coder-7b-instruct-q4-k-m [3mname[0m[2m=[0mQwen2.5 Coder 7B Instruct GGUF [3mschema_version[0m[2m=[0m2 [3mshard_count[0m[2m=[0m8
[2m2026-03-16T02:19:39.000870Z[0m [32m INFO[0m [2mswarmllm::network::manager[0m[2m:[0m Received request [3mpeer[0m[2m=[0m12D3KooWSUjzxjgP5ZfafMxfkMEMEo7RwrF7khpEAKaEMHgJ5Pfv [3mkind[0m[2m=[0m"message"
[2m2026-03-16T02:19:39.000944Z[0m [32m INFO[0m [2mswarmllm::network::manager[0m[2m:[0m Received request [3mpeer[0m[2m=[0m12D3KooWSUjzxjgP5ZfafMxfkMEMEo7RwrF7khpEAKaEMHgJ5Pfv [3mkind[0m[2m=[0m"message"
[2m2026-03-16T02:19:39.000967Z[0m [32m INFO[0m [2mswarmllm::daemon::dispatch[0m[2m:[0m Received shard announce from peer [3mnode_id[0m[2m=[0mf78fbf0fba02769a [3mshards[0m[2m=[0m9
[2m2026-03-16T02:19:39.001105Z[0m [32m INFO[0m [2mswarmllm::network::manager[0m[2m:[0m DIAG: ResponseSent event — response written to wire [3mpeer[0m[2m=[0m12D3KooWSUjzxjgP5ZfafMxfkMEMEo7RwrF7khpEAKaEMHgJ5Pfv [3mrequest_id[0m[2m=[0mInboundRequestId(165)
[2m2026-03-16T02:19:39.001137Z[0m [32m INFO[0m [2mswarmllm::network::manager[0m[2m:[0m DIAG: ResponseSent event — response written to wire [3mpeer[0m[2m=[0m12D3KooWSUjzxjgP5ZfafMxfkMEMEo7RwrF7khpEAKaEMHgJ5Pfv [3mrequest_id[0m[2m=[0mInboundRequestId(166)
[2m2026-03-16T02:19:39.002454Z[0m [32m INFO[0m [2mswarmllm::network::manager[0m[2m:[0m DIAG: received response [3mpeer[0m[2m=[0m12D3KooWSUjzxjgP5ZfafMxfkMEMEo7RwrF7khpEAKaEMHgJ5Pfv [3mkind[0m[2m=[0m"ack" [3mrequest_id[0m[2m=[0mOutboundRequestId(165) [3mwas_tensor_forward[0m[2m=[0mfalse [3mpending_tensor_out[0m[2m=[0m0
[2m2026-03-16T02:19:39.002475Z[0m [32m INFO[0m [2mswarmllm::network::manager[0m[2m:[0m DIAG: received response [3mpeer[0m[2m=[0m12D3KooWSUjzxjgP5ZfafMxfkMEMEo7RwrF7khpEAKaEMHgJ5Pfv [3mkind[0m[2m=[0m"ack" [3mrequest_id[0m[2m=[0mOutboundRequestId(166) [3mwas_tensor_forward[0m[2m=[0mfalse [3mpending_tensor_out[0m[2m=[0m0
[2m2026-03-16T02:19:39.005979Z[0m [32m INFO[0m [2mswarmllm::network::manager[0m[2m:[0m DIAG: key exchange initiated [3mpeer_id[0m[2m=[0m12D3KooWSUjzxjgP5ZfafMxfkMEMEo7RwrF7khpEAKaEMHgJ5Pfv [3mnode_id[0m[2m=[0mf78fbf0fba02769a [3msession_type[0m[2m=[0m"static"
[2m2026-03-16T02:19:39.006106Z[0m [32m INFO[0m [2mswarmllm::network::manager[0m[2m:[0m DIAG: encryption session established [3mpeer_id[0m[2m=[0m12D3KooWSUjzxjgP5ZfafMxfkMEMEo7RwrF7khpEAKaEMHgJ5Pfv [3mnode_id[0m[2m=[0mf78fbf0fba02769a [3msession_type[0m[2m=[0m"static" [3msession_count[0m[2m=[0m2
[2m2026-03-16T02:19:57.783455Z[0m [32m INFO[0m [2mswarmllm::network::manager[0m[2m:[0m Received request [3mpeer[0m[2m=[0m12D3KooWSUjzxjgP5ZfafMxfkMEMEo7RwrF7khpEAKaEMHgJ5Pfv [3mkind[0m[2m=[0m"message"
[2m2026-03-16T02:19:57.783593Z[0m [32m INFO[0m [2mswarmllm::network::manager[0m[2m:[0m Received request [3mpeer[0m[2m=[0m12D3KooWP3xpwmAoNWP3RboxdnMbaX94yTzW7WzgiZtJFDAWvdp1 [3mkind[0m[2m=[0m"message"
[2m2026-03-16T02:19:57.783780Z[0m [32m INFO[0m [2mswarmllm::network::manager[0m[2m:[0m DIAG: ResponseSent event — response written to wire [3mpeer[0m[2m=[0m12D3KooWP3xpwmAoNWP3RboxdnMbaX94yTzW7WzgiZtJFDAWvdp1 [3mrequest_id[0m[2m=[0mInboundRequestId(168)
[2m2026-03-16T02:19:57.783910Z[0m [32m INFO[0m [2mswarmllm::network::manager[0m[2m:[0m DIAG: ResponseSent event — response written to wire [3mpeer[0m[2m=[0m12D3KooWSUjzxjgP5ZfafMxfkMEMEo7RwrF7khpEAKaEMHgJ5Pfv [3mrequest_id[0m[2m=[0mInboundRequestId(167)
[2m2026-03-16T02:20:04.571754Z[0m [32m INFO[0m [2mswarmllm::network::manager[0m[2m:[0m DIAG: received response [3mpeer[0m[2m=[0m12D3KooWP3xpwmAoNWP3RboxdnMbaX94yTzW7WzgiZtJFDAWvdp1 [3mkind[0m[2m=[0m"ack" [3mrequest_id[0m[2m=[0mOutboundRequestId(167) [3mwas_tensor_forward[0m[2m=[0mfalse [3mpending_tensor_out[0m[2m=[0m0
[2m2026-03-16T02:20:04.577883Z[0m [32m INFO[0m [2mswarmllm::daemon::dispatch[0m[2m:[0m Received shard announce from peer [3mnode_id[0m[2m=[0mc4a3ab5093da731a [3mshards[0m[2m=[0m6
[2m2026-03-16T02:20:04.577941Z[0m [32m INFO[0m [2mswarmllm::daemon::dispatch[0m[2m:[0m Received model manifest from network [3mmodel[0m[2m=[0mqwen2.5-coder-7b-instruct-q4-k-m [3mname[0m[2m=[0mQwen2.5 Coder 7B Instruct GGUF [3mshards[0m[2m=[0m8 [3mpublisher[0m[2m=[0mc4a3ab5093da731a
[2m2026-03-16T02:20:04.578035Z[0m [32m INFO[0m [2mswarmllm::model::registry[0m[2m:[0m DIAG: register_manifest [3mmodel[0m[2m=[0mqwen2.5-coder-7b-instruct-q4-k-m [3mname[0m[2m=[0mQwen2.5 Coder 7B Instruct GGUF [3mschema_version[0m[2m=[0m2 [3mshard_count[0m[2m=[0m8
[2m2026-03-16T02:20:06.306265Z[0m [32m INFO[0m [2mswarmllm::network::manager[0m[2m:[0m DIAG: received response [3mpeer[0m[2m=[0m12D3KooWSUjzxjgP5ZfafMxfkMEMEo7RwrF7khpEAKaEMHgJ5Pfv [3mkind[0m[2m=[0m"ack" [3mrequest_id[0m[2m=[0mOutboundRequestId(168) [3mwas_tensor_forward[0m[2m=[0mfalse [3mpending_tensor_out[0m[2m=[0m0
[2m2026-03-16T02:20:06.307939Z[0m [32m INFO[0m [2mswarmllm::daemon::dispatch[0m[2m:[0m Received shard announce from peer [3mnode_id[0m[2m=[0mf78fbf0fba02769a [3mshards[0m[2m=[0m9
[2m2026-03-16T02:20:24.947091Z[0m [32m INFO[0m [2mswarmllm::network::manager[0m[2m:[0m Received request [3mpeer[0m[2m=[0m12D3KooWP3xpwmAoNWP3RboxdnMbaX94yTzW7WzgiZtJFDAWvdp1 [3mkind[0m[2m=[0m"message"
[2m2026-03-16T02:20:24.947145Z[0m [32m INFO[0m [2mswarmllm::network::manager[0m[2m:[0m Received request [3mpeer[0m[2m=[0m12D3KooWSUjzxjgP5ZfafMxfkMEMEo7RwrF7khpEAKaEMHgJ5Pfv [3mkind[0m[2m=[0m"message"
[2m2026-03-16T02:20:24.947209Z[0m [32m INFO[0m [2mswarmllm::network::manager[0m[2m:[0m DIAG: ResponseSent event — response written to wire [3mpeer[0m[2m=[0m12D3KooWP3xpwmAoNWP3RboxdnMbaX94yTzW7WzgiZtJFDAWvdp1 [3mrequest_id[0m[2m=[0mInboundRequestId(169)
[2m2026-03-16T02:20:24.947235Z[0m [32m INFO[0m [2mswarmllm::network::manager[0m[2m:[0m DIAG: ResponseSent event — response written to wire [3mpeer[0m[2m=[0m12D3KooWSUjzxjgP5ZfafMxfkMEMEo7RwrF7khpEAKaEMHgJ5Pfv [3mrequest_id[0m[2m=[0mInboundRequestId(170)
[2m2026-03-16T02:20:31.734488Z[0m [32m INFO[0m [2mswarmllm::network::manager[0m[2m:[0m DIAG: received response [3mpeer[0m[2m=[0m12D3KooWP3xpwmAoNWP3RboxdnMbaX94yTzW7WzgiZtJFDAWvdp1 [3mkind[0m[2m=[0m"ack" [3mrequest_id[0m[2m=[0mOutboundRequestId(169) [3mwas_tensor_forward[0m[2m=[0mfalse [3mpending_tensor_out[0m[2m=[0m0
[2m2026-03-16T02:20:31.736421Z[0m [32m INFO[0m [2mswarmllm::daemon::dispatch[0m[2m:[0m Received shard announce from peer [3mnode_id[0m[2m=[0mc4a3ab5093da731a [3mshards[0m[2m=[0m6
[2m2026-03-16T02:20:31.737722Z[0m [32m INFO[0m [2mswarmllm::daemon::dispatch[0m[2m:[0m Received model manifest from network [3mmodel[0m[2m=[0mqwen2.5-coder-7b-instruct-q4-k-m [3mname[0m[2m=[0mQwen2.5 Coder 7B Instruct GGUF [3mshards[0m[2m=[0m8 [3mpublisher[0m[2m=[0mc4a3ab5093da731a
[2m2026-03-16T02:20:31.737836Z[0m [32m INFO[0m [2mswarmllm::model::registry[0m[2m:[0m DIAG: register_manifest [3mmodel[0m[2m=[0mqwen2.5-coder-7b-instruct-q4-k-m [3mname[0m[2m=[0mQwen2.5 Coder 7B Instruct GGUF [3mschema_version[0m[2m=[0m2 [3mshard_count[0m[2m=[0m8
[2m2026-03-16T02:20:33.474104Z[0m [32m INFO[0m [2mswarmllm::network::manager[0m[2m:[0m DIAG: received response [3mpeer[0m[2m=[0m12D3KooWSUjzxjgP5ZfafMxfkMEMEo7RwrF7khpEAKaEMHgJ5Pfv [3mkind[0m[2m=[0m"ack" [3mrequest_id[0m[2m=[0mOutboundRequestId(170) [3mwas_tensor_forward[0m[2m=[0mfalse [3mpending_tensor_out[0m[2m=[0m0
[2m2026-03-16T02:20:33.477791Z[0m [32m INFO[0m [2mswarmllm::daemon::dispatch[0m[2m:[0m Received shard announce from peer [3mnode_id[0m[2m=[0mf78fbf0fba02769a [3mshards[0m[2m=[0m9
[2m2026-03-16T02:20:52.335085Z[0m [32m INFO[0m [2mswarmllm::network::manager[0m[2m:[0m Received request [3mpeer[0m[2m=[0m12D3KooWSUjzxjgP5ZfafMxfkMEMEo7RwrF7khpEAKaEMHgJ5Pfv [3mkind[0m[2m=[0m"message"
[2m2026-03-16T02:20:52.335174Z[0m [32m INFO[0m [2mswarmllm::network::manager[0m[2m:[0m Received request [3mpeer[0m[2m=[0m12D3KooWP3xpwmAoNWP3RboxdnMbaX94yTzW7WzgiZtJFDAWvdp1 [3mkind[0m[2m=[0m"message"
[2m2026-03-16T02:20:52.335269Z[0m [32m INFO[0m [2mswarmllm::network::manager[0m[2m:[0m DIAG: ResponseSent event — response written to wire [3mpeer[0m[2m=[0m12D3KooWSUjzxjgP5ZfafMxfkMEMEo7RwrF7khpEAKaEMHgJ5Pfv [3mrequest_id[0m[2m=[0mInboundRequestId(171)
[2m2026-03-16T02:20:52.335299Z[0m [32m INFO[0m [2mswarmllm::network::manager[0m[2m:[0m DIAG: ResponseSent event — response written to wire [3mpeer[0m[2m=[0m12D3KooWP3xpwmAoNWP3RboxdnMbaX94yTzW7WzgiZtJFDAWvdp1 [3mrequest_id[0m[2m=[0mInboundRequestId(172)
[2m2026-03-16T02:20:58.934911Z[0m [32m INFO[0m [2mswarmllm::config[0m[2m:[0m Loaded config [3mpath[0m[2m=[0m/home/user/.local/share/swarmllm-test3/config.toml
[2m2026-03-16T02:20:58.951031Z[0m [32m INFO[0m [2mswarmllm::daemon[0m[2m:[0m Detected provider API keys in environment [3mproviders[0m[2m=[0m["deepseek"] [3mcount[0m[2m=[0m1
[2m2026-03-16T02:20:58.951092Z[0m [32m INFO[0m [2mswarmllm::daemon[0m[2m:[0m SwarmLLM daemon starting with resolved config [3mport[0m[2m=[0m8902 [3mdata_dir[0m[2m=[0m/home/user/.local/share/swarmllm-test3 [3mbootstrap_peers[0m[2m=[0m0 [3mauto_manage[0m[2m=[0mfalse
[2m2026-03-16T02:20:58.951209Z[0m [32m INFO[0m [2mswarmllm::storage::db[0m[2m:[0m Database integrity check passed
[2m2026-03-16T02:20:58.951265Z[0m [32m INFO[0m [2mswarmllm::daemon[0m[2m:[0m Using persisted API key from database
[2m2026-03-16T02:20:58.951629Z[0m [32m INFO[0m [2mswarmllm::model::registry[0m[2m:[0m DIAG: load_from_db complete [3mmanifests_loaded_count[0m[2m=[0m0
[2m2026-03-16T02:20:58.952376Z[0m [32m INFO[0m [2mswarmllm::config[0m[2m:[0m Loaded provider key from environment [3menv_var[0m[2m=[0m"DEEPSEEK_API_KEY"
[2m2026-03-16T02:20:58.953326Z[0m [32m INFO[0m [2mswarmllm::model::shard[0m[2m:[0m DIAG: load_all_local complete [3mmodel_count[0m[2m=[0m0 [3mtotal_shards[0m[2m=[0m0 [3mrejected_count[0m[2m=[0m0
[2m2026-03-16T02:20:58.953540Z[0m [32m INFO[0m [2mswarmllm::network::manager[0m[2m:[0m Initializing network [3mpeer_id[0m[2m=[0m12D3KooWAyFfLinkAgFyQsC2SfHDizZ6yBg6BUUFYDYP1ZRVFaNr
[2m2026-03-16T02:20:58.953599Z[0m [32m INFO[0m [2mswarmllm::network::peer_cache[0m[2m:[0m Loaded cached peers from last session [3mcount[0m[2m=[0m6
[2m2026-03-16T02:20:58.955833Z[0m [32m INFO[0m [2mswarmllm::network::behaviour[0m[2m:[0m Auto-scaled GossipSub mesh parameters [3mknown_peers[0m[2m=[0m6 [3mmesh_n[0m[2m=[0m2 [3mmesh_n_low[0m[2m=[0m1 [3mmesh_n_high[0m[2m=[0m4
[2m2026-03-16T02:20:58.955972Z[0m [32m INFO[0m [2mswarmllm::network::behaviour[0m[2m:[0m DIAG: connection limits configured [3mmax_per_peer[0m[2m=[0m1 [3mmax_total[0m[2m=[0m500
[2m2026-03-16T02:20:58.956340Z[0m [32m INFO[0m [2mswarmllm::credit::ledger[0m[2m:[0m Restored credit balance from database [3mbalance[0m[2m=[0m-21760 [3mlifetime_earned[0m[2m=[0m0
[2m2026-03-16T02:20:58.956416Z[0m [32m INFO[0m [2mswarmllm::inference::router[0m[2m:[0m InferenceRouter running [3mmax_batch_size[0m[2m=[0m1 [3mbatch_timeout_ms[0m[2m=[0m50
[2m2026-03-16T02:20:58.956683Z[0m [32m INFO[0m [2mswarmllm::network::manager[0m[2m:[0m Listening for P2P connections (QUIC disabled) [3mtcp_addr[0m[2m=[0m/ip4/0.0.0.0/tcp/8912
[2m2026-03-16T02:20:58.956515Z[0m [32m INFO[0m [2mswarmllm::daemon[0m[2m:[0m SwarmLLM daemon running [3mnode_id[0m[2m=[0m11228e88372ae2f0 [3mport[0m[2m=[0m8902
[2m2026-03-16T02:20:58.956714Z[0m [32m INFO[0m [2mswarmllm::model::acquisition[0m[2m:[0m AcquisitionManager running
[2m2026-03-16T02:20:58.956749Z[0m [32m INFO[0m [2mswarmllm::credit::ledger[0m[2m:[0m CreditLedger running
[2m2026-03-16T02:20:58.956556Z[0m [32m INFO[0m [2mswarmllm::health::rebalancer[0m[2m:[0m ShardRebalancer running
[2m2026-03-16T02:20:58.956571Z[0m [32m INFO[0m [2mswarmllm::health::monitor[0m[2m:[0m HealthMonitor running
[2m2026-03-16T02:20:58.956809Z[0m [32m INFO[0m [2mswarmllm::pool::manager[0m[2m:[0m PoolManager running
[2m2026-03-16T02:20:58.956718Z[0m [32m INFO[0m [2mswarmllm::model::auto_manage[0m[2m:[0m AutoShardManager: disabled at startup (enable from dashboard)
[2m2026-03-16T02:20:58.956756Z[0m [32m INFO[0m [2mswarmllm::network::discovery[0m[2m:[0m Subscribed to GossipSub topic [3mtopic[0m[2m=[0mswarm/models
[2m2026-03-16T02:20:58.956844Z[0m [32m INFO[0m [2mswarmllm::network::discovery[0m[2m:[0m Subscribed to GossipSub topic [3mtopic[0m[2m=[0mswarm/governance
[2m2026-03-16T02:20:58.956860Z[0m [32m INFO[0m [2mswarmllm::network::discovery[0m[2m:[0m Subscribed to GossipSub topic [3mtopic[0m[2m=[0mswarm/health
[2m2026-03-16T02:20:58.956871Z[0m [32m INFO[0m [2mswarmllm::network::discovery[0m[2m:[0m Subscribed to GossipSub topic [3mtopic[0m[2m=[0mswarm/credits
[2m2026-03-16T02:20:58.956878Z[0m [32m INFO[0m [2mswarmllm::network::discovery[0m[2m:[0m Subscribed to GossipSub topic [3mtopic[0m[2m=[0mswarm/identity
[2m2026-03-16T02:20:58.956883Z[0m [32m INFO[0m [2mswarmllm::network::discovery[0m[2m:[0m Subscribed to GossipSub topic [3mtopic[0m[2m=[0mswarm/pools
[2m2026-03-16T02:20:58.956911Z[0m [32m INFO[0m [2mswarmllm::network::peer_cache[0m[2m:[0m Loaded cached peers from last session [3mcount[0m[2m=[0m6
[2m2026-03-16T02:20:58.957131Z[0m [32m INFO[0m [2mswarmllm::network::discovery[0m[2m:[0m Dialing bootstrap peer [3maddr[0m[2m=[0m/ip4/172.27.198.18/tcp/8911/p2p/12D3KooWP3xpwmAoNWP3RboxdnMbaX94yTzW7WzgiZtJFDAWvdp1 [3mpeer_id[0m[2m=[0mSome(PeerId("12D3KooWP3xpwmAoNWP3RboxdnMbaX94yTzW7WzgiZtJFDAWvdp1"))
[2m2026-03-16T02:20:58.957244Z[0m [32m INFO[0m [2mswarmllm::network::discovery[0m[2m:[0m Dialing bootstrap peer [3maddr[0m[2m=[0m/ip4/127.0.0.1/tcp/8911/p2p/12D3KooWP3xpwmAoNWP3RboxdnMbaX94yTzW7WzgiZtJFDAWvdp1 [3mpeer_id[0m[2m=[0mSome(PeerId("12D3KooWP3xpwmAoNWP3RboxdnMbaX94yTzW7WzgiZtJFDAWvdp1"))
[2m2026-03-16T02:20:58.957300Z[0m [32m INFO[0m [2mswarmllm::network::discovery[0m[2m:[0m Dialing bootstrap peer [3maddr[0m[2m=[0m/ip4/10.255.255.254/tcp/8911/p2p/12D3KooWP3xpwmAoNWP3RboxdnMbaX94yTzW7WzgiZtJFDAWvdp1 [3mpeer_id[0m[2m=[0mSome(PeerId("12D3KooWP3xpwmAoNWP3RboxdnMbaX94yTzW7WzgiZtJFDAWvdp1"))
[2m2026-03-16T02:20:58.957413Z[0m [32m INFO[0m [2mswarmllm::network::discovery[0m[2m:[0m Dialing bootstrap peer [3maddr[0m[2m=[0m/ip4/10.255.255.254/tcp/8910/p2p/12D3KooWSUjzxjgP5ZfafMxfkMEMEo7RwrF7khpEAKaEMHgJ5Pfv [3mpeer_id[0m[2m=[0mSome(PeerId("12D3KooWSUjzxjgP5ZfafMxfkMEMEo7RwrF7khpEAKaEMHgJ5Pfv"))
[2m2026-03-16T02:20:58.957472Z[0m [32m INFO[0m [2mswarmllm::network::discovery[0m[2m:[0m Dialing bootstrap peer [3maddr[0m[2m=[0m/ip4/127.0.0.1/tcp/8910/p2p/12D3KooWSUjzxjgP5ZfafMxfkMEMEo7RwrF7khpEAKaEMHgJ5Pfv [3mpeer_id[0m[2m=[0mSome(PeerId("12D3KooWSUjzxjgP5ZfafMxfkMEMEo7RwrF7khpEAKaEMHgJ5Pfv"))
[2m2026-03-16T02:20:58.957552Z[0m [32m INFO[0m [2mswarmllm::network::discovery[0m[2m:[0m Dialing bootstrap peer [3maddr[0m[2m=[0m/ip4/172.27.198.18/tcp/8910/p2p/12D3KooWSUjzxjgP5ZfafMxfkMEMEo7RwrF7khpEAKaEMHgJ5Pfv [3mpeer_id[0m[2m=[0mSome(PeerId("12D3KooWSUjzxjgP5ZfafMxfkMEMEo7RwrF7khpEAKaEMHgJ5Pfv"))
[2m2026-03-16T02:20:58.957567Z[0m [32m INFO[0m [2mswarmllm::network::manager[0m[2m:[0m Dialing cached peers from last session [3mcount[0m[2m=[0m6
[2m2026-03-16T02:20:58.957695Z[0m [32m INFO[0m [2mswarmllm::model::auto_manage[0m[2m:[0m AutoShardManager running [3minterval_secs[0m[2m=[0m300 [3mmax_storage_mb[0m[2m=[0m0
[2m2026-03-16T02:20:58.957760Z[0m [32m INFO[0m [2mswarmllm::credit::ledger[0m[2m:[0m Gossiping credit balance [3mbalance_bucket[0m[2m=[0m-21800 [3mtier[0m[2m=[0mBronze
[2m2026-03-16T02:20:58.957761Z[0m [32m INFO[0m [2mswarmllm::crypto::key_rotation[0m[2m:[0m Key rotation task started (eviction + ephemeral re-keying)
[2m2026-03-16T02:20:58.957779Z[0m [32m INFO[0m [2mswarmllm::network::manager[0m[2m:[0m NetworkManager running
[2m2026-03-16T02:20:58.959660Z[0m [32m INFO[0m [2mswarmllm::network::peer_cache[0m[2m:[0m Loaded cached peers from last session [3mcount[0m[2m=[0m6
[2m2026-03-16T02:20:58.959807Z[0m [32m INFO[0m [2mswarmllm::network::discovery[0m[2m:[0m Dialing bootstrap peer [3maddr[0m[2m=[0m/ip4/172.27.198.18/tcp/8911/p2p/12D3KooWP3xpwmAoNWP3RboxdnMbaX94yTzW7WzgiZtJFDAWvdp1 [3mpeer_id[0m[2m=[0mSome(PeerId("12D3KooWP3xpwmAoNWP3RboxdnMbaX94yTzW7WzgiZtJFDAWvdp1"))
[2m2026-03-16T02:20:58.959894Z[0m [32m INFO[0m [2mswarmllm::network::discovery[0m[2m:[0m Dialing bootstrap peer [3maddr[0m[2m=[0m/ip4/127.0.0.1/tcp/8911/p2p/12D3KooWP3xpwmAoNWP3RboxdnMbaX94yTzW7WzgiZtJFDAWvdp1 [3mpeer_id[0m[2m=[0mSome(PeerId("12D3KooWP3xpwmAoNWP3RboxdnMbaX94yTzW7WzgiZtJFDAWvdp1"))
[2m2026-03-16T02:20:58.960022Z[0m [32m INFO[0m [2mswarmllm::network::discovery[0m[2m:[0m Dialing bootstrap peer [3maddr[0m[2m=[0m/ip4/10.255.255.254/tcp/8911/p2p/12D3KooWP3xpwmAoNWP3RboxdnMbaX94yTzW7WzgiZtJFDAWvdp1 [3mpeer_id[0m[2m=[0mSome(PeerId("12D3KooWP3xpwmAoNWP3RboxdnMbaX94yTzW7WzgiZtJFDAWvdp1"))
[2m2026-03-16T02:20:58.960108Z[0m [32m INFO[0m [2mswarmllm::network::discovery[0m[2m:[0m Dialing bootstrap peer [3maddr[0m[2m=[0m/ip4/10.255.255.254/tcp/8910/p2p/12D3KooWSUjzxjgP5ZfafMxfkMEMEo7RwrF7khpEAKaEMHgJ5Pfv [3mpeer_id[0m[2m=[0mSome(PeerId("12D3KooWSUjzxjgP5ZfafMxfkMEMEo7RwrF7khpEAKaEMHgJ5Pfv"))
[2m2026-03-16T02:20:58.960184Z[0m [32m INFO[0m [2mswarmllm::network::discovery[0m[2m:[0m Dialing bootstrap peer [3maddr[0m[2m=[0m/ip4/127.0.0.1/tcp/8910/p2p/12D3KooWSUjzxjgP5ZfafMxfkMEMEo7RwrF7khpEAKaEMHgJ5Pfv [3mpeer_id[0m[2m=[0mSome(PeerId("12D3KooWSUjzxjgP5ZfafMxfkMEMEo7RwrF7khpEAKaEMHgJ5Pfv"))
[2m2026-03-16T02:20:58.960246Z[0m [32m INFO[0m [2mswarmllm::network::discovery[0m[2m:[0m Dialing bootstrap peer [3maddr[0m[2m=[0m/ip4/172.27.198.18/tcp/8910/p2p/12D3KooWSUjzxjgP5ZfafMxfkMEMEo7RwrF7khpEAKaEMHgJ5Pfv [3mpeer_id[0m[2m=[0mSome(PeerId("12D3KooWSUjzxjgP5ZfafMxfkMEMEo7RwrF7khpEAKaEMHgJ5Pfv"))
[2m2026-03-16T02:20:58.962207Z[0m [32m INFO[0m [2mswarmllm::network::manager[0m[2m:[0m New listen address [3maddress[0m[2m=[0m/ip4/127.0.0.1/tcp/8912
[2m2026-03-16T02:20:58.962381Z[0m [32m INFO[0m [2mswarmllm::network::manager[0m[2m:[0m New listen address [3maddress[0m[2m=[0m/ip4/10.255.255.254/tcp/8912
[2m2026-03-16T02:20:58.962407Z[0m [32m INFO[0m [2mswarmllm::network::manager[0m[2m:[0m New listen address [3maddress[0m[2m=[0m/ip4/172.27.198.18/tcp/8912
[2m2026-03-16T02:20:59.498840Z[0m [32m INFO[0m [2mswarmllm::daemon[0m[2m:[0m Auto-detected region via IP geolocation [3mregion[0m[2m=[0mTH
[2m2026-03-16T02:21:05.809906Z[0m [32m INFO[0m [2mswarmllm::network::manager[0m[2m:[0m DIAG: connection established [3mpeer_id[0m[2m=[0m12D3KooWP3xpwmAoNWP3RboxdnMbaX94yTzW7WzgiZtJFDAWvdp1 [3mconnection_id[0m[2m=[0m39 [3mcount[0m[2m=[0m1 [3mremote_addr[0m[2m=[0m/ip4/172.27.198.18/tcp/55906 [3mis_loopback[0m[2m=[0mfalse [3mis_dialer[0m[2m=[0mfalse [3mtotal_established[0m[2m=[0m1 [3mtotal_peers[0m[2m=[0m1 [3mpending_tensor_forwards[0m[2m=[0m0
[2m2026-03-16T02:21:05.811539Z[0m [32m INFO[0m [2mswarmllm::network::manager[0m[2m:[0m DIAG: key exchange initiated [3mpeer_id[0m[2m=[0m12D3KooWP3xpwmAoNWP3RboxdnMbaX94yTzW7WzgiZtJFDAWvdp1 [3mnode_id[0m[2m=[0mc4a3ab5093da731a [3msession_type[0m[2m=[0m"static"
[2m2026-03-16T02:21:05.811654Z[0m [32m INFO[0m [2mswarmllm::network::manager[0m[2m:[0m DIAG: encryption session established [3mpeer_id[0m[2m=[0m12D3KooWP3xpwmAoNWP3RboxdnMbaX94yTzW7WzgiZtJFDAWvdp1 [3mnode_id[0m[2m=[0mc4a3ab5093da731a [3msession_type[0m[2m=[0m"static" [3msession_count[0m[2m=[0m1
[2m2026-03-16T02:21:05.811859Z[0m [32m INFO[0m [2mswarmllm::network::manager[0m[2m:[0m Replayed buffered GossipSub messages [3mcount[0m[2m=[0m1
[2m2026-03-16T02:21:05.812106Z[0m [32m INFO[0m [2mswarmllm::network::manager[0m[2m:[0m Replayed buffered GossipSub messages [3mcount[0m[2m=[0m1
[2m2026-03-16T02:21:05.812194Z[0m [32m INFO[0m [2mswarmllm::network::manager[0m[2m:[0m Replayed buffered GossipSub messages [3mcount[0m[2m=[0m1
[2m2026-03-16T02:21:05.812209Z[0m [32m INFO[0m [2mswarmllm::network::manager[0m[2m:[0m Received request [3mpeer[0m[2m=[0m12D3KooWP3xpwmAoNWP3RboxdnMbaX94yTzW7WzgiZtJFDAWvdp1 [3mkind[0m[2m=[0m"message"
[2m2026-03-16T02:21:05.812660Z[0m [32m INFO[0m [2mswarmllm::network::manager[0m[2m:[0m DIAG: ResponseSent event — response written to wire [3mpeer[0m[2m=[0m12D3KooWP3xpwmAoNWP3RboxdnMbaX94yTzW7WzgiZtJFDAWvdp1 [3mrequest_id[0m[2m=[0mInboundRequestId(1)
[2m2026-03-16T02:21:05.813913Z[0m [32m INFO[0m [2mswarmllm::daemon::dispatch[0m[2m:[0m Received shard announce from peer [3mnode_id[0m[2m=[0mc4a3ab5093da731a [3mshards[0m[2m=[0m6
[2m2026-03-16T02:21:05.815547Z[0m [32m INFO[0m [2mswarmllm::network::manager[0m[2m:[0m DIAG: received response [3mpeer[0m[2m=[0m12D3KooWP3xpwmAoNWP3RboxdnMbaX94yTzW7WzgiZtJFDAWvdp1 [3mkind[0m[2m=[0m"message" [3mrequest_id[0m[2m=[0mOutboundRequestId(1) [3mwas_tensor_forward[0m[2m=[0mfalse [3mpending_tensor_out[0m[2m=[0m0
[2m2026-03-16T02:21:05.816359Z[0m [32m INFO[0m [2mswarmllm::daemon::dispatch[0m[2m:[0m Received model manifest from network [3mmodel[0m[2m=[0mphi-3.5-mini-instruct.q4-k-m [3mname[0m[2m=[0mPhi 3.5 Mini Instruct [3mshards[0m[2m=[0m5 [3mpublisher[0m[2m=[0mc4a3ab5093da731a
[2m2026-03-16T02:21:05.816436Z[0m [32m INFO[0m [2mswarmllm::model::registry[0m[2m:[0m DIAG: register_manifest [3mmodel[0m[2m=[0mphi-3.5-mini-instruct.q4-k-m [3mname[0m[2m=[0mPhi 3.5 Mini Instruct [3mschema_version[0m[2m=[0m2 [3mshard_count[0m[2m=[0m5
[2m2026-03-16T02:21:05.816453Z[0m [32m INFO[0m [2mswarmllm::daemon::dispatch[0m[2m:[0m Received model manifest from network [3mmodel[0m[2m=[0mtinyllama-1.1b-chat-v1.0.q4-k-m [3mname[0m[2m=[0mtinyllama_tinyllama-1.1b-chat-v1.0 [3mshards[0m[2m=[0m2 [3mpublisher[0m[2m=[0mc4a3ab5093da731a
[2m2026-03-16T02:21:05.816482Z[0m [32m INFO[0m [2mswarmllm::network::manager[0m[2m:[0m Received request [3mpeer[0m[2m=[0m12D3KooWP3xpwmAoNWP3RboxdnMbaX94yTzW7WzgiZtJFDAWvdp1 [3mkind[0m[2m=[0m"message"
[2m2026-03-16T02:21:05.816497Z[0m [32m INFO[0m [2mswarmllm::model::registry[0m[2m:[0m DIAG: register_manifest [3mmodel[0m[2m=[0mtinyllama-1.1b-chat-v1.0.q4-k-m [3mname[0m[2m=[0mtinyllama_tinyllama-1.1b-chat-v1.0 [3mschema_version[0m[2m=[0m2 [3mshard_count[0m[2m=[0m2
[2m2026-03-16T02:21:05.817014Z[0m [32m INFO[0m [2mswarmllm::network::manager[0m[2m:[0m DIAG: ResponseSent event — response written to wire [3mpeer[0m[2m=[0m12D3KooWP3xpwmAoNWP3RboxdnMbaX94yTzW7WzgiZtJFDAWvdp1 [3mrequest_id[0m[2m=[0mInboundRequestId(2)
[2m2026-03-16T02:21:05.817906Z[0m [32m INFO[0m [2mswarmllm::network::manager[0m[2m:[0m DIAG: received response [3mpeer[0m[2m=[0m12D3KooWP3xpwmAoNWP3RboxdnMbaX94yTzW7WzgiZtJFDAWvdp1 [3mkind[0m[2m=[0m"ack" [3mrequest_id[0m[2m=[0mOutboundRequestId(2) [3mwas_tensor_forward[0m[2m=[0mfalse [3mpending_tensor_out[0m[2m=[0m0
[2m2026-03-16T02:21:05.964968Z[0m [32m INFO[0m [2mswarmllm::network::manager[0m[2m:[0m Found 1 peer on your local network [3mlan_peers[0m[2m=[0m1
[2m2026-03-16T02:21:16.846436Z[0m [32m INFO[0m [2mswarmllm::daemon::dispatch[0m[2m:[0m Received shard announce from peer [3mnode_id[0m[2m=[0mc4a3ab5093da731a [3mshards[0m[2m=[0m6
[2m2026-03-16T02:21:16.846495Z[0m [32m INFO[0m [2mswarmllm::daemon::dispatch[0m[2m:[0m Received model manifest from network [3mmodel[0m[2m=[0mqwen2.5-coder-7b-instruct-q4-k-m [3mname[0m[2m=[0mQwen2.5 Coder 7B Instruct GGUF [3mshards[0m[2m=[0m8 [3mpublisher[0m[2m=[0mf78fbf0fba02769a
[2m2026-03-16T02:21:16.846565Z[0m [32m INFO[0m [2mswarmllm::model::registry[0m[2m:[0m DIAG: register_manifest [3mmodel[0m[2m=[0mqwen2.5-coder-7b-instruct-q4-k-m [3mname[0m[2m=[0mQwen2.5 Coder 7B Instruct GGUF [3mschema_version[0m[2m=[0m2 [3mshard_count[0m[2m=[0m8
[2m2026-03-16T02:21:16.846581Z[0m [32m INFO[0m [2mswarmllm::daemon::dispatch[0m[2m:[0m Received model manifest from network [3mmodel[0m[2m=[0mphi-3.5-mini-instruct.q4-k-m [3mname[0m[2m=[0mPhi 3.5 Mini Instruct [3mshards[0m[2m=[0m5 [3mpublisher[0m[2m=[0mc4a3ab5093da731a
[2m2026-03-16T02:21:16.846645Z[0m [32m INFO[0m [2mswarmllm::model::registry[0m[2m:[0m DIAG: register_manifest [3mmodel[0m[2m=[0mphi-3.5-mini-instruct.q4-k-m [3mname[0m[2m=[0mPhi 3.5 Mini Instruct [3mschema_version[0m[2m=[0m2 [3mshard_count[0m[2m=[0m5
[2m2026-03-16T02:21:16.846659Z[0m [32m INFO[0m [2mswarmllm::daemon::dispatch[0m[2m:[0m Received model manifest from network [3mmodel[0m[2m=[0mtinyllama-1.1b-chat-v1.0.q4-k-m [3mname[0m[2m=[0mtinyllama_tinyllama-1.1b-chat-v1.0 [3mshards[0m[2m=[0m2 [3mpublisher[0m[2m=[0mc4a3ab5093da731a
[2m2026-03-16T02:21:16.846714Z[0m [32m INFO[0m [2mswarmllm::model::registry[0m[2m:[0m DIAG: register_manifest [3mmodel[0m[2m=[0mtinyllama-1.1b-chat-v1.0.q4-k-m [3mname[0m[2m=[0mtinyllama_tinyllama-1.1b-chat-v1.0 [3mschema_version[0m[2m=[0m2 [3mshard_count[0m[2m=[0m2
[2m2026-03-16T02:21:26.059475Z[0m [32m INFO[0m [2mswarmllm::network::manager[0m[2m:[0m Received request [3mpeer[0m[2m=[0m12D3KooWP3xpwmAoNWP3RboxdnMbaX94yTzW7WzgiZtJFDAWvdp1 [3mkind[0m[2m=[0m"message"
[2m2026-03-16T02:21:26.059667Z[0m [32m INFO[0m [2mswarmllm::network::manager[0m[2m:[0m DIAG: ResponseSent event — response written to wire [3mpeer[0m[2m=[0m12D3KooWP3xpwmAoNWP3RboxdnMbaX94yTzW7WzgiZtJFDAWvdp1 [3mrequest_id[0m[2m=[0mInboundRequestId(3)
[2m2026-03-16T02:21:26.594354Z[0m [33m WARN[0m [2mswarmllm::update[0m[2m:[0m Update check failed [3merror[0m[2m=[0mNetwork error: GitHub API returned 404 Not Found
[2m2026-03-16T02:21:27.454456Z[0m [32m INFO[0m [2mswarmllm::network::manager[0m[2m:[0m DIAG: connection established [3mpeer_id[0m[2m=[0m12D3KooWSUjzxjgP5ZfafMxfkMEMEo7RwrF7khpEAKaEMHgJ5Pfv [3mconnection_id[0m[2m=[0m44 [3mcount[0m[2m=[0m1 [3mremote_addr[0m[2m=[0m/ip4/127.0.0.1/tcp/55734 [3mis_loopback[0m[2m=[0mtrue [3mis_dialer[0m[2m=[0mfalse [3mtotal_established[0m[2m=[0m2 [3mtotal_peers[0m[2m=[0m2 [3mpending_tensor_forwards[0m[2m=[0m0
[2m2026-03-16T02:21:27.455154Z[0m [32m INFO[0m [2mswarmllm::network::manager[0m[2m:[0m DIAG: key exchange initiated [3mpeer_id[0m[2m=[0m12D3KooWSUjzxjgP5ZfafMxfkMEMEo7RwrF7khpEAKaEMHgJ5Pfv [3mnode_id[0m[2m=[0mf78fbf0fba02769a [3msession_type[0m[2m=[0m"static"
[2m2026-03-16T02:21:27.455278Z[0m [32m INFO[0m [2mswarmllm::network::manager[0m[2m:[0m DIAG: encryption session established [3mpeer_id[0m[2m=[0m12D3KooWSUjzxjgP5ZfafMxfkMEMEo7RwrF7khpEAKaEMHgJ5Pfv [3mnode_id[0m[2m=[0mf78fbf0fba02769a [3msession_type[0m[2m=[0m"static" [3msession_count[0m[2m=[0m2
[2m2026-03-16T02:21:27.456534Z[0m [32m INFO[0m [2mswarmllm::network::manager[0m[2m:[0m Received request [3mpeer[0m[2m=[0m12D3KooWSUjzxjgP5ZfafMxfkMEMEo7RwrF7khpEAKaEMHgJ5Pfv [3mkind[0m[2m=[0m"message"
[2m2026-03-16T02:21:27.456947Z[0m [32m INFO[0m [2mswarmllm::network::manager[0m[2m:[0m DIAG: ResponseSent event — response written to wire [3mpeer[0m[2m=[0m12D3KooWSUjzxjgP5ZfafMxfkMEMEo7RwrF7khpEAKaEMHgJ5Pfv [3mrequest_id[0m[2m=[0mInboundRequestId(4)
[2m2026-03-16T02:21:27.457827Z[0m [32m INFO[0m [2mswarmllm::network::manager[0m[2m:[0m DIAG: received response [3mpeer[0m[2m=[0m12D3KooWSUjzxjgP5ZfafMxfkMEMEo7RwrF7khpEAKaEMHgJ5Pfv [3mkind[0m[2m=[0m"message" [3mrequest_id[0m[2m=[0mOutboundRequestId(3) [3mwas_tensor_forward[0m[2m=[0mfalse [3mpending_tensor_out[0m[2m=[0m0
[2m2026-03-16T02:21:27.457878Z[0m [32m INFO[0m [2mswarmllm::network::manager[0m[2m:[0m Low-latency peer auto-detected as LAN [3mpeer[0m[2m=[0m12D3KooWSUjzxjgP5ZfafMxfkMEMEo7RwrF7khpEAKaEMHgJ5Pfv [3mrtt_ms[0m[2m=[0m3 [3mlan_peers[0m[2m=[0m2
[2m2026-03-16T02:21:27.460990Z[0m [32m INFO[0m [2mswarmllm::daemon::dispatch[0m[2m:[0m Received shard announce from peer [3mnode_id[0m[2m=[0mf78fbf0fba02769a [3mshards[0m[2m=[0m9
[2m2026-03-16T02:21:27.462601Z[0m [32m INFO[0m [2mswarmllm::daemon::dispatch[0m[2m:[0m Received model manifest from network [3mmodel[0m[2m=[0mphi-3.5-mini-instruct.q4-k-m [3mname[0m[2m=[0mPhi 3.5 Mini Instruct [3mshards[0m[2m=[0m5 [3mpublisher[0m[2m=[0mf78fbf0fba02769a
[2m2026-03-16T02:21:27.462782Z[0m [32m INFO[0m [2mswarmllm::model::registry[0m[2m:[0m DIAG: register_manifest [3mmodel[0m[2m=[0mphi-3.5-mini-instruct.q4-k-m [3mname[0m[2m=[0mPhi 3.5 Mini Instruct [3mschema_version[0m[2m=[0m2 [3mshard_count[0m[2m=[0m5
[2m2026-03-16T02:21:27.462817Z[0m [32m INFO[0m [2mswarmllm::daemon::dispatch[0m[2m:[0m Received model manifest from network [3mmodel[0m[2m=[0mtinyllama-1.1b-chat-v1.0.q4-k-m [3mname[0m[2m=[0mtinyllama_tinyllama-1.1b-chat-v1.0 [3mshards[0m[2m=[0m2 [3mpublisher[0m[2m=[0mf78fbf0fba02769a
[2m2026-03-16T02:21:27.462895Z[0m [32m INFO[0m [2mswarmllm::model::registry[0m[2m:[0m DIAG: register_manifest [3mmodel[0m[2m=[0mtinyllama-1.1b-chat-v1.0.q4-k-m [3mname[0m[2m=[0mtinyllama_tinyllama-1.1b-chat-v1.0 [3mschema_version[0m[2m=[0m2 [3mshard_count[0m[2m=[0m2
[2m2026-03-16T02:21:27.464683Z[0m [32m INFO[0m [2mswarmllm::network::manager[0m[2m:[0m DIAG: received response [3mpeer[0m[2m=[0m12D3KooWSUjzxjgP5ZfafMxfkMEMEo7RwrF7khpEAKaEMHgJ5Pfv [3mkind[0m[2m=[0m"ack" [3mrequest_id[0m[2m=[0mOutboundRequestId(4) [3mwas_tensor_forward[0m[2m=[0mfalse [3mpending_tensor_out[0m[2m=[0m0
[2m2026-03-16T02:21:27.909821Z[0m [32m INFO[0m [2mswarmllm::network::manager[0m[2m:[0m Received request [3mpeer[0m[2m=[0m12D3KooWSUjzxjgP5ZfafMxfkMEMEo7RwrF7khpEAKaEMHgJ5Pfv [3mkind[0m[2m=[0m"message"
[2m2026-03-16T02:21:27.909896Z[0m [32m INFO[0m [2mswarmllm::network::manager[0m[2m:[0m DIAG: ResponseSent event — response written to wire [3mpeer[0m[2m=[0m12D3KooWSUjzxjgP5ZfafMxfkMEMEo7RwrF7khpEAKaEMHgJ5Pfv [3mrequest_id[0m[2m=[0mInboundRequestId(5)
[2m2026-03-16T02:21:27.909910Z[0m [32m INFO[0m [2mswarmllm::network::manager[0m[2m:[0m Received request [3mpeer[0m[2m=[0m12D3KooWSUjzxjgP5ZfafMxfkMEMEo7RwrF7khpEAKaEMHgJ5Pfv [3mkind[0m[2m=[0m"message"
[2m2026-03-16T02:21:27.910269Z[0m [32m INFO[0m [2mswarmllm::network::manager[0m[2m:[0m DIAG: ResponseSent event — response written to wire [3mpeer[0m[2m=[0m12D3KooWSUjzxjgP5ZfafMxfkMEMEo7RwrF7khpEAKaEMHgJ5Pfv [3mrequest_id[0m[2m=[0mInboundRequestId(6)
[2m2026-03-16T02:21:32.908618Z[0m [32m INFO[0m [2mswarmllm::network::manager[0m[2m:[0m DIAG: received response [3mpeer[0m[2m=[0m12D3KooWP3xpwmAoNWP3RboxdnMbaX94yTzW7WzgiZtJFDAWvdp1 [3mkind[0m[2m=[0m"ack" [3mrequest_id[0m[2m=[0mOutboundRequestId(5) [3mwas_tensor_forward[0m[2m=[0mfalse [3mpending_tensor_out[0m[2m=[0m0
[2m2026-03-16T02:21:32.910791Z[0m [32m INFO[0m [2mswarmllm::daemon::dispatch[0m[2m:[0m Received shard announce from peer [3mnode_id[0m[2m=[0mc4a3ab5093da731a [3mshards[0m[2m=[0m6
[2m2026-03-16T02:21:39.885097Z[0m [32m INFO[0m [2mswarmllm::daemon::dispatch[0m[2m:[0m Received shard announce from peer [3mnode_id[0m[2m=[0mf78fbf0fba02769a [3mshards[0m[2m=[0m9
[2m2026-03-16T02:21:39.885152Z[0m [32m INFO[0m [2mswarmllm::daemon::dispatch[0m[2m:[0m Received model manifest from network [3mmodel[0m[2m=[0mphi-3.5-mini-instruct.q4-k-m [3mname[0m[2m=[0mPhi 3.5 Mini Instruct [3mshards[0m[2m=[0m5 [3mpublisher[0m[2m=[0mc4a3ab5093da731a
[2m2026-03-16T02:21:39.885251Z[0m [32m INFO[0m [2mswarmllm::model::registry[0m[2m:[0m DIAG: register_manifest [3mmodel[0m[2m=[0mphi-3.5-mini-instruct.q4-k-m [3mname[0m[2m=[0mPhi 3.5 Mini Instruct [3mschema_version[0m[2m=[0m2 [3mshard_count[0m[2m=[0m5
[2m2026-03-16T02:21:39.885409Z[0m [32m INFO[0m [2mswarmllm::daemon::dispatch[0m[2m:[0m Received model manifest from network [3mmodel[0m[2m=[0mtinyllama-1.1b-chat-v1.0.q4-k-m [3mname[0m[2m=[0mtinyllama_tinyllama-1.1b-chat-v1.0 [3mshards[0m[2m=[0m2 [3mpublisher[0m[2m=[0mc4a3ab5093da731a
[2m2026-03-16T02:21:39.885508Z[0m [32m INFO[0m [2mswarmllm::model::registry[0m[2m:[0m DIAG: register_manifest [3mmodel[0m[2m=[0mtinyllama-1.1b-chat-v1.0.q4-k-m [3mname[0m[2m=[0mtinyllama_tinyllama-1.1b-chat-v1.0 [3mschema_version[0m[2m=[0m2 [3mshard_count[0m[2m=[0m2
[2m2026-03-16T02:21:39.886105Z[0m [32m INFO[0m [2mswarmllm::daemon::dispatch[0m[2m:[0m Received model manifest from network [3mmodel[0m[2m=[0mqwen2.5-coder-7b-instruct-q4-k-m [3mname[0m[2m=[0mQwen2.5 Coder 7B Instruct GGUF [3mshards[0m[2m=[0m8 [3mpublisher[0m[2m=[0mf78fbf0fba02769a
[2m2026-03-16T02:21:39.886239Z[0m [32m INFO[0m [2mswarmllm::model::registry[0m[2m:[0m DIAG: register_manifest [3mmodel[0m[2m=[0mqwen2.5-coder-7b-instruct-q4-k-m [3mname[0m[2m=[0mQwen2.5 Coder 7B Instruct GGUF [3mschema_version[0m[2m=[0m2 [3mshard_count[0m[2m=[0m8
[2m2026-03-16T02:21:53.493515Z[0m [32m INFO[0m [2mswarmllm::network::manager[0m[2m:[0m Received request [3mpeer[0m[2m=[0m12D3KooWSUjzxjgP5ZfafMxfkMEMEo7RwrF7khpEAKaEMHgJ5Pfv [3mkind[0m[2m=[0m"message"
[2m2026-03-16T02:21:53.493745Z[0m [32m INFO[0m [2mswarmllm::network::manager[0m[2m:[0m DIAG: ResponseSent event — response written to wire [3mpeer[0m[2m=[0m12D3KooWSUjzxjgP5ZfafMxfkMEMEo7RwrF7khpEAKaEMHgJ5Pfv [3mrequest_id[0m[2m=[0mInboundRequestId(7)
[2m2026-03-16T02:21:53.493783Z[0m [32m INFO[0m [2mswarmllm::network::manager[0m[2m:[0m Received request [3mpeer[0m[2m=[0m12D3KooWP3xpwmAoNWP3RboxdnMbaX94yTzW7WzgiZtJFDAWvdp1 [3mkind[0m[2m=[0m"message"
[2m2026-03-16T02:21:53.493950Z[0m [32m INFO[0m [2mswarmllm::network::manager[0m[2m:[0m DIAG: ResponseSent event — response written to wire [3mpeer[0m[2m=[0m12D3KooWP3xpwmAoNWP3RboxdnMbaX94yTzW7WzgiZtJFDAWvdp1 [3mrequest_id[0m[2m=[0mInboundRequestId(8)
[2m2026-03-16T02:21:54.884835Z[0m [32m INFO[0m [2mswarmllm::network::manager[0m[2m:[0m DIAG: received response [3mpeer[0m[2m=[0m12D3KooWSUjzxjgP5ZfafMxfkMEMEo7RwrF7khpEAKaEMHgJ5Pfv [3mkind[0m[2m=[0m"ack" [3mrequest_id[0m[2m=[0mOutboundRequestId(6) [3mwas_tensor_forward[0m[2m=[0mfalse [3mpending_tensor_out[0m[2m=[0m0
[2m2026-03-16T02:21:54.886385Z[0m [32m INFO[0m [2mswarmllm::daemon::dispatch[0m[2m:[0m Received shard announce from peer [3mnode_id[0m[2m=[0mf78fbf0fba02769a [3mshards[0m[2m=[0m9
[2m2026-03-16T02:21:54.887725Z[0m [32m INFO[0m [2mswarmllm::daemon::dispatch[0m[2m:[0m Received model manifest from network [3mmodel[0m[2m=[0mqwen2.5-coder-7b-instruct-q4-k-m [3mname[0m[2m=[0mQwen2.5 Coder 7B Instruct GGUF [3mshards[0m[2m=[0m8 [3mpublisher[0m[2m=[0mf78fbf0fba02769a
[2m2026-03-16T02:21:54.887996Z[0m [32m INFO[0m [2mswarmllm::model::registry[0m[2m:[0m DIAG: register_manifest [3mmodel[0m[2m=[0mqwen2.5-coder-7b-instruct-q4-k-m [3mname[0m[2m=[0mQwen2.5 Coder 7B Instruct GGUF [3mschema_version[0m[2m=[0m2 [3mshard_count[0m[2m=[0m8
[2m2026-03-16T02:22:00.341782Z[0m [32m INFO[0m [2mswarmllm::network::manager[0m[2m:[0m DIAG: received response [3mpeer[0m[2m=[0m12D3KooWP3xpwmAoNWP3RboxdnMbaX94yTzW7WzgiZtJFDAWvdp1 [3mkind[0m[2m=[0m"ack" [3mrequest_id[0m[2m=[0mOutboundRequestId(7) [3mwas_tensor_forward[0m[2m=[0mfalse [3mpending_tensor_out[0m[2m=[0m0
[2m2026-03-16T02:22:00.343805Z[0m [32m INFO[0m [2mswarmllm::daemon::dispatch[0m[2m:[0m Received shard announce from peer [3mnode_id[0m[2m=[0mc4a3ab5093da731a [3mshards[0m[2m=[0m6
[2m2026-03-16T02:22:00.346220Z[0m [32m INFO[0m [2mswarmllm::daemon::dispatch[0m[2m:[0m Received model manifest from network [3mmodel[0m[2m=[0mphi-3.5-mini-instruct.q4-k-m [3mname[0m[2m=[0mPhi 3.5 Mini Instruct [3mshards[0m[2m=[0m5 [3mpublisher[0m[2m=[0mc4a3ab5093da731a
[2m2026-03-16T02:22:00.346305Z[0m [32m INFO[0m [2mswarmllm::model::registry[0m[2m:[0m DIAG: register_manifest [3mmodel[0m[2m=[0mphi-3.5-mini-instruct.q4-k-m [3mname[0m[2m=[0mPhi 3.5 Mini Instruct [3mschema_version[0m[2m=[0m2 [3mshard_count[0m[2m=[0m5
[2m2026-03-16T02:22:00.346326Z[0m [32m INFO[0m [2mswarmllm::daemon::dispatch[0m[2m:[0m Received model manifest from network [3mmodel[0m[2m=[0mtinyllama-1.1b-chat-v1.0.q4-k-m [3mname[0m[2m=[0mtinyllama_tinyllama-1.1b-chat-v1.0 [3mshards[0m[2m=[0m2 [3mpublisher[0m[2m=[0mc4a3ab5093da731a
[2m2026-03-16T02:22:00.346380Z[0m [32m INFO[0m [2mswarmllm::model::registry[0m[2m:[0m DIAG: register_manifest [3mmodel[0m[2m=[0mtinyllama-1.1b-chat-v1.0.q4-k-m [3mname[0m[2m=[0mtinyllama_tinyllama-1.1b-chat-v1.0 [3mschema_version[0m[2m=[0m2 [3mshard_count[0m[2m=[0m2
[2m2026-03-16T02:22:20.548618Z[0m [32m INFO[0m [2mswarmllm::network::manager[0m[2m:[0m Received request [3mpeer[0m[2m=[0m12D3KooWSUjzxjgP5ZfafMxfkMEMEo7RwrF7khpEAKaEMHgJ5Pfv [3mkind[0m[2m=[0m"message"
[2m2026-03-16T02:22:20.548743Z[0m [32m INFO[0m [2mswarmllm::network::manager[0m[2m:[0m Received request [3mpeer[0m[2m=[0m12D3KooWP3xpwmAoNWP3RboxdnMbaX94yTzW7WzgiZtJFDAWvdp1 [3mkind[0m[2m=[0m"message"
[2m2026-03-16T02:22:20.548818Z[0m [32m INFO[0m [2mswarmllm::network::manager[0m[2m:[0m DIAG: ResponseSent event — response written to wire [3mpeer[0m[2m=[0m12D3KooWSUjzxjgP5ZfafMxfkMEMEo7RwrF7khpEAKaEMHgJ5Pfv [3mrequest_id[0m[2m=[0mInboundRequestId(9)
[2m2026-03-16T02:22:20.548968Z[0m [32m INFO[0m [2mswarmllm::network::manager[0m[2m:[0m DIAG: ResponseSent event — response written to wire [3mpeer[0m[2m=[0m12D3KooWP3xpwmAoNWP3RboxdnMbaX94yTzW7WzgiZtJFDAWvdp1 [3mrequest_id[0m[2m=[0mInboundRequestId(10)
[2m2026-03-16T02:22:21.940861Z[0m [32m INFO[0m [2mswarmllm::network::manager[0m[2m:[0m DIAG: received response [3mpeer[0m[2m=[0m12D3KooWSUjzxjgP5ZfafMxfkMEMEo7RwrF7khpEAKaEMHgJ5Pfv [3mkind[0m[2m=[0m"ack" [3mrequest_id[0m[2m=[0mOutboundRequestId(8) [3mwas_tensor_forward[0m[2m=[0mfalse [3mpending_tensor_out[0m[2m=[0m0
[2m2026-03-16T02:22:21.942527Z[0m [32m INFO[0m [2mswarmllm::daemon::dispatch[0m[2m:[0m Received shard announce from peer [3mnode_id[0m[2m=[0mf78fbf0fba02769a [3mshards[0m[2m=[0m9
[2m2026-03-16T02:22:21.944233Z[0m [32m INFO[0m [2mswarmllm::daemon::dispatch[0m[2m:[0m Received model manifest from network [3mmodel[0m[2m=[0mqwen2.5-coder-7b-instruct-q4-k-m [3mname[0m[2m=[0mQwen2.5 Coder 7B Instruct GGUF [3mshards[0m[2m=[0m8 [3mpublisher[0m[2m=[0mf78fbf0fba02769a
[2m2026-03-16T02:22:21.944367Z[0m [32m INFO[0m [2mswarmllm::model::registry[0m[2m:[0m DIAG: register_manifest [3mmodel[0m[2m=[0mqwen2.5-coder-7b-instruct-q4-k-m [3mname[0m[2m=[0mQwen2.5 Coder 7B Instruct GGUF [3mschema_version[0m[2m=[0m2 [3mshard_count[0m[2m=[0m8
[2m2026-03-16T02:22:27.397489Z[0m [32m INFO[0m [2mswarmllm::network::manager[0m[2m:[0m DIAG: received response [3mpeer[0m[2m=[0m12D3KooWP3xpwmAoNWP3RboxdnMbaX94yTzW7WzgiZtJFDAWvdp1 [3mkind[0m[2m=[0m"ack" [3mrequest_id[0m[2m=[0mOutboundRequestId(9) [3mwas_tensor_forward[0m[2m=[0mfalse [3mpending_tensor_out[0m[2m=[0m0
[2m2026-03-16T02:22:27.399278Z[0m [32m INFO[0m [2mswarmllm::daemon::dispatch[0m[2m:[0m Received shard announce from peer [3mnode_id[0m[2m=[0mc4a3ab5093da731a [3mshards[0m[2m=[0m6
[2m2026-03-16T02:22:27.400894Z[0m [32m INFO[0m [2mswarmllm::daemon::dispatch[0m[2m:[0m Received model manifest from network [3mmodel[0m[2m=[0mphi-3.5-mini-instruct.q4-k-m [3mname[0m[2m=[0mPhi 3.5 Mini Instruct [3mshards[0m[2m=[0m5 [3mpublisher[0m[2m=[0mc4a3ab5093da731a
[2m2026-03-16T02:22:27.400963Z[0m [32m INFO[0m [2mswarmllm::model::registry[0m[2m:[0m DIAG: register_manifest [3mmodel[0m[2m=[0mphi-3.5-mini-instruct.q4-k-m [3mname[0m[2m=[0mPhi 3.5 Mini Instruct [3mschema_version[0m[2m=[0m2 [3mshard_count[0m[2m=[0m5
[2m2026-03-16T02:22:27.400979Z[0m [32m INFO[0m [2mswarmllm::daemon::dispatch[0m[2m:[0m Received model manifest from network [3mmodel[0m[2m=[0mtinyllama-1.1b-chat-v1.0.q4-k-m [3mname[0m[2m=[0mtinyllama_tinyllama-1.1b-chat-v1.0 [3mshards[0m[2m=[0m2 [3mpublisher[0m[2m=[0mc4a3ab5093da731a
[2m2026-03-16T02:22:27.401034Z[0m [32m INFO[0m [2mswarmllm::model::registry[0m[2m:[0m DIAG: register_manifest [3mmodel[0m[2m=[0mtinyllama-1.1b-chat-v1.0.q4-k-m [3mname[0m[2m=[0mtinyllama_tinyllama-1.1b-chat-v1.0 [3mschema_version[0m[2m=[0m2 [3mshard_count[0m[2m=[0m2
