[2m2026-03-16T01:52:13.227365Z[0m [32m INFO[0m [2mswarmllm::config[0m[2m:[0m Loaded config [3mpath[0m[2m=[0m/home/user/.local/share/swarmllm-test2/config.toml
[2m2026-03-16T01:52:13.234320Z[0m [32m INFO[0m [2mswarmllm::config[0m[2m:[0m Loaded .env file [3mpath[0m[2m=[0m/home/user/.local/share/swarmllm-test2/.env [3mvars_loaded[0m[2m=[0m0
[2m2026-03-16T01:52:13.234366Z[0m [32m INFO[0m [2mswarmllm::daemon[0m[2m:[0m Detected provider API keys in environment [3mproviders[0m[2m=[0m["deepseek"] [3mcount[0m[2m=[0m1
[2m2026-03-16T01:52:13.234395Z[0m [32m INFO[0m [2mswarmllm::daemon[0m[2m:[0m SwarmLLM daemon starting with resolved config [3mport[0m[2m=[0m8901 [3mdata_dir[0m[2m=[0m/home/user/.local/share/swarmllm-test2 [3mbootstrap_peers[0m[2m=[0m0 [3mauto_manage[0m[2m=[0mtrue
[2m2026-03-16T01:52:13.234543Z[0m [32m INFO[0m [2mswarmllm::storage::db[0m[2m:[0m Database integrity check passed
[2m2026-03-16T01:52:13.234578Z[0m [32m INFO[0m [2mswarmllm::daemon[0m[2m:[0m Using persisted API key from database
[2m2026-03-16T01:52:13.236546Z[0m [32m INFO[0m [2mswarmllm::model::registry[0m[2m:[0m DIAG: load_from_db complete [3mmanifests_loaded_count[0m[2m=[0m3
[2m2026-03-16T01:52:13.236988Z[0m [32m INFO[0m [2mswarmllm::config[0m[2m:[0m Loaded provider key from environment [3menv_var[0m[2m=[0m"DEEPSEEK_API_KEY"
[2m2026-03-16T01:52:13.237625Z[0m [33m WARN[0m [2mswarmllm::daemon[0m[2m:[0m Shard file missing on disk — skipping registration [3mmodel[0m[2m=[0mphi-3.5-mini-instruct.q4-k-m [3mshard[0m[2m=[0m0 [3mpath[0m[2m=[0m/home/user/.local/share/swarmllm-test2/models/phi-3.5-mini-instruct.q4-k-m/shard_000.bin
[2m2026-03-16T01:52:13.237650Z[0m [33m WARN[0m [2mswarmllm::daemon[0m[2m:[0m Shard file missing on disk — skipping registration [3mmodel[0m[2m=[0mphi-3.5-mini-instruct.q4-k-m [3mshard[0m[2m=[0m2 [3mpath[0m[2m=[0m/home/user/.local/share/swarmllm-test2/models/phi-3.5-mini-instruct.q4-k-m/shard_002.bin
[2m2026-03-16T01:52:13.237665Z[0m [33m WARN[0m [2mswarmllm::daemon[0m[2m:[0m Shard file missing on disk — skipping registration [3mmodel[0m[2m=[0mphi-3.5-mini-instruct.q4-k-m [3mshard[0m[2m=[0m4 [3mpath[0m[2m=[0m/home/user/.local/share/swarmllm-test2/models/phi-3.5-mini-instruct.q4-k-m/shard_004.bin
[2m2026-03-16T01:52:13.237760Z[0m [33m WARN[0m [2mswarmllm::daemon[0m[2m:[0m Shard file missing on disk — skipping registration [3mmodel[0m[2m=[0mqwen2.5-coder-7b-instruct-q4-k-m [3mshard[0m[2m=[0m0 [3mpath[0m[2m=[0m/home/user/.local/share/swarmllm-test2/models/qwen2.5-coder-7b-instruct-q4-k-m/shard_000.bin
[2m2026-03-16T01:52:13.237775Z[0m [33m WARN[0m [2mswarmllm::daemon[0m[2m:[0m Shard file missing on disk — skipping registration [3mmodel[0m[2m=[0mqwen2.5-coder-7b-instruct-q4-k-m [3mshard[0m[2m=[0m2 [3mpath[0m[2m=[0m/home/user/.local/share/swarmllm-test2/models/qwen2.5-coder-7b-instruct-q4-k-m/shard_002.bin
[2m2026-03-16T01:52:13.237789Z[0m [33m WARN[0m [2mswarmllm::daemon[0m[2m:[0m Shard file missing on disk — skipping registration [3mmodel[0m[2m=[0mqwen2.5-coder-7b-instruct-q4-k-m [3mshard[0m[2m=[0m4 [3mpath[0m[2m=[0m/home/user/.local/share/swarmllm-test2/models/qwen2.5-coder-7b-instruct-q4-k-m/shard_004.bin
[2m2026-03-16T01:52:13.237797Z[0m [33m WARN[0m [2mswarmllm::daemon[0m[2m:[0m Shard file missing on disk — skipping registration [3mmodel[0m[2m=[0mqwen2.5-coder-7b-instruct-q4-k-m [3mshard[0m[2m=[0m5 [3mpath[0m[2m=[0m/home/user/.local/share/swarmllm-test2/models/qwen2.5-coder-7b-instruct-q4-k-m/shard_005.bin
[2m2026-03-16T01:52:13.237804Z[0m [33m WARN[0m [2mswarmllm::daemon[0m[2m:[0m Shard file missing on disk — skipping registration [3mmodel[0m[2m=[0mqwen2.5-coder-7b-instruct-q4-k-m [3mshard[0m[2m=[0m6 [3mpath[0m[2m=[0m/home/user/.local/share/swarmllm-test2/models/qwen2.5-coder-7b-instruct-q4-k-m/shard_006.bin
[2m2026-03-16T01:52:13.237874Z[0m [33m WARN[0m [2mswarmllm::daemon[0m[2m:[0m Shard file missing on disk — skipping registration [3mmodel[0m[2m=[0mtinyllama-1.1b-chat-v1.0.q4-k-m [3mshard[0m[2m=[0m0 [3mpath[0m[2m=[0m/home/user/.local/share/swarmllm-test2/models/tinyllama-1.1b-chat-v1.0.q4-k-m/shard_000.bin
[2m2026-03-16T01:52:19.649216Z[0m [32m INFO[0m [2mswarmllm::model::shard[0m[2m:[0m DIAG: load_all_local complete [3mmodel_count[0m[2m=[0m3 [3mtotal_shards[0m[2m=[0m6 [3mrejected_count[0m[2m=[0m0
[2m2026-03-16T01:52:19.802906Z[0m [32m INFO[0m [2mswarmllm::daemon[0m[2m:[0m Loaded GGUF metadata from shard header [3mmodel[0m[2m=[0mphi-3.5-mini-instruct.q4-k-m [3mlayers[0m[2m=[0m32
[2m2026-03-16T01:52:19.803615Z[0m [32m INFO[0m [2mswarmllm::model::registry[0m[2m:[0m DIAG: register_manifest [3mmodel[0m[2m=[0mphi-3.5-mini-instruct.q4-k-m [3mname[0m[2m=[0mPhi 3.5 Mini Instruct [3mschema_version[0m[2m=[0m2 [3mshard_count[0m[2m=[0m5
[2m2026-03-16T01:52:19.805000Z[0m [32m INFO[0m [2mswarmllm::daemon[0m[2m:[0m Registered manifest from local shard directory [3mmodel[0m[2m=[0mphi-3.5-mini-instruct.q4-k-m [3mshards[0m[2m=[0m5
[2m2026-03-16T01:52:20.721412Z[0m [32m INFO[0m [2mswarmllm::daemon[0m[2m:[0m Loaded GGUF metadata from shard header [3mmodel[0m[2m=[0mqwen2.5-coder-7b-instruct-q4-k-m [3mlayers[0m[2m=[0m28
[2m2026-03-16T01:52:20.726034Z[0m [32m INFO[0m [2mswarmllm::model::registry[0m[2m:[0m DIAG: register_manifest [3mmodel[0m[2m=[0mqwen2.5-coder-7b-instruct-q4-k-m [3mname[0m[2m=[0mQwen2.5 Coder 7B Instruct GGUF [3mschema_version[0m[2m=[0m2 [3mshard_count[0m[2m=[0m8
[2m2026-03-16T01:52:20.729528Z[0m [32m INFO[0m [2mswarmllm::daemon[0m[2m:[0m Registered manifest from local shard directory [3mmodel[0m[2m=[0mqwen2.5-coder-7b-instruct-q4-k-m [3mshards[0m[2m=[0m8
[2m2026-03-16T01:52:21.025543Z[0m [32m INFO[0m [2mswarmllm::daemon[0m[2m:[0m Loaded GGUF metadata from shard header [3mmodel[0m[2m=[0mtinyllama-1.1b-chat-v1.0.q4-k-m [3mlayers[0m[2m=[0m22
[2m2026-03-16T01:52:21.025808Z[0m [32m INFO[0m [2mswarmllm::model::registry[0m[2m:[0m DIAG: register_manifest [3mmodel[0m[2m=[0mtinyllama-1.1b-chat-v1.0.q4-k-m [3mname[0m[2m=[0mtinyllama_tinyllama-1.1b-chat-v1.0 [3mschema_version[0m[2m=[0m2 [3mshard_count[0m[2m=[0m2
[2m2026-03-16T01:52:21.027021Z[0m [32m INFO[0m [2mswarmllm::daemon[0m[2m:[0m Registered manifest from local shard directory [3mmodel[0m[2m=[0mtinyllama-1.1b-chat-v1.0.q4-k-m [3mshards[0m[2m=[0m2
[2m2026-03-16T01:52:21.027365Z[0m [32m INFO[0m [2mswarmllm::network::manager[0m[2m:[0m Initializing network [3mpeer_id[0m[2m=[0m12D3KooWP3xpwmAoNWP3RboxdnMbaX94yTzW7WzgiZtJFDAWvdp1
[2m2026-03-16T01:52:21.027436Z[0m [32m INFO[0m [2mswarmllm::network::peer_cache[0m[2m:[0m Loaded cached peers from last session [3mcount[0m[2m=[0m6
[2m2026-03-16T01:52:21.028904Z[0m [32m INFO[0m [2mswarmllm::network::behaviour[0m[2m:[0m Auto-scaled GossipSub mesh parameters [3mknown_peers[0m[2m=[0m6 [3mmesh_n[0m[2m=[0m2 [3mmesh_n_low[0m[2m=[0m1 [3mmesh_n_high[0m[2m=[0m4
[2m2026-03-16T01:52:21.029016Z[0m [32m INFO[0m [2mswarmllm::network::behaviour[0m[2m:[0m DIAG: connection limits configured [3mmax_per_peer[0m[2m=[0m1 [3mmax_total[0m[2m=[0m500
[2m2026-03-16T01:52:21.029331Z[0m [32m INFO[0m [2mswarmllm::credit::ledger[0m[2m:[0m Restored credit balance from database [3mbalance[0m[2m=[0m4500 [3mlifetime_earned[0m[2m=[0m4500
[2m2026-03-16T01:52:21.029372Z[0m [32m INFO[0m [2mswarmllm::inference::router[0m[2m:[0m InferenceRouter running [3mmax_batch_size[0m[2m=[0m1 [3mbatch_timeout_ms[0m[2m=[0m50
[2m2026-03-16T01:52:21.029431Z[0m [32m INFO[0m [2mswarmllm::daemon[0m[2m:[0m SwarmLLM daemon running [3mnode_id[0m[2m=[0mc4a3ab5093da731a [3mport[0m[2m=[0m8901
[2m2026-03-16T01:52:21.029510Z[0m [32m INFO[0m [2mswarmllm::credit::ledger[0m[2m:[0m CreditLedger running
[2m2026-03-16T01:52:21.029519Z[0m [32m INFO[0m [2mswarmllm::health::monitor[0m[2m:[0m HealthMonitor running
[2m2026-03-16T01:52:21.029497Z[0m [32m INFO[0m [2mswarmllm::health::rebalancer[0m[2m:[0m ShardRebalancer running
[2m2026-03-16T01:52:21.029585Z[0m [32m INFO[0m [2mswarmllm::model::acquisition[0m[2m:[0m AcquisitionManager running
[2m2026-03-16T01:52:21.029596Z[0m [32m INFO[0m [2mswarmllm::pool::manager[0m[2m:[0m PoolManager running
[2m2026-03-16T01:52:21.029733Z[0m [32m INFO[0m [2mswarmllm::network::manager[0m[2m:[0m Listening for P2P connections (QUIC disabled) [3mtcp_addr[0m[2m=[0m/ip4/0.0.0.0/tcp/8911
[2m2026-03-16T01:52:21.029812Z[0m [32m INFO[0m [2mswarmllm::network::discovery[0m[2m:[0m Subscribed to GossipSub topic [3mtopic[0m[2m=[0mswarm/models
[2m2026-03-16T01:52:21.029820Z[0m [32m INFO[0m [2mswarmllm::network::discovery[0m[2m:[0m Subscribed to GossipSub topic [3mtopic[0m[2m=[0mswarm/governance
[2m2026-03-16T01:52:21.029825Z[0m [32m INFO[0m [2mswarmllm::network::discovery[0m[2m:[0m Subscribed to GossipSub topic [3mtopic[0m[2m=[0mswarm/health
[2m2026-03-16T01:52:21.029829Z[0m [32m INFO[0m [2mswarmllm::network::discovery[0m[2m:[0m Subscribed to GossipSub topic [3mtopic[0m[2m=[0mswarm/credits
[2m2026-03-16T01:52:21.029832Z[0m [32m INFO[0m [2mswarmllm::network::discovery[0m[2m:[0m Subscribed to GossipSub topic [3mtopic[0m[2m=[0mswarm/identity
[2m2026-03-16T01:52:21.029836Z[0m [32m INFO[0m [2mswarmllm::network::discovery[0m[2m:[0m Subscribed to GossipSub topic [3mtopic[0m[2m=[0mswarm/pools
[2m2026-03-16T01:52:21.029855Z[0m [32m INFO[0m [2mswarmllm::network::peer_cache[0m[2m:[0m Loaded cached peers from last session [3mcount[0m[2m=[0m6
[2m2026-03-16T01:52:21.030108Z[0m [32m INFO[0m [2mswarmllm::network::discovery[0m[2m:[0m Dialing bootstrap peer [3maddr[0m[2m=[0m/ip4/127.0.0.1/tcp/8910/p2p/12D3KooWSUjzxjgP5ZfafMxfkMEMEo7RwrF7khpEAKaEMHgJ5Pfv [3mpeer_id[0m[2m=[0mSome(PeerId("12D3KooWSUjzxjgP5ZfafMxfkMEMEo7RwrF7khpEAKaEMHgJ5Pfv"))
[2m2026-03-16T01:52:21.030226Z[0m [32m INFO[0m [2mswarmllm::network::discovery[0m[2m:[0m Dialing bootstrap peer [3maddr[0m[2m=[0m/ip4/10.255.255.254/tcp/8910/p2p/12D3KooWSUjzxjgP5ZfafMxfkMEMEo7RwrF7khpEAKaEMHgJ5Pfv [3mpeer_id[0m[2m=[0mSome(PeerId("12D3KooWSUjzxjgP5ZfafMxfkMEMEo7RwrF7khpEAKaEMHgJ5Pfv"))
[2m2026-03-16T01:52:21.030277Z[0m [32m INFO[0m [2mswarmllm::network::discovery[0m[2m:[0m Dialing bootstrap peer [3maddr[0m[2m=[0m/ip4/172.27.198.18/tcp/8910/p2p/12D3KooWSUjzxjgP5ZfafMxfkMEMEo7RwrF7khpEAKaEMHgJ5Pfv [3mpeer_id[0m[2m=[0mSome(PeerId("12D3KooWSUjzxjgP5ZfafMxfkMEMEo7RwrF7khpEAKaEMHgJ5Pfv"))
[2m2026-03-16T01:52:21.030338Z[0m [32m INFO[0m [2mswarmllm::network::discovery[0m[2m:[0m Dialing bootstrap peer [3maddr[0m[2m=[0m/ip4/10.255.255.254/tcp/8912/p2p/12D3KooWAyFfLinkAgFyQsC2SfHDizZ6yBg6BUUFYDYP1ZRVFaNr [3mpeer_id[0m[2m=[0mSome(PeerId("12D3KooWAyFfLinkAgFyQsC2SfHDizZ6yBg6BUUFYDYP1ZRVFaNr"))
[2m2026-03-16T01:52:21.030388Z[0m [32m INFO[0m [2mswarmllm::network::discovery[0m[2m:[0m Dialing bootstrap peer [3maddr[0m[2m=[0m/ip4/127.0.0.1/tcp/8912/p2p/12D3KooWAyFfLinkAgFyQsC2SfHDizZ6yBg6BUUFYDYP1ZRVFaNr [3mpeer_id[0m[2m=[0mSome(PeerId("12D3KooWAyFfLinkAgFyQsC2SfHDizZ6yBg6BUUFYDYP1ZRVFaNr"))
[2m2026-03-16T01:52:21.030444Z[0m [32m INFO[0m [2mswarmllm::network::discovery[0m[2m:[0m Dialing bootstrap peer [3maddr[0m[2m=[0m/ip4/172.27.198.18/tcp/8912/p2p/12D3KooWAyFfLinkAgFyQsC2SfHDizZ6yBg6BUUFYDYP1ZRVFaNr [3mpeer_id[0m[2m=[0mSome(PeerId("12D3KooWAyFfLinkAgFyQsC2SfHDizZ6yBg6BUUFYDYP1ZRVFaNr"))
[2m2026-03-16T01:52:21.030456Z[0m [32m INFO[0m [2mswarmllm::network::manager[0m[2m:[0m Dialing cached peers from last session [3mcount[0m[2m=[0m6
[2m2026-03-16T01:52:21.030505Z[0m [32m INFO[0m [2mswarmllm::model::auto_manage[0m[2m:[0m AutoShardManager running [3minterval_secs[0m[2m=[0m60 [3mmax_storage_mb[0m[2m=[0m0
[2m2026-03-16T01:52:21.030599Z[0m [32m INFO[0m [2mswarmllm::crypto::key_rotation[0m[2m:[0m Key rotation task started (eviction + ephemeral re-keying)
[2m2026-03-16T01:52:21.030665Z[0m [32m INFO[0m [2mswarmllm::network::manager[0m[2m:[0m NetworkManager running
[2m2026-03-16T01:52:21.032272Z[0m [32m INFO[0m [2mswarmllm::network::peer_cache[0m[2m:[0m Loaded cached peers from last session [3mcount[0m[2m=[0m6
[2m2026-03-16T01:52:21.032398Z[0m [32m INFO[0m [2mswarmllm::network::discovery[0m[2m:[0m Dialing bootstrap peer [3maddr[0m[2m=[0m/ip4/127.0.0.1/tcp/8910/p2p/12D3KooWSUjzxjgP5ZfafMxfkMEMEo7RwrF7khpEAKaEMHgJ5Pfv [3mpeer_id[0m[2m=[0mSome(PeerId("12D3KooWSUjzxjgP5ZfafMxfkMEMEo7RwrF7khpEAKaEMHgJ5Pfv"))
[2m2026-03-16T01:52:21.032410Z[0m [32m INFO[0m [2mswarmllm::credit::ledger[0m[2m:[0m Gossiping credit balance [3mbalance_bucket[0m[2m=[0m4500 [3mtier[0m[2m=[0mSilver
[2m2026-03-16T01:52:21.032534Z[0m [32m INFO[0m [2mswarmllm::network::discovery[0m[2m:[0m Dialing bootstrap peer [3maddr[0m[2m=[0m/ip4/10.255.255.254/tcp/8910/p2p/12D3KooWSUjzxjgP5ZfafMxfkMEMEo7RwrF7khpEAKaEMHgJ5Pfv [3mpeer_id[0m[2m=[0mSome(PeerId("12D3KooWSUjzxjgP5ZfafMxfkMEMEo7RwrF7khpEAKaEMHgJ5Pfv"))
[2m2026-03-16T01:52:21.032622Z[0m [32m INFO[0m [2mswarmllm::network::discovery[0m[2m:[0m Dialing bootstrap peer [3maddr[0m[2m=[0m/ip4/172.27.198.18/tcp/8910/p2p/12D3KooWSUjzxjgP5ZfafMxfkMEMEo7RwrF7khpEAKaEMHgJ5Pfv [3mpeer_id[0m[2m=[0mSome(PeerId("12D3KooWSUjzxjgP5ZfafMxfkMEMEo7RwrF7khpEAKaEMHgJ5Pfv"))
[2m2026-03-16T01:52:21.032676Z[0m [32m INFO[0m [2mswarmllm::credit::ledger[0m[2m:[0m Earned shard hosting credits [3mshards[0m[2m=[0m6 [3mcredits_earned[0m[2m=[0m0
[2m2026-03-16T01:52:21.032716Z[0m [32m INFO[0m [2mswarmllm::network::discovery[0m[2m:[0m Dialing bootstrap peer [3maddr[0m[2m=[0m/ip4/10.255.255.254/tcp/8912/p2p/12D3KooWAyFfLinkAgFyQsC2SfHDizZ6yBg6BUUFYDYP1ZRVFaNr [3mpeer_id[0m[2m=[0mSome(PeerId("12D3KooWAyFfLinkAgFyQsC2SfHDizZ6yBg6BUUFYDYP1ZRVFaNr"))
[2m2026-03-16T01:52:21.032822Z[0m [32m INFO[0m [2mswarmllm::network::discovery[0m[2m:[0m Dialing bootstrap peer [3maddr[0m[2m=[0m/ip4/127.0.0.1/tcp/8912/p2p/12D3KooWAyFfLinkAgFyQsC2SfHDizZ6yBg6BUUFYDYP1ZRVFaNr [3mpeer_id[0m[2m=[0mSome(PeerId("12D3KooWAyFfLinkAgFyQsC2SfHDizZ6yBg6BUUFYDYP1ZRVFaNr"))
[2m2026-03-16T01:52:21.032888Z[0m [32m INFO[0m [2mswarmllm::network::discovery[0m[2m:[0m Dialing bootstrap peer [3maddr[0m[2m=[0m/ip4/172.27.198.18/tcp/8912/p2p/12D3KooWAyFfLinkAgFyQsC2SfHDizZ6yBg6BUUFYDYP1ZRVFaNr [3mpeer_id[0m[2m=[0mSome(PeerId("12D3KooWAyFfLinkAgFyQsC2SfHDizZ6yBg6BUUFYDYP1ZRVFaNr"))
[2m2026-03-16T01:52:21.033057Z[0m [32m INFO[0m [2mswarmllm::network::manager[0m[2m:[0m LAN peer discovered automatically — no configuration needed [3mpeer_id[0m[2m=[0m12D3KooWAyFfLinkAgFyQsC2SfHDizZ6yBg6BUUFYDYP1ZRVFaNr [3maddr[0m[2m=[0m/ip4/10.255.255.254/tcp/8912/p2p/12D3KooWAyFfLinkAgFyQsC2SfHDizZ6yBg6BUUFYDYP1ZRVFaNr
[2m2026-03-16T01:52:21.033150Z[0m [32m INFO[0m [2mswarmllm::network::manager[0m[2m:[0m LAN peer discovered automatically — no configuration needed [3mpeer_id[0m[2m=[0m12D3KooWAyFfLinkAgFyQsC2SfHDizZ6yBg6BUUFYDYP1ZRVFaNr [3maddr[0m[2m=[0m/ip4/172.27.198.18/tcp/8912/p2p/12D3KooWAyFfLinkAgFyQsC2SfHDizZ6yBg6BUUFYDYP1ZRVFaNr
[2m2026-03-16T01:52:21.034511Z[0m [32m INFO[0m [2mswarmllm::network::manager[0m[2m:[0m DIAG: connection established [3mpeer_id[0m[2m=[0m12D3KooWAyFfLinkAgFyQsC2SfHDizZ6yBg6BUUFYDYP1ZRVFaNr [3mconnection_id[0m[2m=[0m4 [3mcount[0m[2m=[0m1 [3mremote_addr[0m[2m=[0m/ip4/10.255.255.254/tcp/8912/p2p/12D3KooWAyFfLinkAgFyQsC2SfHDizZ6yBg6BUUFYDYP1ZRVFaNr [3mis_loopback[0m[2m=[0mfalse [3mis_dialer[0m[2m=[0mtrue [3mtotal_established[0m[2m=[0m1 [3mtotal_peers[0m[2m=[0m1 [3mpending_tensor_forwards[0m[2m=[0m0
[2m2026-03-16T01:52:21.039215Z[0m [32m INFO[0m [2mswarmllm::network::manager[0m[2m:[0m New listen address [3maddress[0m[2m=[0m/ip4/127.0.0.1/tcp/8911
[2m2026-03-16T01:52:21.039377Z[0m [32m INFO[0m [2mswarmllm::network::manager[0m[2m:[0m DIAG: key exchange initiated [3mpeer_id[0m[2m=[0m12D3KooWAyFfLinkAgFyQsC2SfHDizZ6yBg6BUUFYDYP1ZRVFaNr [3mnode_id[0m[2m=[0m11228e88372ae2f0 [3msession_type[0m[2m=[0m"static"
[2m2026-03-16T01:52:21.039509Z[0m [32m INFO[0m [2mswarmllm::network::manager[0m[2m:[0m DIAG: encryption session established [3mpeer_id[0m[2m=[0m12D3KooWAyFfLinkAgFyQsC2SfHDizZ6yBg6BUUFYDYP1ZRVFaNr [3mnode_id[0m[2m=[0m11228e88372ae2f0 [3msession_type[0m[2m=[0m"static" [3msession_count[0m[2m=[0m1
[2m2026-03-16T01:52:21.039605Z[0m [32m INFO[0m [2mswarmllm::network::manager[0m[2m:[0m New listen address [3maddress[0m[2m=[0m/ip4/10.255.255.254/tcp/8911
[2m2026-03-16T01:52:21.039619Z[0m [32m INFO[0m [2mswarmllm::network::manager[0m[2m:[0m New listen address [3maddress[0m[2m=[0m/ip4/172.27.198.18/tcp/8911
[2m2026-03-16T01:52:21.042013Z[0m [32m INFO[0m [2mswarmllm::network::manager[0m[2m:[0m Replayed buffered GossipSub messages [3mcount[0m[2m=[0m1
[2m2026-03-16T01:52:21.043115Z[0m [32m INFO[0m [2mswarmllm::network::manager[0m[2m:[0m Replayed buffered GossipSub messages [3mcount[0m[2m=[0m6
[2m2026-03-16T01:52:21.043198Z[0m [32m INFO[0m [2mswarmllm::network::manager[0m[2m:[0m Replayed buffered GossipSub messages [3mcount[0m[2m=[0m1
[2m2026-03-16T01:52:21.043219Z[0m [32m INFO[0m [2mswarmllm::network::manager[0m[2m:[0m Received request [3mpeer[0m[2m=[0m12D3KooWAyFfLinkAgFyQsC2SfHDizZ6yBg6BUUFYDYP1ZRVFaNr [3mkind[0m[2m=[0m"message"
[2m2026-03-16T01:52:21.043237Z[0m [32m INFO[0m [2mswarmllm::network::manager[0m[2m:[0m DIAG: received response [3mpeer[0m[2m=[0m12D3KooWAyFfLinkAgFyQsC2SfHDizZ6yBg6BUUFYDYP1ZRVFaNr [3mkind[0m[2m=[0m"message" [3mrequest_id[0m[2m=[0mOutboundRequestId(1) [3mwas_tensor_forward[0m[2m=[0mfalse [3mpending_tensor_out[0m[2m=[0m0
[2m2026-03-16T01:52:21.043368Z[0m [32m INFO[0m [2mswarmllm::network::manager[0m[2m:[0m DIAG: ResponseSent event — response written to wire [3mpeer[0m[2m=[0m12D3KooWAyFfLinkAgFyQsC2SfHDizZ6yBg6BUUFYDYP1ZRVFaNr [3mrequest_id[0m[2m=[0mInboundRequestId(1)
[2m2026-03-16T01:52:21.045946Z[0m [32m INFO[0m [2mswarmllm::network::manager[0m[2m:[0m DIAG: received response [3mpeer[0m[2m=[0m12D3KooWAyFfLinkAgFyQsC2SfHDizZ6yBg6BUUFYDYP1ZRVFaNr [3mkind[0m[2m=[0m"ack" [3mrequest_id[0m[2m=[0mOutboundRequestId(2) [3mwas_tensor_forward[0m[2m=[0mfalse [3mpending_tensor_out[0m[2m=[0m0
[2m2026-03-16T01:52:21.046213Z[0m [32m INFO[0m [2mswarmllm::network::manager[0m[2m:[0m Received request [3mpeer[0m[2m=[0m12D3KooWAyFfLinkAgFyQsC2SfHDizZ6yBg6BUUFYDYP1ZRVFaNr [3mkind[0m[2m=[0m"message"
[2m2026-03-16T01:52:21.046413Z[0m [32m INFO[0m [2mswarmllm::network::manager[0m[2m:[0m DIAG: ResponseSent event — response written to wire [3mpeer[0m[2m=[0m12D3KooWAyFfLinkAgFyQsC2SfHDizZ6yBg6BUUFYDYP1ZRVFaNr [3mrequest_id[0m[2m=[0mInboundRequestId(2)
[2m2026-03-16T01:52:21.497266Z[0m [32m INFO[0m [2mswarmllm::daemon[0m[2m:[0m Auto-detected region via IP geolocation [3mregion[0m[2m=[0mTH
[2m2026-03-16T01:52:22.776102Z[0m [32m INFO[0m [2mswarmllm::network::manager[0m[2m:[0m DIAG: connection established [3mpeer_id[0m[2m=[0m12D3KooWSUjzxjgP5ZfafMxfkMEMEo7RwrF7khpEAKaEMHgJ5Pfv [3mconnection_id[0m[2m=[0m25 [3mcount[0m[2m=[0m1 [3mremote_addr[0m[2m=[0m/ip4/172.27.198.18/tcp/41238 [3mis_loopback[0m[2m=[0mfalse [3mis_dialer[0m[2m=[0mfalse [3mtotal_established[0m[2m=[0m2 [3mtotal_peers[0m[2m=[0m2 [3mpending_tensor_forwards[0m[2m=[0m0
[2m2026-03-16T01:52:22.777939Z[0m [32m INFO[0m [2mswarmllm::network::manager[0m[2m:[0m DIAG: key exchange initiated [3mpeer_id[0m[2m=[0m12D3KooWSUjzxjgP5ZfafMxfkMEMEo7RwrF7khpEAKaEMHgJ5Pfv [3mnode_id[0m[2m=[0mf78fbf0fba02769a [3msession_type[0m[2m=[0m"static"
[2m2026-03-16T01:52:22.778032Z[0m [32m INFO[0m [2mswarmllm::network::manager[0m[2m:[0m DIAG: encryption session established [3mpeer_id[0m[2m=[0m12D3KooWSUjzxjgP5ZfafMxfkMEMEo7RwrF7khpEAKaEMHgJ5Pfv [3mnode_id[0m[2m=[0mf78fbf0fba02769a [3msession_type[0m[2m=[0m"static" [3msession_count[0m[2m=[0m2
[2m2026-03-16T01:52:22.782427Z[0m [32m INFO[0m [2mswarmllm::daemon::dispatch[0m[2m:[0m Received shard announce from peer [3mnode_id[0m[2m=[0mf78fbf0fba02769a [3mshards[0m[2m=[0m9
[2m2026-03-16T01:52:22.782472Z[0m [32m INFO[0m [2mswarmllm::daemon::dispatch[0m[2m:[0m Received model manifest from network [3mmodel[0m[2m=[0mphi-3.5-mini-instruct.q4-k-m [3mname[0m[2m=[0mPhi 3.5 Mini Instruct [3mshards[0m[2m=[0m5 [3mpublisher[0m[2m=[0mf78fbf0fba02769a
[2m2026-03-16T01:52:22.782582Z[0m [32m INFO[0m [2mswarmllm::model::registry[0m[2m:[0m DIAG: register_manifest [3mmodel[0m[2m=[0mphi-3.5-mini-instruct.q4-k-m [3mname[0m[2m=[0mPhi 3.5 Mini Instruct [3mschema_version[0m[2m=[0m2 [3mshard_count[0m[2m=[0m5
[2m2026-03-16T01:52:22.782656Z[0m [32m INFO[0m [2mswarmllm::daemon::dispatch[0m[2m:[0m Received model manifest from network [3mmodel[0m[2m=[0mtinyllama-1.1b-chat-v1.0.q4-k-m [3mname[0m[2m=[0mtinyllama_tinyllama-1.1b-chat-v1.0 [3mshards[0m[2m=[0m2 [3mpublisher[0m[2m=[0mf78fbf0fba02769a
[2m2026-03-16T01:52:22.782749Z[0m [32m INFO[0m [2mswarmllm::network::manager[0m[2m:[0m DIAG: received response [3mpeer[0m[2m=[0m12D3KooWSUjzxjgP5ZfafMxfkMEMEo7RwrF7khpEAKaEMHgJ5Pfv [3mkind[0m[2m=[0m"message" [3mrequest_id[0m[2m=[0mOutboundRequestId(3) [3mwas_tensor_forward[0m[2m=[0mfalse [3mpending_tensor_out[0m[2m=[0m0
[2m2026-03-16T01:52:22.782765Z[0m [32m INFO[0m [2mswarmllm::model::registry[0m[2m:[0m DIAG: register_manifest [3mmodel[0m[2m=[0mtinyllama-1.1b-chat-v1.0.q4-k-m [3mname[0m[2m=[0mtinyllama_tinyllama-1.1b-chat-v1.0 [3mschema_version[0m[2m=[0m2 [3mshard_count[0m[2m=[0m2
[2m2026-03-16T01:52:22.782774Z[0m [32m INFO[0m [2mswarmllm::network::manager[0m[2m:[0m Received request [3mpeer[0m[2m=[0m12D3KooWSUjzxjgP5ZfafMxfkMEMEo7RwrF7khpEAKaEMHgJ5Pfv [3mkind[0m[2m=[0m"message"
[2m2026-03-16T01:52:22.783494Z[0m [32m INFO[0m [2mswarmllm::network::manager[0m[2m:[0m DIAG: ResponseSent event — response written to wire [3mpeer[0m[2m=[0m12D3KooWSUjzxjgP5ZfafMxfkMEMEo7RwrF7khpEAKaEMHgJ5Pfv [3mrequest_id[0m[2m=[0mInboundRequestId(3)
[2m2026-03-16T01:52:22.784932Z[0m [32m INFO[0m [2mswarmllm::network::manager[0m[2m:[0m DIAG: received response [3mpeer[0m[2m=[0m12D3KooWSUjzxjgP5ZfafMxfkMEMEo7RwrF7khpEAKaEMHgJ5Pfv [3mkind[0m[2m=[0m"ack" [3mrequest_id[0m[2m=[0mOutboundRequestId(4) [3mwas_tensor_forward[0m[2m=[0mfalse [3mpending_tensor_out[0m[2m=[0m0
[2m2026-03-16T01:52:23.032033Z[0m [32m INFO[0m [2mswarmllm::model::auto_manage[0m[2m:[0m DIAG: check_and_load_model [3mmodel[0m[2m=[0mtinyllama-1.1b-chat-v1.0.q4-k-m [3mavailable_shards[0m[2m=[0m1 [3mmissing_shards[0m[2m=[0m1 [3mtotal_shards[0m[2m=[0m2 [3mranges[0m[2m=[0m[(12, 22)] [3mready[0m[2m=[0mfalse [3mlocal_shard_indices[0m[2m=[0m[1]
[2m2026-03-16T01:52:23.033321Z[0m [32m INFO[0m [2mswarmllm::daemon::shard_loader[0m[2m:[0m Loading split model from shard files (no full GGUF) [3mmodel[0m[2m=[0mtinyllama-1.1b-chat-v1.0.q4-k-m [3mshards[0m[2m=[0m1 [3mlayers[0m[2m=[0m"[12..22)"
[2m2026-03-16T01:52:23.057135Z[0m [32m INFO[0m [2mswarmllm::inference::split[0m[2m:[0m Loading split model from shard files [3mmodel_dir[0m[2m=[0m/home/user/.local/share/swarmllm-test2/models/tinyllama-1.1b-chat-v1.0.q4-k-m [3mheader_bytes[0m[2m=[0m1709440 [3mtensor_data_offset[0m[2m=[0m1709440 [3mshards[0m[2m=[0m1 [3mlayers[0m[2m=[0m"[12..22)"
[2m2026-03-16T01:52:23.070615Z[0m [32m INFO[0m [2mswarmllm::inference::split[0m[2m:[0m DIAG: tensor mapping check [3mtensor[0m[2m=[0mblk.0.attn_q.weight [3mgguf_seek[0m[2m=[0m117441920 [3msize[0m[2m=[0m2359296 [3mshard_mapping[0m[2m=[0mNone
[2m2026-03-16T01:52:23.070694Z[0m [32m INFO[0m [2mswarmllm::inference::split[0m[2m:[0m DIAG: tensor mapping check [3mtensor[0m[2m=[0mblk.3.ffn_down.weight [3mgguf_seek[0m[2m=[0m482829696 [3msize[0m[2m=[0m6488064 [3mshard_mapping[0m[2m=[0mNone
[2m2026-03-16T01:52:23.070734Z[0m [32m INFO[0m [2mswarmllm::inference::split[0m[2m:[0m DIAG: tensor mapping check [3mtensor[0m[2m=[0mtoken_embd.weight [3mgguf_seek[0m[2m=[0m55469440 [3msize[0m[2m=[0m36864000 [3mshard_mapping[0m[2m=[0mNone
[2m2026-03-16T01:52:23.070740Z[0m [32m INFO[0m [2mswarmllm::inference::split[0m[2m:[0m DIAG: tensor mapping check [3mtensor[0m[2m=[0mblk.13.attn_q.weight [3mgguf_seek[0m[2m=[0m247739776 [3msize[0m[2m=[0m2359296 [3mshard_mapping[0m[2m=[0mSome((0, 103792640))
[2m2026-03-16T01:52:23.070782Z[0m [32m INFO[0m [2mswarmllm::inference::split[0m[2m:[0m DIAG: tensor mapping check [3mtensor[0m[2m=[0mblk.7.attn_output.weight [3mgguf_seek[0m[2m=[0m607835520 [3msize[0m[2m=[0m2359296 [3mshard_mapping[0m[2m=[0mNone
[2m2026-03-16T01:52:23.070807Z[0m [31mERROR[0m [2mswarmllm::inference::split[0m[2m:[0m ShardReader: position is in a missing shard region [3mpos[0m[2m=[0m92333440 [3mtotal_size[0m[2m=[0m668788096 [3mheader_len[0m[2m=[0m1709440 [3mbuf_len[0m[2m=[0m16 [3mtensor_map_sample[0m[2m=[0m["shard[0]@gguf[1709440..55469440)", "shard[0]@gguf[197707136..197715328)", "shard[0]@gguf[197715328..207177088)", "shard[0]@gguf[207177088..213665152)", "shard[0]@gguf[213665152..220153216)"]
[2m2026-03-16T01:52:23.070836Z[0m [32m INFO[0m [2mswarmllm::inference::split[0m[2m:[0m Split model using CPU (no CUDA available)
[2m2026-03-16T01:52:23.070854Z[0m [32m INFO[0m [2mswarmllm::inference::split[0m[2m:[0m Detected model architecture [3march[0m[2m=[0mllama
[2m2026-03-16T01:52:23.729490Z[0m [32m INFO[0m [2mswarmllm::inference::split[0m[2m:[0m Loaded BPE tokenizer from GGUF header [3mmerges[0m[2m=[0m61249 [3mpre_type[0m[2m=[0mgpt2 [3mtokenizer_model[0m[2m=[0mllama
[2m2026-03-16T01:52:23.748916Z[0m [32m INFO[0m [2mswarmllm::inference::split[0m[2m:[0m Loaded chat template from GGUF header [3mbos[0m[2m=[0m<s> [3meos[0m[2m=[0m</s>
[2m2026-03-16T01:52:23.748960Z[0m [32m INFO[0m [2mswarmllm::inference::split[0m[2m:[0m Loaded split model from shard files [3march[0m[2m=[0mllama [3mlayers[0m[2m=[0m"[12..22)" [3mtotal[0m[2m=[0m22 [3mis_first[0m[2m=[0mfalse [3mis_last[0m[2m=[0mtrue [3mhas_qkv_biases[0m[2m=[0mfalse [3mrope[0m[2m=[0m"interleaved" [3mactivation[0m[2m=[0mSiLU [3mcontext_length[0m[2m=[0m2048 [3mhead_count[0m[2m=[0m32 [3mhead_count_kv[0m[2m=[0m4 [3mhead_dim[0m[2m=[0m64 [3mrope_dim[0m[2m=[0m64 [3membedding_length[0m[2m=[0m2048 [3mhas_post_norms[0m[2m=[0mfalse
[2m2026-03-16T01:52:23.752105Z[0m [32m INFO[0m [2mswarmllm::model::auto_manage[0m[2m:[0m Auto-manage: model segment loaded and ready for inference [3mmodel[0m[2m=[0mtinyllama-1.1b-chat-v1.0.q4-k-m [3mname[0m[2m=[0mtinyllama_tinyllama-1.1b-chat-v1.0 [3mlayers[0m[2m=[0m"[12..22)"
[2m2026-03-16T01:52:23.752279Z[0m [32m INFO[0m [2mswarmllm::model::auto_manage[0m[2m:[0m DIAG: check_and_load_model [3mmodel[0m[2m=[0mqwen2.5-coder-7b-instruct-q4-k-m [3mavailable_shards[0m[2m=[0m3 [3mmissing_shards[0m[2m=[0m5 [3mtotal_shards[0m[2m=[0m8 [3mranges[0m[2m=[0m[(2, 6), (10, 14), (26, 28)] [3mready[0m[2m=[0mfalse [3mlocal_shard_indices[0m[2m=[0m[1, 3, 7]
[2m2026-03-16T01:52:23.753488Z[0m [32m INFO[0m [2mswarmllm::daemon::shard_loader[0m[2m:[0m Loading split model from shard files (no full GGUF) [3mmodel[0m[2m=[0mqwen2.5-coder-7b-instruct-q4-k-m [3mshards[0m[2m=[0m3 [3mlayers[0m[2m=[0m"[2..6)"
[2m2026-03-16T01:52:23.809794Z[0m [32m INFO[0m [2mswarmllm::inference::split[0m[2m:[0m Loading split model from shard files [3mmodel_dir[0m[2m=[0m/home/user/.local/share/swarmllm-test2/models/qwen2.5-coder-7b-instruct-q4-k-m [3mheader_bytes[0m[2m=[0m5953536 [3mtensor_data_offset[0m[2m=[0m5953536 [3mshards[0m[2m=[0m3 [3mlayers[0m[2m=[0m"[2..6)"
[2m2026-03-16T01:52:23.850599Z[0m [32m INFO[0m [2mswarmllm::inference::split[0m[2m:[0m DIAG: tensor mapping check [3mtensor[0m[2m=[0mblk.22.attn_q.weight [3mgguf_seek[0m[2m=[0m3443947520 [3msize[0m[2m=[0m7225344 [3mshard_mapping[0m[2m=[0mNone
[2m2026-03-16T01:52:23.850667Z[0m [32m INFO[0m [2mswarmllm::inference::split[0m[2m:[0m DIAG: tensor mapping check [3mtensor[0m[2m=[0mblk.14.attn_k.weight [3mgguf_seek[0m[2m=[0m1768482816 [3msize[0m[2m=[0m1032192 [3mshard_mapping[0m[2m=[0mNone
[2m2026-03-16T01:52:23.850674Z[0m [32m INFO[0m [2mswarmllm::inference::split[0m[2m:[0m DIAG: tensor mapping check [3mtensor[0m[2m=[0mblk.16.attn_v.weight [3mgguf_seek[0m[2m=[0m2666627072 [3msize[0m[2m=[0m1032192 [3mshard_mapping[0m[2m=[0mNone
[2m2026-03-16T01:52:23.850679Z[0m [32m INFO[0m [2mswarmllm::inference::split[0m[2m:[0m DIAG: tensor mapping check [3mtensor[0m[2m=[0mblk.3.ffn_down.weight [3mgguf_seek[0m[2m=[0m759867392 [3msize[0m[2m=[0m38191104 [3mshard_mapping[0m[2m=[0mSome((0, 149127168))
[2m2026-03-16T01:52:23.850684Z[0m [32m INFO[0m [2mswarmllm::inference::split[0m[2m:[0m DIAG: tensor mapping check [3mtensor[0m[2m=[0mblk.9.attn_k.bias [3mgguf_seek[0m[2m=[0m2294466560 [3msize[0m[2m=[0m2048 [3mshard_mapping[0m[2m=[0mNone
[2m2026-03-16T01:52:23.850706Z[0m [31mERROR[0m [2mswarmllm::inference::split[0m[2m:[0m ShardReader: position is in a missing shard region [3mpos[0m[2m=[0m312514560 [3mtotal_size[0m[2m=[0m4683073536 [3mheader_len[0m[2m=[0m5953536 [3mbuf_len[0m[2m=[0m16 [3mtensor_map_sample[0m[2m=[0m["shard[0]@gguf[610740224..610754560)", "shard[0]@gguf[610754560..666449920)", "shard[0]@gguf[666449920..704641024)", "shard[0]@gguf[704641024..742832128)", "shard[0]@gguf[742832128..742846464)"]
[2m2026-03-16T01:52:23.850717Z[0m [32m INFO[0m [2mswarmllm::inference::split[0m[2m:[0m Split model using CPU (no CUDA available)
[2m2026-03-16T01:52:23.850722Z[0m [32m INFO[0m [2mswarmllm::inference::split[0m[2m:[0m Detected model architecture [3march[0m[2m=[0mqwen2
[2m2026-03-16T01:52:25.733424Z[0m [32m INFO[0m [2mswarmllm::inference::split[0m[2m:[0m Loaded BPE tokenizer from GGUF header [3mmerges[0m[2m=[0m151387 [3mpre_type[0m[2m=[0mqwen2 [3mtokenizer_model[0m[2m=[0mgpt2
[2m2026-03-16T01:52:25.841019Z[0m [32m INFO[0m [2mswarmllm::inference::split[0m[2m:[0m Loaded chat template from GGUF header [3mbos[0m[2m=[0m<|endoftext|> [3meos[0m[2m=[0m<|im_end|>
[2m2026-03-16T01:52:25.841068Z[0m [32m INFO[0m [2mswarmllm::inference::split[0m[2m:[0m Loaded split model from shard files [3march[0m[2m=[0mqwen2 [3mlayers[0m[2m=[0m"[2..6)" [3mtotal[0m[2m=[0m28 [3mis_first[0m[2m=[0mfalse [3mis_last[0m[2m=[0mfalse [3mhas_qkv_biases[0m[2m=[0mtrue [3mrope[0m[2m=[0m"contiguous" [3mactivation[0m[2m=[0mSiLU [3mcontext_length[0m[2m=[0m131072 [3mhead_count[0m[2m=[0m28 [3mhead_count_kv[0m[2m=[0m4 [3mhead_dim[0m[2m=[0m128 [3mrope_dim[0m[2m=[0m128 [3membedding_length[0m[2m=[0m3584 [3mhas_post_norms[0m[2m=[0mfalse
[2m2026-03-16T01:52:25.850002Z[0m [32m INFO[0m [2mswarmllm::model::auto_manage[0m[2m:[0m Auto-manage: model segment loaded and ready for inference [3mmodel[0m[2m=[0mqwen2.5-coder-7b-instruct-q4-k-m [3mname[0m[2m=[0mQwen2.5 Coder 7B Instruct GGUF [3mlayers[0m[2m=[0m"[2..6)"
[2m2026-03-16T01:52:25.852742Z[0m [32m INFO[0m [2mswarmllm::daemon::shard_loader[0m[2m:[0m Loading split model from shard files (no full GGUF) [3mmodel[0m[2m=[0mqwen2.5-coder-7b-instruct-q4-k-m [3mshards[0m[2m=[0m3 [3mlayers[0m[2m=[0m"[10..14)"
[2m2026-03-16T01:52:25.908219Z[0m [32m INFO[0m [2mswarmllm::inference::split[0m[2m:[0m Loading split model from shard files [3mmodel_dir[0m[2m=[0m/home/user/.local/share/swarmllm-test2/models/qwen2.5-coder-7b-instruct-q4-k-m [3mheader_bytes[0m[2m=[0m5953536 [3mtensor_data_offset[0m[2m=[0m5953536 [3mshards[0m[2m=[0m3 [3mlayers[0m[2m=[0m"[10..14)"
[2m2026-03-16T01:52:25.947019Z[0m [32m INFO[0m [2mswarmllm::inference::split[0m[2m:[0m DIAG: tensor mapping check [3mtensor[0m[2m=[0mblk.15.ffn_gate.weight [3mgguf_seek[0m[2m=[0m2443593728 [3msize[0m[2m=[0m38191104 [3mshard_mapping[0m[2m=[0mNone
[2m2026-03-16T01:52:25.947117Z[0m [32m INFO[0m [2mswarmllm::inference::split[0m[2m:[0m DIAG: tensor mapping check [3mtensor[0m[2m=[0mblk.18.attn_v.weight [3mgguf_seek[0m[2m=[0m2946875392 [3msize[0m[2m=[0m1032192 [3mshard_mapping[0m[2m=[0mNone
[2m2026-03-16T01:52:25.947122Z[0m [32m INFO[0m [2mswarmllm::inference::split[0m[2m:[0m DIAG: tensor mapping check [3mtensor[0m[2m=[0mblk.24.attn_v.bias [3mgguf_seek[0m[2m=[0m4234213376 [3msize[0m[2m=[0m2048 [3mshard_mapping[0m[2m=[0mNone
[2m2026-03-16T01:52:25.947127Z[0m [32m INFO[0m [2mswarmllm::inference::split[0m[2m:[0m DIAG: tensor mapping check [3mtensor[0m[2m=[0mblk.0.attn_q.weight [3mgguf_seek[0m[2m=[0m452894720 [3msize[0m[2m=[0m7225344 [3mshard_mapping[0m[2m=[0mNone
[2m2026-03-16T01:52:25.947131Z[0m [32m INFO[0m [2mswarmllm::inference::split[0m[2m:[0m DIAG: tensor mapping check [3mtensor[0m[2m=[0mblk.8.attn_norm.weight [3mgguf_seek[0m[2m=[0m2048729088 [3msize[0m[2m=[0m14336 [3mshard_mapping[0m[2m=[0mNone
[2m2026-03-16T01:52:25.947139Z[0m [31mERROR[0m [2mswarmllm::inference::split[0m[2m:[0m ShardReader: position is in a missing shard region [3mpos[0m[2m=[0m312514560 [3mtotal_size[0m[2m=[0m4683073536 [3mheader_len[0m[2m=[0m5953536 [3mbuf_len[0m[2m=[0m16 [3mtensor_map_sample[0m[2m=[0m["shard[0]@gguf[610740224..610754560)", "shard[0]@gguf[610754560..666449920)", "shard[0]@gguf[666449920..704641024)", "shard[0]@gguf[704641024..742832128)", "shard[0]@gguf[742832128..742846464)"]
[2m2026-03-16T01:52:25.947150Z[0m [32m INFO[0m [2mswarmllm::inference::split[0m[2m:[0m Split model using CPU (no CUDA available)
[2m2026-03-16T01:52:25.947157Z[0m [32m INFO[0m [2mswarmllm::inference::split[0m[2m:[0m Detected model architecture [3march[0m[2m=[0mqwen2
[2m2026-03-16T01:52:27.980228Z[0m [32m INFO[0m [2mswarmllm::inference::split[0m[2m:[0m Loaded BPE tokenizer from GGUF header [3mmerges[0m[2m=[0m151387 [3mpre_type[0m[2m=[0mqwen2 [3mtokenizer_model[0m[2m=[0mgpt2
[2m2026-03-16T01:52:28.090336Z[0m [32m INFO[0m [2mswarmllm::inference::split[0m[2m:[0m Loaded chat template from GGUF header [3mbos[0m[2m=[0m<|endoftext|> [3meos[0m[2m=[0m<|im_end|>
[2m2026-03-16T01:52:28.090427Z[0m [32m INFO[0m [2mswarmllm::inference::split[0m[2m:[0m Loaded split model from shard files [3march[0m[2m=[0mqwen2 [3mlayers[0m[2m=[0m"[10..14)" [3mtotal[0m[2m=[0m28 [3mis_first[0m[2m=[0mfalse [3mis_last[0m[2m=[0mfalse [3mhas_qkv_biases[0m[2m=[0mtrue [3mrope[0m[2m=[0m"contiguous" [3mactivation[0m[2m=[0mSiLU [3mcontext_length[0m[2m=[0m131072 [3mhead_count[0m[2m=[0m28 [3mhead_count_kv[0m[2m=[0m4 [3mhead_dim[0m[2m=[0m128 [3mrope_dim[0m[2m=[0m128 [3membedding_length[0m[2m=[0m3584 [3mhas_post_norms[0m[2m=[0mfalse
[2m2026-03-16T01:52:28.098667Z[0m [32m INFO[0m [2mswarmllm::model::auto_manage[0m[2m:[0m Auto-manage: model segment loaded and ready for inference [3mmodel[0m[2m=[0mqwen2.5-coder-7b-instruct-q4-k-m [3mname[0m[2m=[0mQwen2.5 Coder 7B Instruct GGUF [3mlayers[0m[2m=[0m"[10..14)"
[2m2026-03-16T01:52:28.100352Z[0m [32m INFO[0m [2mswarmllm::daemon::shard_loader[0m[2m:[0m Loading split model from shard files (no full GGUF) [3mmodel[0m[2m=[0mqwen2.5-coder-7b-instruct-q4-k-m [3mshards[0m[2m=[0m3 [3mlayers[0m[2m=[0m"[26..28)"
[2m2026-03-16T01:52:28.136901Z[0m [32m INFO[0m [2mswarmllm::inference::split[0m[2m:[0m Loading split model from shard files [3mmodel_dir[0m[2m=[0m/home/user/.local/share/swarmllm-test2/models/qwen2.5-coder-7b-instruct-q4-k-m [3mheader_bytes[0m[2m=[0m5953536 [3mtensor_data_offset[0m[2m=[0m5953536 [3mshards[0m[2m=[0m3 [3mlayers[0m[2m=[0m"[26..28)"
[2m2026-03-16T01:52:28.169815Z[0m [32m INFO[0m [2mswarmllm::inference::split[0m[2m:[0m DIAG: tensor mapping check [3mtensor[0m[2m=[0mblk.4.attn_v.weight [3mgguf_seek[0m[2m=[0m1021091840 [3msize[0m[2m=[0m1032192 [3mshard_mapping[0m[2m=[0mSome((0, 410351616))
[2m2026-03-16T01:52:28.169865Z[0m [32m INFO[0m [2mswarmllm::inference::split[0m[2m:[0m DIAG: tensor mapping check [3mtensor[0m[2m=[0mblk.11.attn_k.weight [3mgguf_seek[0m[2m=[0m1433509888 [3msize[0m[2m=[0m1032192 [3mshard_mapping[0m[2m=[0mSome((1, 245739520))
[2m2026-03-16T01:52:28.169871Z[0m [32m INFO[0m [2mswarmllm::inference::split[0m[2m:[0m DIAG: tensor mapping check [3mtensor[0m[2m=[0mblk.14.attn_norm.weight [3mgguf_seek[0m[2m=[0m2311473152 [3msize[0m[2m=[0m14336 [3mshard_mapping[0m[2m=[0mNone
[2m2026-03-16T01:52:28.169875Z[0m [32m INFO[0m [2mswarmllm::inference::split[0m[2m:[0m DIAG: tensor mapping check [3mtensor[0m[2m=[0mblk.10.attn_norm.weight [3mgguf_seek[0m[2m=[0m1187770368 [3msize[0m[2m=[0m14336 [3mshard_mapping[0m[2m=[0mSome((1, 0))
[2m2026-03-16T01:52:28.169879Z[0m [32m INFO[0m [2mswarmllm::inference::split[0m[2m:[0m DIAG: tensor mapping check [3mtensor[0m[2m=[0mblk.7.attn_v.weight [3mgguf_seek[0m[2m=[0m2047696896 [3msize[0m[2m=[0m1032192 [3mshard_mapping[0m[2m=[0mNone
[2m2026-03-16T01:52:28.169891Z[0m [31mERROR[0m [2mswarmllm::inference::split[0m[2m:[0m ShardReader: position is in a missing shard region [3mpos[0m[2m=[0m312514560 [3mtotal_size[0m[2m=[0m4683073536 [3mheader_len[0m[2m=[0m5953536 [3mbuf_len[0m[2m=[0m16 [3mtensor_map_sample[0m[2m=[0m["shard[0]@gguf[610740224..610754560)", "shard[0]@gguf[610754560..666449920)", "shard[0]@gguf[666449920..704641024)", "shard[0]@gguf[704641024..742832128)", "shard[0]@gguf[742832128..742846464)"]
[2m2026-03-16T01:52:28.169937Z[0m [32m INFO[0m [2mswarmllm::inference::split[0m[2m:[0m Split model using CPU (no CUDA available)
[2m2026-03-16T01:52:28.169943Z[0m [32m INFO[0m [2mswarmllm::inference::split[0m[2m:[0m Detected model architecture [3march[0m[2m=[0mqwen2
[2m2026-03-16T01:52:30.810674Z[0m [32m INFO[0m [2mswarmllm::inference::split[0m[2m:[0m Loaded BPE tokenizer from GGUF header [3mmerges[0m[2m=[0m151387 [3mpre_type[0m[2m=[0mqwen2 [3mtokenizer_model[0m[2m=[0mgpt2
[2m2026-03-16T01:52:30.915149Z[0m [32m INFO[0m [2mswarmllm::inference::split[0m[2m:[0m Loaded chat template from GGUF header [3mbos[0m[2m=[0m<|endoftext|> [3meos[0m[2m=[0m<|im_end|>
[2m2026-03-16T01:52:30.915195Z[0m [32m INFO[0m [2mswarmllm::inference::split[0m[2m:[0m Loaded split model from shard files [3march[0m[2m=[0mqwen2 [3mlayers[0m[2m=[0m"[26..28)" [3mtotal[0m[2m=[0m28 [3mis_first[0m[2m=[0mfalse [3mis_last[0m[2m=[0mtrue [3mhas_qkv_biases[0m[2m=[0mtrue [3mrope[0m[2m=[0m"contiguous" [3mactivation[0m[2m=[0mSiLU [3mcontext_length[0m[2m=[0m131072 [3mhead_count[0m[2m=[0m28 [3mhead_count_kv[0m[2m=[0m4 [3mhead_dim[0m[2m=[0m128 [3mrope_dim[0m[2m=[0m128 [3membedding_length[0m[2m=[0m3584 [3mhas_post_norms[0m[2m=[0mfalse
[2m2026-03-16T01:52:30.923878Z[0m [32m INFO[0m [2mswarmllm::model::auto_manage[0m[2m:[0m Auto-manage: model segment loaded and ready for inference [3mmodel[0m[2m=[0mqwen2.5-coder-7b-instruct-q4-k-m [3mname[0m[2m=[0mQwen2.5 Coder 7B Instruct GGUF [3mlayers[0m[2m=[0m"[26..28)"
[2m2026-03-16T01:52:30.924093Z[0m [32m INFO[0m [2mswarmllm::model::auto_manage[0m[2m:[0m DIAG: check_and_load_model [3mmodel[0m[2m=[0mphi-3.5-mini-instruct.q4-k-m [3mavailable_shards[0m[2m=[0m2 [3mmissing_shards[0m[2m=[0m3 [3mtotal_shards[0m[2m=[0m5 [3mranges[0m[2m=[0m[(6, 13), (20, 27)] [3mready[0m[2m=[0mfalse [3mlocal_shard_indices[0m[2m=[0m[1, 3]
[2m2026-03-16T01:52:30.925988Z[0m [32m INFO[0m [2mswarmllm::daemon::shard_loader[0m[2m:[0m Loading split model from shard files (no full GGUF) [3mmodel[0m[2m=[0mphi-3.5-mini-instruct.q4-k-m [3mshards[0m[2m=[0m2 [3mlayers[0m[2m=[0m"[6..13)"
[2m2026-03-16T01:52:30.930786Z[0m [32m INFO[0m [2mswarmllm::inference::split[0m[2m:[0m Loading split model from shard files [3mmodel_dir[0m[2m=[0m/home/user/.local/share/swarmllm-test2/models/phi-3.5-mini-instruct.q4-k-m [3mheader_bytes[0m[2m=[0m738656 [3mtensor_data_offset[0m[2m=[0m738656 [3mshards[0m[2m=[0m2 [3mlayers[0m[2m=[0m"[6..13)"
[2m2026-03-16T01:52:30.935186Z[0m [32m INFO[0m [2mswarmllm::inference::split[0m[2m:[0m DIAG: tensor mapping check [3mtensor[0m[2m=[0mblk.4.ffn_norm.weight [3mgguf_seek[0m[2m=[0m1164805472 [3msize[0m[2m=[0m12288 [3mshard_mapping[0m[2m=[0mNone
[2m2026-03-16T01:52:30.935217Z[0m [32m INFO[0m [2mswarmllm::inference::split[0m[2m:[0m DIAG: tensor mapping check [3mtensor[0m[2m=[0mblk.18.attn_norm.weight [3mgguf_seek[0m[2m=[0m767718752 [3msize[0m[2m=[0m12288 [3mshard_mapping[0m[2m=[0mNone
[2m2026-03-16T01:52:30.935222Z[0m [32m INFO[0m [2mswarmllm::inference::split[0m[2m:[0m DIAG: tensor mapping check [3mtensor[0m[2m=[0mblk.27.attn_norm.weight [3mgguf_seek[0m[2m=[0m2024457056 [3msize[0m[2m=[0m12288 [3mshard_mapping[0m[2m=[0mNone
[2m2026-03-16T01:52:30.935225Z[0m [32m INFO[0m [2mswarmllm::inference::split[0m[2m:[0m DIAG: tensor mapping check [3mtensor[0m[2m=[0mblk.2.attn_norm.weight [3mgguf_seek[0m[2m=[0m902247776 [3msize[0m[2m=[0m12288 [3mshard_mapping[0m[2m=[0mNone
[2m2026-03-16T01:52:30.935229Z[0m [32m INFO[0m [2mswarmllm::inference::split[0m[2m:[0m DIAG: tensor mapping check [3mtensor[0m[2m=[0mblk.26.ffn_down.weight [3mgguf_seek[0m[2m=[0m1957204832 [3msize[0m[2m=[0m14155776 [3mshard_mapping[0m[2m=[0mSome((1, 416575488))
[2m2026-03-16T01:52:30.935238Z[0m [31mERROR[0m [2mswarmllm::inference::split[0m[2m:[0m ShardReader: position is in a missing shard region [3mpos[0m[2m=[0m56145248 [3mtotal_size[0m[2m=[0m2393232608 [3mheader_len[0m[2m=[0m738656 [3mbuf_len[0m[2m=[0m16 [3mtensor_map_sample[0m[2m=[0m["shard[0]@gguf[203650400..203662688)", "shard[0]@gguf[203662688..224306528)", "shard[0]@gguf[224306528..252618080)", "shard[0]@gguf[252618080..252630368)", "shard[0]@gguf[252630368..257938784)"]
[2m2026-03-16T01:52:30.935247Z[0m [32m INFO[0m [2mswarmllm::inference::split[0m[2m:[0m Split model using CPU (no CUDA available)
[2m2026-03-16T01:52:30.935251Z[0m [32m INFO[0m [2mswarmllm::inference::split[0m[2m:[0m Detected model architecture [3march[0m[2m=[0mphi3
[2m2026-03-16T01:52:30.935265Z[0m [31mERROR[0m [2mswarmllm::inference::split[0m[2m:[0m ShardReader: position is in a missing shard region [3mpos[0m[2m=[0m2393232224 [3mtotal_size[0m[2m=[0m2393232608 [3mheader_len[0m[2m=[0m738656 [3mbuf_len[0m[2m=[0m192 [3mtensor_map_sample[0m[2m=[0m["shard[0]@gguf[203650400..203662688)", "shard[0]@gguf[203662688..224306528)", "shard[0]@gguf[224306528..252618080)", "shard[0]@gguf[252618080..252630368)", "shard[0]@gguf[252630368..257938784)"]
[2m2026-03-16T01:52:32.139558Z[0m [32m INFO[0m [2mswarmllm::inference::split[0m[2m:[0m Building SPM tokenizer from GGUF header sentencepiece data [3mvocab_size[0m[2m=[0m32064 [3mscores[0m[2m=[0m32064 [3madd_space_prefix[0m[2m=[0mtrue [3madd_bos_token[0m[2m=[0mfalse
[2m2026-03-16T01:52:32.146989Z[0m [32m INFO[0m [2mswarmllm::inference::tokenizer[0m[2m:[0m Built SPM tokenizer from GGUF vocab [3mvocab_size[0m[2m=[0m32064 [3mspecial_tokens[0m[2m=[0m271 [3madd_space_prefix[0m[2m=[0mtrue [3madd_bos_token[0m[2m=[0mfalse [3munk_id[0m[2m=[0mSome(0) [3mbos_id[0m[2m=[0mNone
[2m2026-03-16T01:52:32.147129Z[0m [32m INFO[0m [2mswarmllm::inference::split[0m[2m:[0m Loaded chat template from GGUF header [3mbos[0m[2m=[0m<s> [3meos[0m[2m=[0m<|endoftext|>
[2m2026-03-16T01:52:32.147139Z[0m [32m INFO[0m [2mswarmllm::inference::split[0m[2m:[0m Loaded split model from shard files [3march[0m[2m=[0mphi3 [3mlayers[0m[2m=[0m"[6..13)" [3mtotal[0m[2m=[0m32 [3mis_first[0m[2m=[0mfalse [3mis_last[0m[2m=[0mfalse [3mhas_qkv_biases[0m[2m=[0mfalse [3mrope[0m[2m=[0m"contiguous" [3mactivation[0m[2m=[0mSiLU [3mcontext_length[0m[2m=[0m131072 [3mhead_count[0m[2m=[0m32 [3mhead_count_kv[0m[2m=[0m32 [3mhead_dim[0m[2m=[0m96 [3mrope_dim[0m[2m=[0m96 [3membedding_length[0m[2m=[0m3072 [3mhas_post_norms[0m[2m=[0mfalse
[2m2026-03-16T01:52:32.148520Z[0m [32m INFO[0m [2mswarmllm::model::auto_manage[0m[2m:[0m Auto-manage: model segment loaded and ready for inference [3mmodel[0m[2m=[0mphi-3.5-mini-instruct.q4-k-m [3mname[0m[2m=[0mPhi 3.5 Mini Instruct [3mlayers[0m[2m=[0m"[6..13)"
[2m2026-03-16T01:52:32.149530Z[0m [32m INFO[0m [2mswarmllm::daemon::shard_loader[0m[2m:[0m Loading split model from shard files (no full GGUF) [3mmodel[0m[2m=[0mphi-3.5-mini-instruct.q4-k-m [3mshards[0m[2m=[0m2 [3mlayers[0m[2m=[0m"[20..27)"
[2m2026-03-16T01:52:32.154584Z[0m [32m INFO[0m [2mswarmllm::inference::split[0m[2m:[0m Loading split model from shard files [3mmodel_dir[0m[2m=[0m/home/user/.local/share/swarmllm-test2/models/phi-3.5-mini-instruct.q4-k-m [3mheader_bytes[0m[2m=[0m738656 [3mtensor_data_offset[0m[2m=[0m738656 [3mshards[0m[2m=[0m2 [3mlayers[0m[2m=[0m"[20..27)"
[2m2026-03-16T01:52:32.160465Z[0m [32m INFO[0m [2mswarmllm::inference::split[0m[2m:[0m DIAG: tensor mapping check [3mtensor[0m[2m=[0mblk.30.ffn_up.weight [3mgguf_seek[0m[2m=[0m2266370912 [3msize[0m[2m=[0m28311552 [3mshard_mapping[0m[2m=[0mNone
[2m2026-03-16T01:52:32.160512Z[0m [32m INFO[0m [2mswarmllm::inference::split[0m[2m:[0m DIAG: tensor mapping check [3mtensor[0m[2m=[0mrope_factors_short.weight [3mgguf_seek[0m[2m=[0m2393232416 [3msize[0m[2m=[0m192 [3mshard_mapping[0m[2m=[0mNone
[2m2026-03-16T01:52:32.160517Z[0m [32m INFO[0m [2mswarmllm::inference::split[0m[2m:[0m DIAG: tensor mapping check [3mtensor[0m[2m=[0mblk.15.attn_output.weight [3mgguf_seek[0m[2m=[0m601929056 [3msize[0m[2m=[0m5308416 [3mshard_mapping[0m[2m=[0mNone
[2m2026-03-16T01:52:32.160521Z[0m [32m INFO[0m [2mswarmllm::inference::split[0m[2m:[0m DIAG: tensor mapping check [3mtensor[0m[2m=[0mblk.1.ffn_up.weight [3mgguf_seek[0m[2m=[0m150553952 [3msize[0m[2m=[0m28311552 [3mshard_mapping[0m[2m=[0mNone
[2m2026-03-16T01:52:32.160525Z[0m [32m INFO[0m [2mswarmllm::inference::split[0m[2m:[0m DIAG: tensor mapping check [3mtensor[0m[2m=[0mblk.24.attn_qkv.weight [3mgguf_seek[0m[2m=[0m1870463840 [3msize[0m[2m=[0m19464192 [3mshard_mapping[0m[2m=[0mSome((1, 329834496))
[2m2026-03-16T01:52:32.160535Z[0m [31mERROR[0m [2mswarmllm::inference::split[0m[2m:[0m ShardReader: position is in a missing shard region [3mpos[0m[2m=[0m56145248 [3mtotal_size[0m[2m=[0m2393232608 [3mheader_len[0m[2m=[0m738656 [3mbuf_len[0m[2m=[0m16 [3mtensor_map_sample[0m[2m=[0m["shard[0]@gguf[203650400..203662688)", "shard[0]@gguf[203662688..224306528)", "shard[0]@gguf[224306528..252618080)", "shard[0]@gguf[252618080..252630368)", "shard[0]@gguf[252630368..257938784)"]
[2m2026-03-16T01:52:32.160544Z[0m [32m INFO[0m [2mswarmllm::inference::split[0m[2m:[0m Split model using CPU (no CUDA available)
[2m2026-03-16T01:52:32.160550Z[0m [32m INFO[0m [2mswarmllm::inference::split[0m[2m:[0m Detected model architecture [3march[0m[2m=[0mphi3
[2m2026-03-16T01:52:32.160564Z[0m [31mERROR[0m [2mswarmllm::inference::split[0m[2m:[0m ShardReader: position is in a missing shard region [3mpos[0m[2m=[0m2393232224 [3mtotal_size[0m[2m=[0m2393232608 [3mheader_len[0m[2m=[0m738656 [3mbuf_len[0m[2m=[0m192 [3mtensor_map_sample[0m[2m=[0m["shard[0]@gguf[203650400..203662688)", "shard[0]@gguf[203662688..224306528)", "shard[0]@gguf[224306528..252618080)", "shard[0]@gguf[252618080..252630368)", "shard[0]@gguf[252630368..257938784)"]
[2m2026-03-16T01:52:33.254507Z[0m [32m INFO[0m [2mswarmllm::inference::split[0m[2m:[0m Building SPM tokenizer from GGUF header sentencepiece data [3mvocab_size[0m[2m=[0m32064 [3mscores[0m[2m=[0m32064 [3madd_space_prefix[0m[2m=[0mtrue [3madd_bos_token[0m[2m=[0mfalse
[2m2026-03-16T01:52:33.258931Z[0m [32m INFO[0m [2mswarmllm::inference::tokenizer[0m[2m:[0m Built SPM tokenizer from GGUF vocab [3mvocab_size[0m[2m=[0m32064 [3mspecial_tokens[0m[2m=[0m271 [3madd_space_prefix[0m[2m=[0mtrue [3madd_bos_token[0m[2m=[0mfalse [3munk_id[0m[2m=[0mSome(0) [3mbos_id[0m[2m=[0mNone
[2m2026-03-16T01:52:33.258973Z[0m [32m INFO[0m [2mswarmllm::inference::split[0m[2m:[0m Loaded chat template from GGUF header [3mbos[0m[2m=[0m<s> [3meos[0m[2m=[0m<|endoftext|>
[2m2026-03-16T01:52:33.258981Z[0m [32m INFO[0m [2mswarmllm::inference::split[0m[2m:[0m Loaded split model from shard files [3march[0m[2m=[0mphi3 [3mlayers[0m[2m=[0m"[20..27)" [3mtotal[0m[2m=[0m32 [3mis_first[0m[2m=[0mfalse [3mis_last[0m[2m=[0mfalse [3mhas_qkv_biases[0m[2m=[0mfalse [3mrope[0m[2m=[0m"contiguous" [3mactivation[0m[2m=[0mSiLU [3mcontext_length[0m[2m=[0m131072 [3mhead_count[0m[2m=[0m32 [3mhead_count_kv[0m[2m=[0m32 [3mhead_dim[0m[2m=[0m96 [3mrope_dim[0m[2m=[0m96 [3membedding_length[0m[2m=[0m3072 [3mhas_post_norms[0m[2m=[0mfalse
[2m2026-03-16T01:52:33.260240Z[0m [32m INFO[0m [2mswarmllm::model::auto_manage[0m[2m:[0m Auto-manage: model segment loaded and ready for inference [3mmodel[0m[2m=[0mphi-3.5-mini-instruct.q4-k-m [3mname[0m[2m=[0mPhi 3.5 Mini Instruct [3mlayers[0m[2m=[0m"[20..27)"
[2m2026-03-16T01:52:33.260747Z[0m [32m INFO[0m [2mswarmllm::daemon[0m[2m:[0m Broadcasting initial shard announcement [3mshards[0m[2m=[0m6
[2m2026-03-16T01:52:34.779577Z[0m [32m INFO[0m [2mswarmllm::network::manager[0m[2m:[0m Found 1 peer on your local network [3mlan_peers[0m[2m=[0m1
[2m2026-03-16T01:52:34.780773Z[0m [32m INFO[0m [2mswarmllm::daemon::dispatch[0m[2m:[0m Received shard announce from peer [3mnode_id[0m[2m=[0mf78fbf0fba02769a [3mshards[0m[2m=[0m9
[2m2026-03-16T01:52:34.780850Z[0m [32m INFO[0m [2mswarmllm::daemon::dispatch[0m[2m:[0m Received model manifest from network [3mmodel[0m[2m=[0mphi-3.5-mini-instruct.q4-k-m [3mname[0m[2m=[0mPhi 3.5 Mini Instruct [3mshards[0m[2m=[0m5 [3mpublisher[0m[2m=[0mf78fbf0fba02769a
[2m2026-03-16T01:52:34.780930Z[0m [32m INFO[0m [2mswarmllm::model::registry[0m[2m:[0m DIAG: register_manifest [3mmodel[0m[2m=[0mphi-3.5-mini-instruct.q4-k-m [3mname[0m[2m=[0mPhi 3.5 Mini Instruct [3mschema_version[0m[2m=[0m2 [3mshard_count[0m[2m=[0m5
[2m2026-03-16T01:52:34.782897Z[0m [32m INFO[0m [2mswarmllm::daemon::dispatch[0m[2m:[0m Received model manifest from network [3mmodel[0m[2m=[0mqwen2.5-coder-7b-instruct-q4-k-m [3mname[0m[2m=[0mQwen2.5 Coder 7B Instruct GGUF [3mshards[0m[2m=[0m8 [3mpublisher[0m[2m=[0mc4a3ab5093da731a
[2m2026-03-16T01:52:34.783027Z[0m [32m INFO[0m [2mswarmllm::model::registry[0m[2m:[0m DIAG: register_manifest [3mmodel[0m[2m=[0mqwen2.5-coder-7b-instruct-q4-k-m [3mname[0m[2m=[0mQwen2.5 Coder 7B Instruct GGUF [3mschema_version[0m[2m=[0m2 [3mshard_count[0m[2m=[0m8
[2m2026-03-16T01:52:34.783057Z[0m [32m INFO[0m [2mswarmllm::daemon::dispatch[0m[2m:[0m Received model manifest from network [3mmodel[0m[2m=[0mtinyllama-1.1b-chat-v1.0.q4-k-m [3mname[0m[2m=[0mtinyllama_tinyllama-1.1b-chat-v1.0 [3mshards[0m[2m=[0m2 [3mpublisher[0m[2m=[0mf78fbf0fba02769a
[2m2026-03-16T01:52:34.783130Z[0m [32m INFO[0m [2mswarmllm::model::registry[0m[2m:[0m DIAG: register_manifest [3mmodel[0m[2m=[0mtinyllama-1.1b-chat-v1.0.q4-k-m [3mname[0m[2m=[0mtinyllama_tinyllama-1.1b-chat-v1.0 [3mschema_version[0m[2m=[0m2 [3mshard_count[0m[2m=[0m2
[2m2026-03-16T01:52:34.784804Z[0m [32m INFO[0m [2mswarmllm::network::manager[0m[2m:[0m Received request [3mpeer[0m[2m=[0m12D3KooWSUjzxjgP5ZfafMxfkMEMEo7RwrF7khpEAKaEMHgJ5Pfv [3mkind[0m[2m=[0m"message"
[2m2026-03-16T01:52:34.785109Z[0m [32m INFO[0m [2mswarmllm::network::manager[0m[2m:[0m DIAG: ResponseSent event — response written to wire [3mpeer[0m[2m=[0m12D3KooWSUjzxjgP5ZfafMxfkMEMEo7RwrF7khpEAKaEMHgJ5Pfv [3mrequest_id[0m[2m=[0mInboundRequestId(4)
[2m2026-03-16T01:52:34.792602Z[0m [32m INFO[0m [2mswarmllm::model::auto_manage[0m[2m:[0m AutoShardManager: triggered by new HF source or manifest
[2m2026-03-16T01:52:34.890500Z[0m [32m INFO[0m [2mswarmllm::model::auto_manage[0m[2m:[0m DIAG: evaluate_and_prune starting [3mresource_pressure[0m[2m=[0m"0.12" [3mpressure_urgent[0m[2m=[0mfalse
[2m2026-03-16T01:52:41.258069Z[0m [32m INFO[0m [2mswarmllm::network::manager[0m[2m:[0m DIAG: received response [3mpeer[0m[2m=[0m12D3KooWAyFfLinkAgFyQsC2SfHDizZ6yBg6BUUFYDYP1ZRVFaNr [3mkind[0m[2m=[0m"ack" [3mrequest_id[0m[2m=[0mOutboundRequestId(5) [3mwas_tensor_forward[0m[2m=[0mfalse [3mpending_tensor_out[0m[2m=[0m0
[2m2026-03-16T01:52:48.043689Z[0m [32m INFO[0m [2mswarmllm::network::manager[0m[2m:[0m Received request [3mpeer[0m[2m=[0m12D3KooWSUjzxjgP5ZfafMxfkMEMEo7RwrF7khpEAKaEMHgJ5Pfv [3mkind[0m[2m=[0m"message"
[2m2026-03-16T01:52:48.043763Z[0m [32m INFO[0m [2mswarmllm::network::manager[0m[2m:[0m Received request [3mpeer[0m[2m=[0m12D3KooWAyFfLinkAgFyQsC2SfHDizZ6yBg6BUUFYDYP1ZRVFaNr [3mkind[0m[2m=[0m"message"
[2m2026-03-16T01:52:48.043863Z[0m [32m INFO[0m [2mswarmllm::network::manager[0m[2m:[0m DIAG: ResponseSent event — response written to wire [3mpeer[0m[2m=[0m12D3KooWAyFfLinkAgFyQsC2SfHDizZ6yBg6BUUFYDYP1ZRVFaNr [3mrequest_id[0m[2m=[0mInboundRequestId(6)
[2m2026-03-16T01:52:48.043883Z[0m [32m INFO[0m [2mswarmllm::network::manager[0m[2m:[0m DIAG: ResponseSent event — response written to wire [3mpeer[0m[2m=[0m12D3KooWSUjzxjgP5ZfafMxfkMEMEo7RwrF7khpEAKaEMHgJ5Pfv [3mrequest_id[0m[2m=[0mInboundRequestId(5)
[2m2026-03-16T01:52:48.539316Z[0m [33m WARN[0m [2mswarmllm::update[0m[2m:[0m Update check failed [3merror[0m[2m=[0mNetwork error: GitHub API returned 404 Not Found
[2m2026-03-16T01:52:49.780754Z[0m [32m INFO[0m [2mswarmllm::network::manager[0m[2m:[0m DIAG: received response [3mpeer[0m[2m=[0m12D3KooWSUjzxjgP5ZfafMxfkMEMEo7RwrF7khpEAKaEMHgJ5Pfv [3mkind[0m[2m=[0m"ack" [3mrequest_id[0m[2m=[0mOutboundRequestId(6) [3mwas_tensor_forward[0m[2m=[0mfalse [3mpending_tensor_out[0m[2m=[0m0
[2m2026-03-16T01:52:49.783050Z[0m [32m INFO[0m [2mswarmllm::daemon::dispatch[0m[2m:[0m Received shard announce from peer [3mnode_id[0m[2m=[0mf78fbf0fba02769a [3mshards[0m[2m=[0m9
[2m2026-03-16T01:53:08.754052Z[0m [32m INFO[0m [2mswarmllm::network::manager[0m[2m:[0m DIAG: received response [3mpeer[0m[2m=[0m12D3KooWAyFfLinkAgFyQsC2SfHDizZ6yBg6BUUFYDYP1ZRVFaNr [3mkind[0m[2m=[0m"ack" [3mrequest_id[0m[2m=[0mOutboundRequestId(7) [3mwas_tensor_forward[0m[2m=[0mfalse [3mpending_tensor_out[0m[2m=[0m0
[2m2026-03-16T01:53:15.537729Z[0m [32m INFO[0m [2mswarmllm::network::manager[0m[2m:[0m Received request [3mpeer[0m[2m=[0m12D3KooWSUjzxjgP5ZfafMxfkMEMEo7RwrF7khpEAKaEMHgJ5Pfv [3mkind[0m[2m=[0m"message"
[2m2026-03-16T01:53:15.537876Z[0m [32m INFO[0m [2mswarmllm::network::manager[0m[2m:[0m DIAG: ResponseSent event — response written to wire [3mpeer[0m[2m=[0m12D3KooWSUjzxjgP5ZfafMxfkMEMEo7RwrF7khpEAKaEMHgJ5Pfv [3mrequest_id[0m[2m=[0mInboundRequestId(7)
[2m2026-03-16T01:53:15.537896Z[0m [32m INFO[0m [2mswarmllm::network::manager[0m[2m:[0m Received request [3mpeer[0m[2m=[0m12D3KooWAyFfLinkAgFyQsC2SfHDizZ6yBg6BUUFYDYP1ZRVFaNr [3mkind[0m[2m=[0m"message"
[2m2026-03-16T01:53:15.538015Z[0m [32m INFO[0m [2mswarmllm::network::manager[0m[2m:[0m DIAG: ResponseSent event — response written to wire [3mpeer[0m[2m=[0m12D3KooWAyFfLinkAgFyQsC2SfHDizZ6yBg6BUUFYDYP1ZRVFaNr [3mrequest_id[0m[2m=[0mInboundRequestId(8)
[2m2026-03-16T01:53:15.632742Z[0m [32m INFO[0m [2mswarmllm::model::auto_manage[0m[2m:[0m DIAG: evaluate_and_prune starting [3mresource_pressure[0m[2m=[0m"0.12" [3mpressure_urgent[0m[2m=[0mfalse
[2m2026-03-16T01:53:17.281191Z[0m [32m INFO[0m [2mswarmllm::network::manager[0m[2m:[0m DIAG: received response [3mpeer[0m[2m=[0m12D3KooWSUjzxjgP5ZfafMxfkMEMEo7RwrF7khpEAKaEMHgJ5Pfv [3mkind[0m[2m=[0m"ack" [3mrequest_id[0m[2m=[0mOutboundRequestId(8) [3mwas_tensor_forward[0m[2m=[0mfalse [3mpending_tensor_out[0m[2m=[0m0
[2m2026-03-16T01:53:17.282546Z[0m [32m INFO[0m [2mswarmllm::daemon::dispatch[0m[2m:[0m Received shard announce from peer [3mnode_id[0m[2m=[0mf78fbf0fba02769a [3mshards[0m[2m=[0m9
[2m2026-03-16T01:53:29.597986Z[0m [32m INFO[0m [2mswarmllm::model::auto_manage[0m[2m:[0m AutoShardManager: triggered by new HF source or manifest
[2m2026-03-16T01:53:29.693220Z[0m [32m INFO[0m [2mswarmllm::model::auto_manage[0m[2m:[0m DIAG: evaluate_and_prune starting [3mresource_pressure[0m[2m=[0m"0.12" [3mpressure_urgent[0m[2m=[0mfalse
[2m2026-03-16T01:53:36.054141Z[0m [32m INFO[0m [2mswarmllm::network::manager[0m[2m:[0m DIAG: received response [3mpeer[0m[2m=[0m12D3KooWAyFfLinkAgFyQsC2SfHDizZ6yBg6BUUFYDYP1ZRVFaNr [3mkind[0m[2m=[0m"ack" [3mrequest_id[0m[2m=[0mOutboundRequestId(9) [3mwas_tensor_forward[0m[2m=[0mfalse [3mpending_tensor_out[0m[2m=[0m0
[2m2026-03-16T01:53:42.851295Z[0m [32m INFO[0m [2mswarmllm::network::manager[0m[2m:[0m Received request [3mpeer[0m[2m=[0m12D3KooWSUjzxjgP5ZfafMxfkMEMEo7RwrF7khpEAKaEMHgJ5Pfv [3mkind[0m[2m=[0m"message"
[2m2026-03-16T01:53:42.851466Z[0m [32m INFO[0m [2mswarmllm::network::manager[0m[2m:[0m Received request [3mpeer[0m[2m=[0m12D3KooWAyFfLinkAgFyQsC2SfHDizZ6yBg6BUUFYDYP1ZRVFaNr [3mkind[0m[2m=[0m"message"
[2m2026-03-16T01:53:42.851623Z[0m [32m INFO[0m [2mswarmllm::network::manager[0m[2m:[0m DIAG: ResponseSent event — response written to wire [3mpeer[0m[2m=[0m12D3KooWAyFfLinkAgFyQsC2SfHDizZ6yBg6BUUFYDYP1ZRVFaNr [3mrequest_id[0m[2m=[0mInboundRequestId(10)
[2m2026-03-16T01:53:42.851644Z[0m [32m INFO[0m [2mswarmllm::network::manager[0m[2m:[0m DIAG: ResponseSent event — response written to wire [3mpeer[0m[2m=[0m12D3KooWSUjzxjgP5ZfafMxfkMEMEo7RwrF7khpEAKaEMHgJ5Pfv [3mrequest_id[0m[2m=[0mInboundRequestId(9)
[2m2026-03-16T01:53:44.584490Z[0m [32m INFO[0m [2mswarmllm::network::manager[0m[2m:[0m DIAG: received response [3mpeer[0m[2m=[0m12D3KooWSUjzxjgP5ZfafMxfkMEMEo7RwrF7khpEAKaEMHgJ5Pfv [3mkind[0m[2m=[0m"ack" [3mrequest_id[0m[2m=[0mOutboundRequestId(10) [3mwas_tensor_forward[0m[2m=[0mfalse [3mpending_tensor_out[0m[2m=[0m0
[2m2026-03-16T01:53:44.587168Z[0m [32m INFO[0m [2mswarmllm::daemon::dispatch[0m[2m:[0m Received shard announce from peer [3mnode_id[0m[2m=[0mf78fbf0fba02769a [3mshards[0m[2m=[0m9
[2m2026-03-16T01:54:03.237236Z[0m [32m INFO[0m [2mswarmllm::network::manager[0m[2m:[0m Received request [3mpeer[0m[2m=[0m12D3KooWAyFfLinkAgFyQsC2SfHDizZ6yBg6BUUFYDYP1ZRVFaNr [3mkind[0m[2m=[0m"message"
[2m2026-03-16T01:54:03.237443Z[0m [32m INFO[0m [2mswarmllm::network::manager[0m[2m:[0m DIAG: ResponseSent event — response written to wire [3mpeer[0m[2m=[0m12D3KooWAyFfLinkAgFyQsC2SfHDizZ6yBg6BUUFYDYP1ZRVFaNr [3mrequest_id[0m[2m=[0mInboundRequestId(11)
[2m2026-03-16T01:54:03.238031Z[0m [32m INFO[0m [2mswarmllm::network::manager[0m[2m:[0m DIAG: received response [3mpeer[0m[2m=[0m12D3KooWAyFfLinkAgFyQsC2SfHDizZ6yBg6BUUFYDYP1ZRVFaNr [3mkind[0m[2m=[0m"ack" [3mrequest_id[0m[2m=[0mOutboundRequestId(11) [3mwas_tensor_forward[0m[2m=[0mfalse [3mpending_tensor_out[0m[2m=[0m0
[2m2026-03-16T01:54:10.025660Z[0m [32m INFO[0m [2mswarmllm::network::manager[0m[2m:[0m DIAG: rr_ping sent (health check) [3mpeer_id[0m[2m=[0m12D3KooWAyFfLinkAgFyQsC2SfHDizZ6yBg6BUUFYDYP1ZRVFaNr [3moutbound_id[0m[2m=[0mOutboundRequestId(12) [3mseq[0m[2m=[0m1 [3mrr_connected[0m[2m=[0mtrue [3mtotal_peers[0m[2m=[0m2 [3mpending_tensor_out[0m[2m=[0m0
[2m2026-03-16T01:54:10.025715Z[0m [32m INFO[0m [2mswarmllm::network::manager[0m[2m:[0m DIAG: rr_ping sent (health check) [3mpeer_id[0m[2m=[0m12D3KooWSUjzxjgP5ZfafMxfkMEMEo7RwrF7khpEAKaEMHgJ5Pfv [3moutbound_id[0m[2m=[0mOutboundRequestId(13) [3mseq[0m[2m=[0m1 [3mrr_connected[0m[2m=[0mtrue [3mtotal_peers[0m[2m=[0m2 [3mpending_tensor_out[0m[2m=[0m0
[2m2026-03-16T01:54:10.026862Z[0m [32m INFO[0m [2mswarmllm::network::manager[0m[2m:[0m DIAG: received response [3mpeer[0m[2m=[0m12D3KooWSUjzxjgP5ZfafMxfkMEMEo7RwrF7khpEAKaEMHgJ5Pfv [3mkind[0m[2m=[0m"message" [3mrequest_id[0m[2m=[0mOutboundRequestId(13) [3mwas_tensor_forward[0m[2m=[0mfalse [3mpending_tensor_out[0m[2m=[0m0
[2m2026-03-16T01:54:10.026887Z[0m [32m INFO[0m [2mswarmllm::network::manager[0m[2m:[0m DIAG: received response [3mpeer[0m[2m=[0m12D3KooWAyFfLinkAgFyQsC2SfHDizZ6yBg6BUUFYDYP1ZRVFaNr [3mkind[0m[2m=[0m"message" [3mrequest_id[0m[2m=[0mOutboundRequestId(12) [3mwas_tensor_forward[0m[2m=[0mfalse [3mpending_tensor_out[0m[2m=[0m0
[2m2026-03-16T01:54:10.026899Z[0m [32m INFO[0m [2mswarmllm::network::manager[0m[2m:[0m Low-latency peer auto-detected as LAN [3mpeer[0m[2m=[0m12D3KooWAyFfLinkAgFyQsC2SfHDizZ6yBg6BUUFYDYP1ZRVFaNr [3mrtt_ms[0m[2m=[0m1 [3mlan_peers[0m[2m=[0m2
[2m2026-03-16T01:54:10.027083Z[0m [32m INFO[0m [2mswarmllm::network::manager[0m[2m:[0m Received request [3mpeer[0m[2m=[0m12D3KooWAyFfLinkAgFyQsC2SfHDizZ6yBg6BUUFYDYP1ZRVFaNr [3mkind[0m[2m=[0m"message"
[2m2026-03-16T01:54:10.027214Z[0m [32m INFO[0m [2mswarmllm::network::manager[0m[2m:[0m DIAG: ResponseSent event — response written to wire [3mpeer[0m[2m=[0m12D3KooWAyFfLinkAgFyQsC2SfHDizZ6yBg6BUUFYDYP1ZRVFaNr [3mrequest_id[0m[2m=[0mInboundRequestId(12)
[2m2026-03-16T01:54:10.027359Z[0m [32m INFO[0m [2mswarmllm::network::manager[0m[2m:[0m Received request [3mpeer[0m[2m=[0m12D3KooWSUjzxjgP5ZfafMxfkMEMEo7RwrF7khpEAKaEMHgJ5Pfv [3mkind[0m[2m=[0m"message"
[2m2026-03-16T01:54:10.027514Z[0m [32m INFO[0m [2mswarmllm::network::manager[0m[2m:[0m DIAG: ResponseSent event — response written to wire [3mpeer[0m[2m=[0m12D3KooWSUjzxjgP5ZfafMxfkMEMEo7RwrF7khpEAKaEMHgJ5Pfv [3mrequest_id[0m[2m=[0mInboundRequestId(13)
[2m2026-03-16T01:54:10.123897Z[0m [32m INFO[0m [2mswarmllm::model::auto_manage[0m[2m:[0m DIAG: evaluate_and_prune starting [3mresource_pressure[0m[2m=[0m"0.12" [3mpressure_urgent[0m[2m=[0mfalse
[2m2026-03-16T01:54:11.764928Z[0m [32m INFO[0m [2mswarmllm::network::manager[0m[2m:[0m Received request [3mpeer[0m[2m=[0m12D3KooWSUjzxjgP5ZfafMxfkMEMEo7RwrF7khpEAKaEMHgJ5Pfv [3mkind[0m[2m=[0m"message"
[2m2026-03-16T01:54:11.765203Z[0m [32m INFO[0m [2mswarmllm::network::manager[0m[2m:[0m DIAG: ResponseSent event — response written to wire [3mpeer[0m[2m=[0m12D3KooWSUjzxjgP5ZfafMxfkMEMEo7RwrF7khpEAKaEMHgJ5Pfv [3mrequest_id[0m[2m=[0mInboundRequestId(14)
[2m2026-03-16T01:54:11.766198Z[0m [32m INFO[0m [2mswarmllm::network::manager[0m[2m:[0m DIAG: received response [3mpeer[0m[2m=[0m12D3KooWSUjzxjgP5ZfafMxfkMEMEo7RwrF7khpEAKaEMHgJ5Pfv [3mkind[0m[2m=[0m"ack" [3mrequest_id[0m[2m=[0mOutboundRequestId(14) [3mwas_tensor_forward[0m[2m=[0mfalse [3mpending_tensor_out[0m[2m=[0m0
[2m2026-03-16T01:54:11.768294Z[0m [32m INFO[0m [2mswarmllm::daemon::dispatch[0m[2m:[0m Received shard announce from peer [3mnode_id[0m[2m=[0mf78fbf0fba02769a [3mshards[0m[2m=[0m9
[2m2026-03-16T01:54:30.589813Z[0m [32m INFO[0m [2mswarmllm::network::manager[0m[2m:[0m DIAG: received response [3mpeer[0m[2m=[0m12D3KooWAyFfLinkAgFyQsC2SfHDizZ6yBg6BUUFYDYP1ZRVFaNr [3mkind[0m[2m=[0m"ack" [3mrequest_id[0m[2m=[0mOutboundRequestId(15) [3mwas_tensor_forward[0m[2m=[0mfalse [3mpending_tensor_out[0m[2m=[0m0
[2m2026-03-16T01:54:37.376016Z[0m [32m INFO[0m [2mswarmllm::network::manager[0m[2m:[0m Received request [3mpeer[0m[2m=[0m12D3KooWAyFfLinkAgFyQsC2SfHDizZ6yBg6BUUFYDYP1ZRVFaNr [3mkind[0m[2m=[0m"message"
[2m2026-03-16T01:54:37.376124Z[0m [32m INFO[0m [2mswarmllm::network::manager[0m[2m:[0m Received request [3mpeer[0m[2m=[0m12D3KooWSUjzxjgP5ZfafMxfkMEMEo7RwrF7khpEAKaEMHgJ5Pfv [3mkind[0m[2m=[0m"message"
[2m2026-03-16T01:54:37.376309Z[0m [32m INFO[0m [2mswarmllm::network::manager[0m[2m:[0m DIAG: ResponseSent event — response written to wire [3mpeer[0m[2m=[0m12D3KooWSUjzxjgP5ZfafMxfkMEMEo7RwrF7khpEAKaEMHgJ5Pfv [3mrequest_id[0m[2m=[0mInboundRequestId(16)
[2m2026-03-16T01:54:37.376325Z[0m [32m INFO[0m [2mswarmllm::network::manager[0m[2m:[0m DIAG: ResponseSent event — response written to wire [3mpeer[0m[2m=[0m12D3KooWAyFfLinkAgFyQsC2SfHDizZ6yBg6BUUFYDYP1ZRVFaNr [3mrequest_id[0m[2m=[0mInboundRequestId(15)
[2m2026-03-16T01:54:39.114101Z[0m [32m INFO[0m [2mswarmllm::network::manager[0m[2m:[0m DIAG: received response [3mpeer[0m[2m=[0m12D3KooWSUjzxjgP5ZfafMxfkMEMEo7RwrF7khpEAKaEMHgJ5Pfv [3mkind[0m[2m=[0m"ack" [3mrequest_id[0m[2m=[0mOutboundRequestId(16) [3mwas_tensor_forward[0m[2m=[0mfalse [3mpending_tensor_out[0m[2m=[0m0
[2m2026-03-16T01:54:39.115574Z[0m [32m INFO[0m [2mswarmllm::daemon::dispatch[0m[2m:[0m Received shard announce from peer [3mnode_id[0m[2m=[0mf78fbf0fba02769a [3mshards[0m[2m=[0m9
[2m2026-03-16T01:54:51.256456Z[0m [32m INFO[0m [2mswarmllm::model::auto_manage[0m[2m:[0m AutoShardManager: triggered by new HF source or manifest
[2m2026-03-16T01:54:51.356925Z[0m [32m INFO[0m [2mswarmllm::model::auto_manage[0m[2m:[0m DIAG: evaluate_and_prune starting [3mresource_pressure[0m[2m=[0m"0.12" [3mpressure_urgent[0m[2m=[0mfalse
[2m2026-03-16T01:54:57.727769Z[0m [32m INFO[0m [2mswarmllm::network::manager[0m[2m:[0m DIAG: received response [3mpeer[0m[2m=[0m12D3KooWAyFfLinkAgFyQsC2SfHDizZ6yBg6BUUFYDYP1ZRVFaNr [3mkind[0m[2m=[0m"ack" [3mrequest_id[0m[2m=[0mOutboundRequestId(17) [3mwas_tensor_forward[0m[2m=[0mfalse [3mpending_tensor_out[0m[2m=[0m0
[2m2026-03-16T01:55:04.542538Z[0m [32m INFO[0m [2mswarmllm::network::manager[0m[2m:[0m Received request [3mpeer[0m[2m=[0m12D3KooWSUjzxjgP5ZfafMxfkMEMEo7RwrF7khpEAKaEMHgJ5Pfv [3mkind[0m[2m=[0m"message"
[2m2026-03-16T01:55:04.542702Z[0m [32m INFO[0m [2mswarmllm::network::manager[0m[2m:[0m DIAG: ResponseSent event — response written to wire [3mpeer[0m[2m=[0m12D3KooWSUjzxjgP5ZfafMxfkMEMEo7RwrF7khpEAKaEMHgJ5Pfv [3mrequest_id[0m[2m=[0mInboundRequestId(17)
[2m2026-03-16T01:55:04.542738Z[0m [32m INFO[0m [2mswarmllm::network::manager[0m[2m:[0m Received request [3mpeer[0m[2m=[0m12D3KooWAyFfLinkAgFyQsC2SfHDizZ6yBg6BUUFYDYP1ZRVFaNr [3mkind[0m[2m=[0m"message"
[2m2026-03-16T01:55:04.542844Z[0m [32m INFO[0m [2mswarmllm::network::manager[0m[2m:[0m DIAG: ResponseSent event — response written to wire [3mpeer[0m[2m=[0m12D3KooWAyFfLinkAgFyQsC2SfHDizZ6yBg6BUUFYDYP1ZRVFaNr [3mrequest_id[0m[2m=[0mInboundRequestId(18)
[2m2026-03-16T01:55:04.640725Z[0m [32m INFO[0m [2mswarmllm::model::auto_manage[0m[2m:[0m DIAG: evaluate_and_prune starting [3mresource_pressure[0m[2m=[0m"0.12" [3mpressure_urgent[0m[2m=[0mfalse
[2m2026-03-16T01:55:06.253572Z[0m [32m INFO[0m [2mswarmllm::network::manager[0m[2m:[0m DIAG: received response [3mpeer[0m[2m=[0m12D3KooWSUjzxjgP5ZfafMxfkMEMEo7RwrF7khpEAKaEMHgJ5Pfv [3mkind[0m[2m=[0m"ack" [3mrequest_id[0m[2m=[0mOutboundRequestId(18) [3mwas_tensor_forward[0m[2m=[0mfalse [3mpending_tensor_out[0m[2m=[0m0
[2m2026-03-16T01:55:06.254811Z[0m [32m INFO[0m [2mswarmllm::daemon::dispatch[0m[2m:[0m Received shard announce from peer [3mnode_id[0m[2m=[0mf78fbf0fba02769a [3mshards[0m[2m=[0m9
[2m2026-03-16T01:55:25.148948Z[0m [32m INFO[0m [2mswarmllm::network::manager[0m[2m:[0m DIAG: received response [3mpeer[0m[2m=[0m12D3KooWAyFfLinkAgFyQsC2SfHDizZ6yBg6BUUFYDYP1ZRVFaNr [3mkind[0m[2m=[0m"ack" [3mrequest_id[0m[2m=[0mOutboundRequestId(19) [3mwas_tensor_forward[0m[2m=[0mfalse [3mpending_tensor_out[0m[2m=[0m0
[2m2026-03-16T01:55:31.968433Z[0m [32m INFO[0m [2mswarmllm::network::manager[0m[2m:[0m Received request [3mpeer[0m[2m=[0m12D3KooWSUjzxjgP5ZfafMxfkMEMEo7RwrF7khpEAKaEMHgJ5Pfv [3mkind[0m[2m=[0m"message"
[2m2026-03-16T01:55:31.968512Z[0m [32m INFO[0m [2mswarmllm::network::manager[0m[2m:[0m Received request [3mpeer[0m[2m=[0m12D3KooWAyFfLinkAgFyQsC2SfHDizZ6yBg6BUUFYDYP1ZRVFaNr [3mkind[0m[2m=[0m"message"
[2m2026-03-16T01:55:31.968667Z[0m [32m INFO[0m [2mswarmllm::network::manager[0m[2m:[0m DIAG: ResponseSent event — response written to wire [3mpeer[0m[2m=[0m12D3KooWAyFfLinkAgFyQsC2SfHDizZ6yBg6BUUFYDYP1ZRVFaNr [3mrequest_id[0m[2m=[0mInboundRequestId(19)
[2m2026-03-16T01:55:31.968703Z[0m [32m INFO[0m [2mswarmllm::network::manager[0m[2m:[0m DIAG: ResponseSent event — response written to wire [3mpeer[0m[2m=[0m12D3KooWSUjzxjgP5ZfafMxfkMEMEo7RwrF7khpEAKaEMHgJ5Pfv [3mrequest_id[0m[2m=[0mInboundRequestId(20)
[2m2026-03-16T01:55:33.716039Z[0m [32m INFO[0m [2mswarmllm::network::manager[0m[2m:[0m DIAG: received response [3mpeer[0m[2m=[0m12D3KooWSUjzxjgP5ZfafMxfkMEMEo7RwrF7khpEAKaEMHgJ5Pfv [3mkind[0m[2m=[0m"ack" [3mrequest_id[0m[2m=[0mOutboundRequestId(20) [3mwas_tensor_forward[0m[2m=[0mfalse [3mpending_tensor_out[0m[2m=[0m0
[2m2026-03-16T01:55:33.717794Z[0m [32m INFO[0m [2mswarmllm::daemon::dispatch[0m[2m:[0m Received shard announce from peer [3mnode_id[0m[2m=[0mf78fbf0fba02769a [3mshards[0m[2m=[0m9
[2m2026-03-16T01:55:45.794917Z[0m [32m INFO[0m [2mswarmllm::model::auto_manage[0m[2m:[0m AutoShardManager: triggered by new HF source or manifest
[2m2026-03-16T01:55:45.892951Z[0m [32m INFO[0m [2mswarmllm::model::auto_manage[0m[2m:[0m DIAG: evaluate_and_prune starting [3mresource_pressure[0m[2m=[0m"0.12" [3mpressure_urgent[0m[2m=[0mfalse
[2m2026-03-16T01:55:52.216827Z[0m [32m INFO[0m [2mswarmllm::network::manager[0m[2m:[0m Received request [3mpeer[0m[2m=[0m12D3KooWAyFfLinkAgFyQsC2SfHDizZ6yBg6BUUFYDYP1ZRVFaNr [3mkind[0m[2m=[0m"message"
[2m2026-03-16T01:55:52.216947Z[0m [32m INFO[0m [2mswarmllm::network::manager[0m[2m:[0m DIAG: ResponseSent event — response written to wire [3mpeer[0m[2m=[0m12D3KooWAyFfLinkAgFyQsC2SfHDizZ6yBg6BUUFYDYP1ZRVFaNr [3mrequest_id[0m[2m=[0mInboundRequestId(21)
[2m2026-03-16T01:55:52.217929Z[0m [32m INFO[0m [2mswarmllm::network::manager[0m[2m:[0m DIAG: received response [3mpeer[0m[2m=[0m12D3KooWAyFfLinkAgFyQsC2SfHDizZ6yBg6BUUFYDYP1ZRVFaNr [3mkind[0m[2m=[0m"ack" [3mrequest_id[0m[2m=[0mOutboundRequestId(21) [3mwas_tensor_forward[0m[2m=[0mfalse [3mpending_tensor_out[0m[2m=[0m0
[2m2026-03-16T01:55:59.003991Z[0m [32m INFO[0m [2mswarmllm::network::manager[0m[2m:[0m DIAG: rr_ping sent (health check) [3mpeer_id[0m[2m=[0m12D3KooWAyFfLinkAgFyQsC2SfHDizZ6yBg6BUUFYDYP1ZRVFaNr [3moutbound_id[0m[2m=[0mOutboundRequestId(22) [3mseq[0m[2m=[0m2 [3mrr_connected[0m[2m=[0mtrue [3mtotal_peers[0m[2m=[0m2 [3mpending_tensor_out[0m[2m=[0m0
[2m2026-03-16T01:55:59.004058Z[0m [32m INFO[0m [2mswarmllm::network::manager[0m[2m:[0m DIAG: rr_ping sent (health check) [3mpeer_id[0m[2m=[0m12D3KooWSUjzxjgP5ZfafMxfkMEMEo7RwrF7khpEAKaEMHgJ5Pfv [3moutbound_id[0m[2m=[0mOutboundRequestId(23) [3mseq[0m[2m=[0m2 [3mrr_connected[0m[2m=[0mtrue [3mtotal_peers[0m[2m=[0m2 [3mpending_tensor_out[0m[2m=[0m0
[2m2026-03-16T01:55:59.005346Z[0m [32m INFO[0m [2mswarmllm::network::manager[0m[2m:[0m DIAG: received response [3mpeer[0m[2m=[0m12D3KooWAyFfLinkAgFyQsC2SfHDizZ6yBg6BUUFYDYP1ZRVFaNr [3mkind[0m[2m=[0m"message" [3mrequest_id[0m[2m=[0mOutboundRequestId(22) [3mwas_tensor_forward[0m[2m=[0mfalse [3mpending_tensor_out[0m[2m=[0m0
[2m2026-03-16T01:55:59.005390Z[0m [32m INFO[0m [2mswarmllm::network::manager[0m[2m:[0m DIAG: received response [3mpeer[0m[2m=[0m12D3KooWSUjzxjgP5ZfafMxfkMEMEo7RwrF7khpEAKaEMHgJ5Pfv [3mkind[0m[2m=[0m"message" [3mrequest_id[0m[2m=[0mOutboundRequestId(23) [3mwas_tensor_forward[0m[2m=[0mfalse [3mpending_tensor_out[0m[2m=[0m0
[2m2026-03-16T01:55:59.005472Z[0m [32m INFO[0m [2mswarmllm::network::manager[0m[2m:[0m Received request [3mpeer[0m[2m=[0m12D3KooWAyFfLinkAgFyQsC2SfHDizZ6yBg6BUUFYDYP1ZRVFaNr [3mkind[0m[2m=[0m"message"
[2m2026-03-16T01:55:59.005629Z[0m [32m INFO[0m [2mswarmllm::network::manager[0m[2m:[0m DIAG: ResponseSent event — response written to wire [3mpeer[0m[2m=[0m12D3KooWAyFfLinkAgFyQsC2SfHDizZ6yBg6BUUFYDYP1ZRVFaNr [3mrequest_id[0m[2m=[0mInboundRequestId(22)
[2m2026-03-16T01:55:59.005742Z[0m [32m INFO[0m [2mswarmllm::network::manager[0m[2m:[0m Received request [3mpeer[0m[2m=[0m12D3KooWSUjzxjgP5ZfafMxfkMEMEo7RwrF7khpEAKaEMHgJ5Pfv [3mkind[0m[2m=[0m"message"
[2m2026-03-16T01:55:59.005877Z[0m [32m INFO[0m [2mswarmllm::network::manager[0m[2m:[0m DIAG: ResponseSent event — response written to wire [3mpeer[0m[2m=[0m12D3KooWSUjzxjgP5ZfafMxfkMEMEo7RwrF7khpEAKaEMHgJ5Pfv [3mrequest_id[0m[2m=[0mInboundRequestId(23)
[2m2026-03-16T01:55:59.096024Z[0m [32m INFO[0m [2mswarmllm::model::auto_manage[0m[2m:[0m DIAG: evaluate_and_prune starting [3mresource_pressure[0m[2m=[0m"0.12" [3mpressure_urgent[0m[2m=[0mfalse
[2m2026-03-16T01:56:00.773836Z[0m [32m INFO[0m [2mswarmllm::network::manager[0m[2m:[0m Received request [3mpeer[0m[2m=[0m12D3KooWSUjzxjgP5ZfafMxfkMEMEo7RwrF7khpEAKaEMHgJ5Pfv [3mkind[0m[2m=[0m"message"
[2m2026-03-16T01:56:00.773973Z[0m [32m INFO[0m [2mswarmllm::network::manager[0m[2m:[0m DIAG: ResponseSent event — response written to wire [3mpeer[0m[2m=[0m12D3KooWSUjzxjgP5ZfafMxfkMEMEo7RwrF7khpEAKaEMHgJ5Pfv [3mrequest_id[0m[2m=[0mInboundRequestId(24)
[2m2026-03-16T01:56:00.774655Z[0m [32m INFO[0m [2mswarmllm::network::manager[0m[2m:[0m DIAG: received response [3mpeer[0m[2m=[0m12D3KooWSUjzxjgP5ZfafMxfkMEMEo7RwrF7khpEAKaEMHgJ5Pfv [3mkind[0m[2m=[0m"ack" [3mrequest_id[0m[2m=[0mOutboundRequestId(24) [3mwas_tensor_forward[0m[2m=[0mfalse [3mpending_tensor_out[0m[2m=[0m0
[2m2026-03-16T01:56:00.776044Z[0m [32m INFO[0m [2mswarmllm::daemon::dispatch[0m[2m:[0m Received shard announce from peer [3mnode_id[0m[2m=[0mf78fbf0fba02769a [3mshards[0m[2m=[0m9
[2m2026-03-16T01:56:19.686945Z[0m [32m INFO[0m [2mswarmllm::network::manager[0m[2m:[0m DIAG: received response [3mpeer[0m[2m=[0m12D3KooWAyFfLinkAgFyQsC2SfHDizZ6yBg6BUUFYDYP1ZRVFaNr [3mkind[0m[2m=[0m"ack" [3mrequest_id[0m[2m=[0mOutboundRequestId(25) [3mwas_tensor_forward[0m[2m=[0mfalse [3mpending_tensor_out[0m[2m=[0m0
[2m2026-03-16T01:56:26.477712Z[0m [32m INFO[0m [2mswarmllm::network::manager[0m[2m:[0m Received request [3mpeer[0m[2m=[0m12D3KooWSUjzxjgP5ZfafMxfkMEMEo7RwrF7khpEAKaEMHgJ5Pfv [3mkind[0m[2m=[0m"message"
[2m2026-03-16T01:56:26.477796Z[0m [32m INFO[0m [2mswarmllm::network::manager[0m[2m:[0m Received request [3mpeer[0m[2m=[0m12D3KooWAyFfLinkAgFyQsC2SfHDizZ6yBg6BUUFYDYP1ZRVFaNr [3mkind[0m[2m=[0m"message"
[2m2026-03-16T01:56:26.477960Z[0m [32m INFO[0m [2mswarmllm::network::manager[0m[2m:[0m DIAG: ResponseSent event — response written to wire [3mpeer[0m[2m=[0m12D3KooWAyFfLinkAgFyQsC2SfHDizZ6yBg6BUUFYDYP1ZRVFaNr [3mrequest_id[0m[2m=[0mInboundRequestId(26)
[2m2026-03-16T01:56:26.478004Z[0m [32m INFO[0m [2mswarmllm::network::manager[0m[2m:[0m DIAG: ResponseSent event — response written to wire [3mpeer[0m[2m=[0m12D3KooWSUjzxjgP5ZfafMxfkMEMEo7RwrF7khpEAKaEMHgJ5Pfv [3mrequest_id[0m[2m=[0mInboundRequestId(25)
[2m2026-03-16T01:56:28.216721Z[0m [32m INFO[0m [2mswarmllm::network::manager[0m[2m:[0m DIAG: received response [3mpeer[0m[2m=[0m12D3KooWSUjzxjgP5ZfafMxfkMEMEo7RwrF7khpEAKaEMHgJ5Pfv [3mkind[0m[2m=[0m"ack" [3mrequest_id[0m[2m=[0mOutboundRequestId(26) [3mwas_tensor_forward[0m[2m=[0mfalse [3mpending_tensor_out[0m[2m=[0m0
[2m2026-03-16T01:56:28.218498Z[0m [32m INFO[0m [2mswarmllm::daemon::dispatch[0m[2m:[0m Received shard announce from peer [3mnode_id[0m[2m=[0mf78fbf0fba02769a [3mshards[0m[2m=[0m9
[2m2026-03-16T01:56:46.710901Z[0m [32m INFO[0m [2mswarmllm::network::manager[0m[2m:[0m DIAG: received response [3mpeer[0m[2m=[0m12D3KooWAyFfLinkAgFyQsC2SfHDizZ6yBg6BUUFYDYP1ZRVFaNr [3mkind[0m[2m=[0m"ack" [3mrequest_id[0m[2m=[0mOutboundRequestId(27) [3mwas_tensor_forward[0m[2m=[0mfalse [3mpending_tensor_out[0m[2m=[0m0
[2m2026-03-16T01:56:53.494819Z[0m [32m INFO[0m [2mswarmllm::network::peer_cache[0m[2m:[0m Loaded cached peers from last session [3mcount[0m[2m=[0m6
[2m2026-03-16T01:56:53.494874Z[0m [32m INFO[0m [2mswarmllm::credit::ledger[0m[2m:[0m Gossiping credit balance [3mbalance_bucket[0m[2m=[0m4500 [3mtier[0m[2m=[0mSilver
[2m2026-03-16T01:56:53.502803Z[0m [32m INFO[0m [2mswarmllm::network::manager[0m[2m:[0m Received request [3mpeer[0m[2m=[0m12D3KooWAyFfLinkAgFyQsC2SfHDizZ6yBg6BUUFYDYP1ZRVFaNr [3mkind[0m[2m=[0m"message"
[2m2026-03-16T01:56:53.502883Z[0m [32m INFO[0m [2mswarmllm::network::manager[0m[2m:[0m DIAG: key exchange initiated [3mpeer_id[0m[2m=[0m12D3KooWAyFfLinkAgFyQsC2SfHDizZ6yBg6BUUFYDYP1ZRVFaNr [3mnode_id[0m[2m=[0m11228e88372ae2f0 [3msession_type[0m[2m=[0m"static"
[2m2026-03-16T01:56:53.502968Z[0m [32m INFO[0m [2mswarmllm::network::manager[0m[2m:[0m DIAG: encryption session established [3mpeer_id[0m[2m=[0m12D3KooWAyFfLinkAgFyQsC2SfHDizZ6yBg6BUUFYDYP1ZRVFaNr [3mnode_id[0m[2m=[0m11228e88372ae2f0 [3msession_type[0m[2m=[0m"static" [3msession_count[0m[2m=[0m2
[2m2026-03-16T01:56:53.503221Z[0m [32m INFO[0m [2mswarmllm::network::manager[0m[2m:[0m DIAG: ResponseSent event — response written to wire [3mpeer[0m[2m=[0m12D3KooWAyFfLinkAgFyQsC2SfHDizZ6yBg6BUUFYDYP1ZRVFaNr [3mrequest_id[0m[2m=[0mInboundRequestId(27)
[2m2026-03-16T01:56:53.504046Z[0m [32m INFO[0m [2mswarmllm::network::manager[0m[2m:[0m Received request [3mpeer[0m[2m=[0m12D3KooWSUjzxjgP5ZfafMxfkMEMEo7RwrF7khpEAKaEMHgJ5Pfv [3mkind[0m[2m=[0m"message"
[2m2026-03-16T01:56:53.504202Z[0m [32m INFO[0m [2mswarmllm::network::manager[0m[2m:[0m DIAG: ResponseSent event — response written to wire [3mpeer[0m[2m=[0m12D3KooWSUjzxjgP5ZfafMxfkMEMEo7RwrF7khpEAKaEMHgJ5Pfv [3mrequest_id[0m[2m=[0mInboundRequestId(28)
[2m2026-03-16T01:56:53.587882Z[0m [32m INFO[0m [2mswarmllm::model::auto_manage[0m[2m:[0m DIAG: evaluate_and_prune starting [3mresource_pressure[0m[2m=[0m"0.12" [3mpressure_urgent[0m[2m=[0mfalse
[2m2026-03-16T01:56:55.247757Z[0m [32m INFO[0m [2mswarmllm::network::manager[0m[2m:[0m DIAG: key exchange initiated [3mpeer_id[0m[2m=[0m12D3KooWSUjzxjgP5ZfafMxfkMEMEo7RwrF7khpEAKaEMHgJ5Pfv [3mnode_id[0m[2m=[0mf78fbf0fba02769a [3msession_type[0m[2m=[0m"static"
[2m2026-03-16T01:56:55.247857Z[0m [32m INFO[0m [2mswarmllm::network::manager[0m[2m:[0m DIAG: encryption session established [3mpeer_id[0m[2m=[0m12D3KooWSUjzxjgP5ZfafMxfkMEMEo7RwrF7khpEAKaEMHgJ5Pfv [3mnode_id[0m[2m=[0mf78fbf0fba02769a [3msession_type[0m[2m=[0m"static" [3msession_count[0m[2m=[0m2
[2m2026-03-16T01:56:55.248102Z[0m [32m INFO[0m [2mswarmllm::daemon::dispatch[0m[2m:[0m Received shard announce from peer [3mnode_id[0m[2m=[0mf78fbf0fba02769a [3mshards[0m[2m=[0m9
[2m2026-03-16T01:56:55.248128Z[0m [32m INFO[0m [2mswarmllm::network::manager[0m[2m:[0m DIAG: received response [3mpeer[0m[2m=[0m12D3KooWSUjzxjgP5ZfafMxfkMEMEo7RwrF7khpEAKaEMHgJ5Pfv [3mkind[0m[2m=[0m"ack" [3mrequest_id[0m[2m=[0mOutboundRequestId(28) [3mwas_tensor_forward[0m[2m=[0mfalse [3mpending_tensor_out[0m[2m=[0m0
[2m2026-03-16T01:57:07.745589Z[0m [32m INFO[0m [2mswarmllm::model::auto_manage[0m[2m:[0m AutoShardManager: triggered by new HF source or manifest
[2m2026-03-16T01:57:07.836158Z[0m [32m INFO[0m [2mswarmllm::model::auto_manage[0m[2m:[0m DIAG: evaluate_and_prune starting [3mresource_pressure[0m[2m=[0m"0.12" [3mpressure_urgent[0m[2m=[0mfalse
[2m2026-03-16T01:57:14.205514Z[0m [32m INFO[0m [2mswarmllm::network::manager[0m[2m:[0m DIAG: received response [3mpeer[0m[2m=[0m12D3KooWAyFfLinkAgFyQsC2SfHDizZ6yBg6BUUFYDYP1ZRVFaNr [3mkind[0m[2m=[0m"ack" [3mrequest_id[0m[2m=[0mOutboundRequestId(29) [3mwas_tensor_forward[0m[2m=[0mfalse [3mpending_tensor_out[0m[2m=[0m0
[2m2026-03-16T01:57:20.989425Z[0m [32m INFO[0m [2mswarmllm::network::manager[0m[2m:[0m Received request [3mpeer[0m[2m=[0m12D3KooWAyFfLinkAgFyQsC2SfHDizZ6yBg6BUUFYDYP1ZRVFaNr [3mkind[0m[2m=[0m"message"
[2m2026-03-16T01:57:20.989476Z[0m [32m INFO[0m [2mswarmllm::network::manager[0m[2m:[0m Received request [3mpeer[0m[2m=[0m12D3KooWSUjzxjgP5ZfafMxfkMEMEo7RwrF7khpEAKaEMHgJ5Pfv [3mkind[0m[2m=[0m"message"
[2m2026-03-16T01:57:20.989576Z[0m [32m INFO[0m [2mswarmllm::network::manager[0m[2m:[0m DIAG: ResponseSent event — response written to wire [3mpeer[0m[2m=[0m12D3KooWSUjzxjgP5ZfafMxfkMEMEo7RwrF7khpEAKaEMHgJ5Pfv [3mrequest_id[0m[2m=[0mInboundRequestId(30)
[2m2026-03-16T01:57:20.989596Z[0m [32m INFO[0m [2mswarmllm::network::manager[0m[2m:[0m DIAG: ResponseSent event — response written to wire [3mpeer[0m[2m=[0m12D3KooWAyFfLinkAgFyQsC2SfHDizZ6yBg6BUUFYDYP1ZRVFaNr [3mrequest_id[0m[2m=[0mInboundRequestId(29)
[2m2026-03-16T01:57:22.731335Z[0m [32m INFO[0m [2mswarmllm::network::manager[0m[2m:[0m DIAG: received response [3mpeer[0m[2m=[0m12D3KooWSUjzxjgP5ZfafMxfkMEMEo7RwrF7khpEAKaEMHgJ5Pfv [3mkind[0m[2m=[0m"ack" [3mrequest_id[0m[2m=[0mOutboundRequestId(30) [3mwas_tensor_forward[0m[2m=[0mfalse [3mpending_tensor_out[0m[2m=[0m0
[2m2026-03-16T01:57:22.733239Z[0m [32m INFO[0m [2mswarmllm::daemon::dispatch[0m[2m:[0m Received shard announce from peer [3mnode_id[0m[2m=[0mf78fbf0fba02769a [3mshards[0m[2m=[0m9
[2m2026-03-16T01:57:41.484597Z[0m [32m INFO[0m [2mswarmllm::network::manager[0m[2m:[0m Received request [3mpeer[0m[2m=[0m12D3KooWAyFfLinkAgFyQsC2SfHDizZ6yBg6BUUFYDYP1ZRVFaNr [3mkind[0m[2m=[0m"message"
[2m2026-03-16T01:57:41.484856Z[0m [32m INFO[0m [2mswarmllm::network::manager[0m[2m:[0m DIAG: ResponseSent event — response written to wire [3mpeer[0m[2m=[0m12D3KooWAyFfLinkAgFyQsC2SfHDizZ6yBg6BUUFYDYP1ZRVFaNr [3mrequest_id[0m[2m=[0mInboundRequestId(31)
[2m2026-03-16T01:57:41.485767Z[0m [32m INFO[0m [2mswarmllm::network::manager[0m[2m:[0m DIAG: received response [3mpeer[0m[2m=[0m12D3KooWAyFfLinkAgFyQsC2SfHDizZ6yBg6BUUFYDYP1ZRVFaNr [3mkind[0m[2m=[0m"ack" [3mrequest_id[0m[2m=[0mOutboundRequestId(31) [3mwas_tensor_forward[0m[2m=[0mfalse [3mpending_tensor_out[0m[2m=[0m0
[2m2026-03-16T01:57:48.270440Z[0m [32m INFO[0m [2mswarmllm::network::manager[0m[2m:[0m DIAG: rr_ping sent (health check) [3mpeer_id[0m[2m=[0m12D3KooWAyFfLinkAgFyQsC2SfHDizZ6yBg6BUUFYDYP1ZRVFaNr [3moutbound_id[0m[2m=[0mOutboundRequestId(32) [3mseq[0m[2m=[0m3 [3mrr_connected[0m[2m=[0mtrue [3mtotal_peers[0m[2m=[0m2 [3mpending_tensor_out[0m[2m=[0m0
[2m2026-03-16T01:57:48.270504Z[0m [32m INFO[0m [2mswarmllm::network::manager[0m[2m:[0m DIAG: rr_ping sent (health check) [3mpeer_id[0m[2m=[0m12D3KooWSUjzxjgP5ZfafMxfkMEMEo7RwrF7khpEAKaEMHgJ5Pfv [3moutbound_id[0m[2m=[0mOutboundRequestId(33) [3mseq[0m[2m=[0m3 [3mrr_connected[0m[2m=[0mtrue [3mtotal_peers[0m[2m=[0m2 [3mpending_tensor_out[0m[2m=[0m0
[2m2026-03-16T01:57:48.271656Z[0m [32m INFO[0m [2mswarmllm::network::manager[0m[2m:[0m DIAG: received response [3mpeer[0m[2m=[0m12D3KooWSUjzxjgP5ZfafMxfkMEMEo7RwrF7khpEAKaEMHgJ5Pfv [3mkind[0m[2m=[0m"message" [3mrequest_id[0m[2m=[0mOutboundRequestId(33) [3mwas_tensor_forward[0m[2m=[0mfalse [3mpending_tensor_out[0m[2m=[0m0
[2m2026-03-16T01:57:48.271919Z[0m [32m INFO[0m [2mswarmllm::network::manager[0m[2m:[0m DIAG: received response [3mpeer[0m[2m=[0m12D3KooWAyFfLinkAgFyQsC2SfHDizZ6yBg6BUUFYDYP1ZRVFaNr [3mkind[0m[2m=[0m"message" [3mrequest_id[0m[2m=[0mOutboundRequestId(32) [3mwas_tensor_forward[0m[2m=[0mfalse [3mpending_tensor_out[0m[2m=[0m0
[2m2026-03-16T01:57:48.272064Z[0m [32m INFO[0m [2mswarmllm::network::manager[0m[2m:[0m Received request [3mpeer[0m[2m=[0m12D3KooWSUjzxjgP5ZfafMxfkMEMEo7RwrF7khpEAKaEMHgJ5Pfv [3mkind[0m[2m=[0m"message"
[2m2026-03-16T01:57:48.272086Z[0m [32m INFO[0m [2mswarmllm::network::manager[0m[2m:[0m Received request [3mpeer[0m[2m=[0m12D3KooWAyFfLinkAgFyQsC2SfHDizZ6yBg6BUUFYDYP1ZRVFaNr [3mkind[0m[2m=[0m"message"
[2m2026-03-16T01:57:48.272169Z[0m [32m INFO[0m [2mswarmllm::network::manager[0m[2m:[0m DIAG: ResponseSent event — response written to wire [3mpeer[0m[2m=[0m12D3KooWAyFfLinkAgFyQsC2SfHDizZ6yBg6BUUFYDYP1ZRVFaNr [3mrequest_id[0m[2m=[0mInboundRequestId(33)
[2m2026-03-16T01:57:48.272188Z[0m [32m INFO[0m [2mswarmllm::network::manager[0m[2m:[0m DIAG: ResponseSent event — response written to wire [3mpeer[0m[2m=[0m12D3KooWSUjzxjgP5ZfafMxfkMEMEo7RwrF7khpEAKaEMHgJ5Pfv [3mrequest_id[0m[2m=[0mInboundRequestId(32)
[2m2026-03-16T01:57:48.360265Z[0m [32m INFO[0m [2mswarmllm::model::auto_manage[0m[2m:[0m DIAG: evaluate_and_prune starting [3mresource_pressure[0m[2m=[0m"0.12" [3mpressure_urgent[0m[2m=[0mfalse
[2m2026-03-16T01:57:50.079979Z[0m [32m INFO[0m [2mswarmllm::network::manager[0m[2m:[0m Received request [3mpeer[0m[2m=[0m12D3KooWSUjzxjgP5ZfafMxfkMEMEo7RwrF7khpEAKaEMHgJ5Pfv [3mkind[0m[2m=[0m"message"
[2m2026-03-16T01:57:50.080143Z[0m [32m INFO[0m [2mswarmllm::network::manager[0m[2m:[0m DIAG: ResponseSent event — response written to wire [3mpeer[0m[2m=[0m12D3KooWSUjzxjgP5ZfafMxfkMEMEo7RwrF7khpEAKaEMHgJ5Pfv [3mrequest_id[0m[2m=[0mInboundRequestId(34)
[2m2026-03-16T01:57:50.080768Z[0m [32m INFO[0m [2mswarmllm::network::manager[0m[2m:[0m DIAG: received response [3mpeer[0m[2m=[0m12D3KooWSUjzxjgP5ZfafMxfkMEMEo7RwrF7khpEAKaEMHgJ5Pfv [3mkind[0m[2m=[0m"ack" [3mrequest_id[0m[2m=[0mOutboundRequestId(34) [3mwas_tensor_forward[0m[2m=[0mfalse [3mpending_tensor_out[0m[2m=[0m0
[2m2026-03-16T01:57:50.082200Z[0m [32m INFO[0m [2mswarmllm::daemon::dispatch[0m[2m:[0m Received shard announce from peer [3mnode_id[0m[2m=[0mf78fbf0fba02769a [3mshards[0m[2m=[0m9
[2m2026-03-16T01:58:02.294407Z[0m [32m INFO[0m [2mswarmllm::model::auto_manage[0m[2m:[0m AutoShardManager: triggered by new HF source or manifest
[2m2026-03-16T01:58:02.386723Z[0m [32m INFO[0m [2mswarmllm::model::auto_manage[0m[2m:[0m DIAG: evaluate_and_prune starting [3mresource_pressure[0m[2m=[0m"0.12" [3mpressure_urgent[0m[2m=[0mfalse
[2m2026-03-16T01:58:08.698717Z[0m [32m INFO[0m [2mswarmllm::network::manager[0m[2m:[0m DIAG: received response [3mpeer[0m[2m=[0m12D3KooWAyFfLinkAgFyQsC2SfHDizZ6yBg6BUUFYDYP1ZRVFaNr [3mkind[0m[2m=[0m"ack" [3mrequest_id[0m[2m=[0mOutboundRequestId(35) [3mwas_tensor_forward[0m[2m=[0mfalse [3mpending_tensor_out[0m[2m=[0m0
[2m2026-03-16T01:58:15.480289Z[0m [32m INFO[0m [2mswarmllm::network::manager[0m[2m:[0m Received request [3mpeer[0m[2m=[0m12D3KooWSUjzxjgP5ZfafMxfkMEMEo7RwrF7khpEAKaEMHgJ5Pfv [3mkind[0m[2m=[0m"message"
[2m2026-03-16T01:58:15.480500Z[0m [32m INFO[0m [2mswarmllm::network::manager[0m[2m:[0m DIAG: ResponseSent event — response written to wire [3mpeer[0m[2m=[0m12D3KooWSUjzxjgP5ZfafMxfkMEMEo7RwrF7khpEAKaEMHgJ5Pfv [3mrequest_id[0m[2m=[0mInboundRequestId(35)
[2m2026-03-16T01:58:15.480611Z[0m [32m INFO[0m [2mswarmllm::network::manager[0m[2m:[0m Received request [3mpeer[0m[2m=[0m12D3KooWAyFfLinkAgFyQsC2SfHDizZ6yBg6BUUFYDYP1ZRVFaNr [3mkind[0m[2m=[0m"message"
[2m2026-03-16T01:58:15.480799Z[0m [32m INFO[0m [2mswarmllm::network::manager[0m[2m:[0m DIAG: ResponseSent event — response written to wire [3mpeer[0m[2m=[0m12D3KooWAyFfLinkAgFyQsC2SfHDizZ6yBg6BUUFYDYP1ZRVFaNr [3mrequest_id[0m[2m=[0mInboundRequestId(36)
[2m2026-03-16T01:58:17.230556Z[0m [32m INFO[0m [2mswarmllm::network::manager[0m[2m:[0m DIAG: received response [3mpeer[0m[2m=[0m12D3KooWSUjzxjgP5ZfafMxfkMEMEo7RwrF7khpEAKaEMHgJ5Pfv [3mkind[0m[2m=[0m"ack" [3mrequest_id[0m[2m=[0mOutboundRequestId(36) [3mwas_tensor_forward[0m[2m=[0mfalse [3mpending_tensor_out[0m[2m=[0m0
[2m2026-03-16T01:58:17.232200Z[0m [32m INFO[0m [2mswarmllm::daemon::dispatch[0m[2m:[0m Received shard announce from peer [3mnode_id[0m[2m=[0mf78fbf0fba02769a [3mshards[0m[2m=[0m9
[2m2026-03-16T01:58:36.043554Z[0m [32m INFO[0m [2mswarmllm::network::manager[0m[2m:[0m DIAG: received response [3mpeer[0m[2m=[0m12D3KooWAyFfLinkAgFyQsC2SfHDizZ6yBg6BUUFYDYP1ZRVFaNr [3mkind[0m[2m=[0m"ack" [3mrequest_id[0m[2m=[0mOutboundRequestId(37) [3mwas_tensor_forward[0m[2m=[0mfalse [3mpending_tensor_out[0m[2m=[0m0
[2m2026-03-16T01:58:42.826279Z[0m [32m INFO[0m [2mswarmllm::network::manager[0m[2m:[0m Received request [3mpeer[0m[2m=[0m12D3KooWAyFfLinkAgFyQsC2SfHDizZ6yBg6BUUFYDYP1ZRVFaNr [3mkind[0m[2m=[0m"message"
[2m2026-03-16T01:58:42.826438Z[0m [32m INFO[0m [2mswarmllm::network::manager[0m[2m:[0m DIAG: ResponseSent event — response written to wire [3mpeer[0m[2m=[0m12D3KooWAyFfLinkAgFyQsC2SfHDizZ6yBg6BUUFYDYP1ZRVFaNr [3mrequest_id[0m[2m=[0mInboundRequestId(37)
[2m2026-03-16T01:58:42.826466Z[0m [32m INFO[0m [2mswarmllm::network::manager[0m[2m:[0m Received request [3mpeer[0m[2m=[0m12D3KooWSUjzxjgP5ZfafMxfkMEMEo7RwrF7khpEAKaEMHgJ5Pfv [3mkind[0m[2m=[0m"message"
[2m2026-03-16T01:58:42.826542Z[0m [32m INFO[0m [2mswarmllm::network::manager[0m[2m:[0m DIAG: ResponseSent event — response written to wire [3mpeer[0m[2m=[0m12D3KooWSUjzxjgP5ZfafMxfkMEMEo7RwrF7khpEAKaEMHgJ5Pfv [3mrequest_id[0m[2m=[0mInboundRequestId(38)
[2m2026-03-16T01:58:42.916808Z[0m [32m INFO[0m [2mswarmllm::model::auto_manage[0m[2m:[0m DIAG: evaluate_and_prune starting [3mresource_pressure[0m[2m=[0m"0.12" [3mpressure_urgent[0m[2m=[0mfalse
[2m2026-03-16T01:58:44.569153Z[0m [32m INFO[0m [2mswarmllm::network::manager[0m[2m:[0m DIAG: received response [3mpeer[0m[2m=[0m12D3KooWSUjzxjgP5ZfafMxfkMEMEo7RwrF7khpEAKaEMHgJ5Pfv [3mkind[0m[2m=[0m"ack" [3mrequest_id[0m[2m=[0mOutboundRequestId(38) [3mwas_tensor_forward[0m[2m=[0mfalse [3mpending_tensor_out[0m[2m=[0m0
[2m2026-03-16T01:58:44.570541Z[0m [32m INFO[0m [2mswarmllm::daemon::dispatch[0m[2m:[0m Received shard announce from peer [3mnode_id[0m[2m=[0mf78fbf0fba02769a [3mshards[0m[2m=[0m9
[2m2026-03-16T01:59:03.185426Z[0m [32m INFO[0m [2mswarmllm::network::manager[0m[2m:[0m DIAG: received response [3mpeer[0m[2m=[0m12D3KooWAyFfLinkAgFyQsC2SfHDizZ6yBg6BUUFYDYP1ZRVFaNr [3mkind[0m[2m=[0m"ack" [3mrequest_id[0m[2m=[0mOutboundRequestId(39) [3mwas_tensor_forward[0m[2m=[0mfalse [3mpending_tensor_out[0m[2m=[0m0
[2m2026-03-16T01:59:09.970776Z[0m [32m INFO[0m [2mswarmllm::network::manager[0m[2m:[0m Received request [3mpeer[0m[2m=[0m12D3KooWSUjzxjgP5ZfafMxfkMEMEo7RwrF7khpEAKaEMHgJ5Pfv [3mkind[0m[2m=[0m"message"
[2m2026-03-16T01:59:09.970832Z[0m [32m INFO[0m [2mswarmllm::network::manager[0m[2m:[0m Received request [3mpeer[0m[2m=[0m12D3KooWAyFfLinkAgFyQsC2SfHDizZ6yBg6BUUFYDYP1ZRVFaNr [3mkind[0m[2m=[0m"message"
[2m2026-03-16T01:59:09.970938Z[0m [32m INFO[0m [2mswarmllm::network::manager[0m[2m:[0m DIAG: ResponseSent event — response written to wire [3mpeer[0m[2m=[0m12D3KooWAyFfLinkAgFyQsC2SfHDizZ6yBg6BUUFYDYP1ZRVFaNr [3mrequest_id[0m[2m=[0mInboundRequestId(40)
[2m2026-03-16T01:59:09.970966Z[0m [32m INFO[0m [2mswarmllm::network::manager[0m[2m:[0m DIAG: ResponseSent event — response written to wire [3mpeer[0m[2m=[0m12D3KooWSUjzxjgP5ZfafMxfkMEMEo7RwrF7khpEAKaEMHgJ5Pfv [3mrequest_id[0m[2m=[0mInboundRequestId(39)
[2m2026-03-16T01:59:11.712001Z[0m [32m INFO[0m [2mswarmllm::network::manager[0m[2m:[0m DIAG: received response [3mpeer[0m[2m=[0m12D3KooWSUjzxjgP5ZfafMxfkMEMEo7RwrF7khpEAKaEMHgJ5Pfv [3mkind[0m[2m=[0m"ack" [3mrequest_id[0m[2m=[0mOutboundRequestId(40) [3mwas_tensor_forward[0m[2m=[0mfalse [3mpending_tensor_out[0m[2m=[0m0
[2m2026-03-16T01:59:11.713580Z[0m [32m INFO[0m [2mswarmllm::daemon::dispatch[0m[2m:[0m Received shard announce from peer [3mnode_id[0m[2m=[0mf78fbf0fba02769a [3mshards[0m[2m=[0m9
[2m2026-03-16T01:59:24.102794Z[0m [32m INFO[0m [2mswarmllm::model::auto_manage[0m[2m:[0m AutoShardManager: triggered by new HF source or manifest
[2m2026-03-16T01:59:24.192545Z[0m [32m INFO[0m [2mswarmllm::model::auto_manage[0m[2m:[0m DIAG: evaluate_and_prune starting [3mresource_pressure[0m[2m=[0m"0.12" [3mpressure_urgent[0m[2m=[0mfalse
[2m2026-03-16T01:59:30.618895Z[0m [32m INFO[0m [2mswarmllm::network::manager[0m[2m:[0m Received request [3mpeer[0m[2m=[0m12D3KooWAyFfLinkAgFyQsC2SfHDizZ6yBg6BUUFYDYP1ZRVFaNr [3mkind[0m[2m=[0m"message"
[2m2026-03-16T01:59:30.619176Z[0m [32m INFO[0m [2mswarmllm::network::manager[0m[2m:[0m DIAG: ResponseSent event — response written to wire [3mpeer[0m[2m=[0m12D3KooWAyFfLinkAgFyQsC2SfHDizZ6yBg6BUUFYDYP1ZRVFaNr [3mrequest_id[0m[2m=[0mInboundRequestId(41)
[2m2026-03-16T01:59:30.619736Z[0m [32m INFO[0m [2mswarmllm::network::manager[0m[2m:[0m DIAG: received response [3mpeer[0m[2m=[0m12D3KooWAyFfLinkAgFyQsC2SfHDizZ6yBg6BUUFYDYP1ZRVFaNr [3mkind[0m[2m=[0m"ack" [3mrequest_id[0m[2m=[0mOutboundRequestId(41) [3mwas_tensor_forward[0m[2m=[0mfalse [3mpending_tensor_out[0m[2m=[0m0
[2m2026-03-16T01:59:37.351069Z[0m [32m INFO[0m [2mswarmllm::network::manager[0m[2m:[0m DIAG: rr_ping sent (health check) [3mpeer_id[0m[2m=[0m12D3KooWAyFfLinkAgFyQsC2SfHDizZ6yBg6BUUFYDYP1ZRVFaNr [3moutbound_id[0m[2m=[0mOutboundRequestId(42) [3mseq[0m[2m=[0m4 [3mrr_connected[0m[2m=[0mtrue [3mtotal_peers[0m[2m=[0m2 [3mpending_tensor_out[0m[2m=[0m0
[2m2026-03-16T01:59:37.351119Z[0m [32m INFO[0m [2mswarmllm::network::manager[0m[2m:[0m DIAG: rr_ping sent (health check) [3mpeer_id[0m[2m=[0m12D3KooWSUjzxjgP5ZfafMxfkMEMEo7RwrF7khpEAKaEMHgJ5Pfv [3moutbound_id[0m[2m=[0mOutboundRequestId(43) [3mseq[0m[2m=[0m4 [3mrr_connected[0m[2m=[0mtrue [3mtotal_peers[0m[2m=[0m2 [3mpending_tensor_out[0m[2m=[0m0
[2m2026-03-16T01:59:37.352364Z[0m [32m INFO[0m [2mswarmllm::network::manager[0m[2m:[0m DIAG: received response [3mpeer[0m[2m=[0m12D3KooWAyFfLinkAgFyQsC2SfHDizZ6yBg6BUUFYDYP1ZRVFaNr [3mkind[0m[2m=[0m"message" [3mrequest_id[0m[2m=[0mOutboundRequestId(42) [3mwas_tensor_forward[0m[2m=[0mfalse [3mpending_tensor_out[0m[2m=[0m0
[2m2026-03-16T01:59:37.352413Z[0m [32m INFO[0m [2mswarmllm::network::manager[0m[2m:[0m DIAG: received response [3mpeer[0m[2m=[0m12D3KooWSUjzxjgP5ZfafMxfkMEMEo7RwrF7khpEAKaEMHgJ5Pfv [3mkind[0m[2m=[0m"message" [3mrequest_id[0m[2m=[0mOutboundRequestId(43) [3mwas_tensor_forward[0m[2m=[0mfalse [3mpending_tensor_out[0m[2m=[0m0
[2m2026-03-16T01:59:37.352513Z[0m [32m INFO[0m [2mswarmllm::network::manager[0m[2m:[0m Received request [3mpeer[0m[2m=[0m12D3KooWAyFfLinkAgFyQsC2SfHDizZ6yBg6BUUFYDYP1ZRVFaNr [3mkind[0m[2m=[0m"message"
[2m2026-03-16T01:59:37.352664Z[0m [32m INFO[0m [2mswarmllm::network::manager[0m[2m:[0m DIAG: ResponseSent event — response written to wire [3mpeer[0m[2m=[0m12D3KooWAyFfLinkAgFyQsC2SfHDizZ6yBg6BUUFYDYP1ZRVFaNr [3mrequest_id[0m[2m=[0mInboundRequestId(42)
[2m2026-03-16T01:59:37.352696Z[0m [32m INFO[0m [2mswarmllm::network::manager[0m[2m:[0m Received request [3mpeer[0m[2m=[0m12D3KooWSUjzxjgP5ZfafMxfkMEMEo7RwrF7khpEAKaEMHgJ5Pfv [3mkind[0m[2m=[0m"message"
[2m2026-03-16T01:59:37.352839Z[0m [32m INFO[0m [2mswarmllm::network::manager[0m[2m:[0m DIAG: ResponseSent event — response written to wire [3mpeer[0m[2m=[0m12D3KooWSUjzxjgP5ZfafMxfkMEMEo7RwrF7khpEAKaEMHgJ5Pfv [3mrequest_id[0m[2m=[0mInboundRequestId(43)
[2m2026-03-16T01:59:37.443482Z[0m [32m INFO[0m [2mswarmllm::model::auto_manage[0m[2m:[0m DIAG: evaluate_and_prune starting [3mresource_pressure[0m[2m=[0m"0.12" [3mpressure_urgent[0m[2m=[0mfalse
[2m2026-03-16T01:59:39.092484Z[0m [32m INFO[0m [2mswarmllm::network::manager[0m[2m:[0m Received request [3mpeer[0m[2m=[0m12D3KooWSUjzxjgP5ZfafMxfkMEMEo7RwrF7khpEAKaEMHgJ5Pfv [3mkind[0m[2m=[0m"message"
[2m2026-03-16T01:59:39.092648Z[0m [32m INFO[0m [2mswarmllm::network::manager[0m[2m:[0m DIAG: ResponseSent event — response written to wire [3mpeer[0m[2m=[0m12D3KooWSUjzxjgP5ZfafMxfkMEMEo7RwrF7khpEAKaEMHgJ5Pfv [3mrequest_id[0m[2m=[0mInboundRequestId(44)
[2m2026-03-16T01:59:39.093216Z[0m [32m INFO[0m [2mswarmllm::network::manager[0m[2m:[0m DIAG: received response [3mpeer[0m[2m=[0m12D3KooWSUjzxjgP5ZfafMxfkMEMEo7RwrF7khpEAKaEMHgJ5Pfv [3mkind[0m[2m=[0m"ack" [3mrequest_id[0m[2m=[0mOutboundRequestId(44) [3mwas_tensor_forward[0m[2m=[0mfalse [3mpending_tensor_out[0m[2m=[0m0
[2m2026-03-16T01:59:39.095109Z[0m [32m INFO[0m [2mswarmllm::daemon::dispatch[0m[2m:[0m Received shard announce from peer [3mnode_id[0m[2m=[0mf78fbf0fba02769a [3mshards[0m[2m=[0m9
[2m2026-03-16T01:59:57.677754Z[0m [32m INFO[0m [2mswarmllm::network::manager[0m[2m:[0m DIAG: received response [3mpeer[0m[2m=[0m12D3KooWAyFfLinkAgFyQsC2SfHDizZ6yBg6BUUFYDYP1ZRVFaNr [3mkind[0m[2m=[0m"ack" [3mrequest_id[0m[2m=[0mOutboundRequestId(45) [3mwas_tensor_forward[0m[2m=[0mfalse [3mpending_tensor_out[0m[2m=[0m0
[2m2026-03-16T02:00:04.464579Z[0m [32m INFO[0m [2mswarmllm::network::manager[0m[2m:[0m Received request [3mpeer[0m[2m=[0m12D3KooWSUjzxjgP5ZfafMxfkMEMEo7RwrF7khpEAKaEMHgJ5Pfv [3mkind[0m[2m=[0m"message"
[2m2026-03-16T02:00:04.464654Z[0m [32m INFO[0m [2mswarmllm::network::manager[0m[2m:[0m Received request [3mpeer[0m[2m=[0m12D3KooWAyFfLinkAgFyQsC2SfHDizZ6yBg6BUUFYDYP1ZRVFaNr [3mkind[0m[2m=[0m"message"
[2m2026-03-16T02:00:04.464733Z[0m [32m INFO[0m [2mswarmllm::network::manager[0m[2m:[0m DIAG: ResponseSent event — response written to wire [3mpeer[0m[2m=[0m12D3KooWSUjzxjgP5ZfafMxfkMEMEo7RwrF7khpEAKaEMHgJ5Pfv [3mrequest_id[0m[2m=[0mInboundRequestId(45)
[2m2026-03-16T02:00:04.464820Z[0m [32m INFO[0m [2mswarmllm::network::manager[0m[2m:[0m DIAG: ResponseSent event — response written to wire [3mpeer[0m[2m=[0m12D3KooWAyFfLinkAgFyQsC2SfHDizZ6yBg6BUUFYDYP1ZRVFaNr [3mrequest_id[0m[2m=[0mInboundRequestId(46)
[2m2026-03-16T02:00:06.226146Z[0m [32m INFO[0m [2mswarmllm::network::manager[0m[2m:[0m DIAG: received response [3mpeer[0m[2m=[0m12D3KooWSUjzxjgP5ZfafMxfkMEMEo7RwrF7khpEAKaEMHgJ5Pfv [3mkind[0m[2m=[0m"ack" [3mrequest_id[0m[2m=[0mOutboundRequestId(46) [3mwas_tensor_forward[0m[2m=[0mfalse [3mpending_tensor_out[0m[2m=[0m0
[2m2026-03-16T02:00:06.227832Z[0m [32m INFO[0m [2mswarmllm::daemon::dispatch[0m[2m:[0m Received shard announce from peer [3mnode_id[0m[2m=[0mf78fbf0fba02769a [3mshards[0m[2m=[0m9
[2m2026-03-16T02:00:18.661876Z[0m [32m INFO[0m [2mswarmllm::model::auto_manage[0m[2m:[0m AutoShardManager: triggered by new HF source or manifest
[2m2026-03-16T02:00:18.754890Z[0m [32m INFO[0m [2mswarmllm::model::auto_manage[0m[2m:[0m DIAG: evaluate_and_prune starting [3mresource_pressure[0m[2m=[0m"0.12" [3mpressure_urgent[0m[2m=[0mfalse
[2m2026-03-16T02:00:25.121062Z[0m [32m INFO[0m [2mswarmllm::network::manager[0m[2m:[0m DIAG: received response [3mpeer[0m[2m=[0m12D3KooWAyFfLinkAgFyQsC2SfHDizZ6yBg6BUUFYDYP1ZRVFaNr [3mkind[0m[2m=[0m"ack" [3mrequest_id[0m[2m=[0mOutboundRequestId(47) [3mwas_tensor_forward[0m[2m=[0mfalse [3mpending_tensor_out[0m[2m=[0m0
[2m2026-03-16T02:00:31.897062Z[0m [32m INFO[0m [2mswarmllm::network::manager[0m[2m:[0m Received request [3mpeer[0m[2m=[0m12D3KooWAyFfLinkAgFyQsC2SfHDizZ6yBg6BUUFYDYP1ZRVFaNr [3mkind[0m[2m=[0m"message"
[2m2026-03-16T02:00:31.897147Z[0m [32m INFO[0m [2mswarmllm::network::manager[0m[2m:[0m Received request [3mpeer[0m[2m=[0m12D3KooWSUjzxjgP5ZfafMxfkMEMEo7RwrF7khpEAKaEMHgJ5Pfv [3mkind[0m[2m=[0m"message"
[2m2026-03-16T02:00:31.897254Z[0m [32m INFO[0m [2mswarmllm::network::manager[0m[2m:[0m DIAG: ResponseSent event — response written to wire [3mpeer[0m[2m=[0m12D3KooWSUjzxjgP5ZfafMxfkMEMEo7RwrF7khpEAKaEMHgJ5Pfv [3mrequest_id[0m[2m=[0mInboundRequestId(48)
[2m2026-03-16T02:00:31.897314Z[0m [32m INFO[0m [2mswarmllm::network::manager[0m[2m:[0m DIAG: ResponseSent event — response written to wire [3mpeer[0m[2m=[0m12D3KooWAyFfLinkAgFyQsC2SfHDizZ6yBg6BUUFYDYP1ZRVFaNr [3mrequest_id[0m[2m=[0mInboundRequestId(47)
[2m2026-03-16T02:00:31.986482Z[0m [32m INFO[0m [2mswarmllm::model::auto_manage[0m[2m:[0m DIAG: evaluate_and_prune starting [3mresource_pressure[0m[2m=[0m"0.12" [3mpressure_urgent[0m[2m=[0mfalse
[2m2026-03-16T02:00:33.630304Z[0m [32m INFO[0m [2mswarmllm::network::manager[0m[2m:[0m DIAG: received response [3mpeer[0m[2m=[0m12D3KooWSUjzxjgP5ZfafMxfkMEMEo7RwrF7khpEAKaEMHgJ5Pfv [3mkind[0m[2m=[0m"ack" [3mrequest_id[0m[2m=[0mOutboundRequestId(48) [3mwas_tensor_forward[0m[2m=[0mfalse [3mpending_tensor_out[0m[2m=[0m0
[2m2026-03-16T02:00:33.631812Z[0m [32m INFO[0m [2mswarmllm::daemon::dispatch[0m[2m:[0m Received shard announce from peer [3mnode_id[0m[2m=[0mf78fbf0fba02769a [3mshards[0m[2m=[0m9
[2m2026-03-16T02:00:52.163112Z[0m [32m INFO[0m [2mswarmllm::network::manager[0m[2m:[0m DIAG: received response [3mpeer[0m[2m=[0m12D3KooWAyFfLinkAgFyQsC2SfHDizZ6yBg6BUUFYDYP1ZRVFaNr [3mkind[0m[2m=[0m"ack" [3mrequest_id[0m[2m=[0mOutboundRequestId(49) [3mwas_tensor_forward[0m[2m=[0mfalse [3mpending_tensor_out[0m[2m=[0m0
[2m2026-03-16T02:00:58.949978Z[0m [32m INFO[0m [2mswarmllm::network::manager[0m[2m:[0m Received request [3mpeer[0m[2m=[0m12D3KooWSUjzxjgP5ZfafMxfkMEMEo7RwrF7khpEAKaEMHgJ5Pfv [3mkind[0m[2m=[0m"message"
[2m2026-03-16T02:00:58.950066Z[0m [32m INFO[0m [2mswarmllm::network::manager[0m[2m:[0m Received request [3mpeer[0m[2m=[0m12D3KooWAyFfLinkAgFyQsC2SfHDizZ6yBg6BUUFYDYP1ZRVFaNr [3mkind[0m[2m=[0m"message"
[2m2026-03-16T02:00:58.950145Z[0m [32m INFO[0m [2mswarmllm::network::manager[0m[2m:[0m DIAG: ResponseSent event — response written to wire [3mpeer[0m[2m=[0m12D3KooWAyFfLinkAgFyQsC2SfHDizZ6yBg6BUUFYDYP1ZRVFaNr [3mrequest_id[0m[2m=[0mInboundRequestId(49)
[2m2026-03-16T02:00:58.950170Z[0m [32m INFO[0m [2mswarmllm::network::manager[0m[2m:[0m DIAG: ResponseSent event — response written to wire [3mpeer[0m[2m=[0m12D3KooWSUjzxjgP5ZfafMxfkMEMEo7RwrF7khpEAKaEMHgJ5Pfv [3mrequest_id[0m[2m=[0mInboundRequestId(50)
[2m2026-03-16T02:01:00.691724Z[0m [32m INFO[0m [2mswarmllm::network::manager[0m[2m:[0m DIAG: received response [3mpeer[0m[2m=[0m12D3KooWSUjzxjgP5ZfafMxfkMEMEo7RwrF7khpEAKaEMHgJ5Pfv [3mkind[0m[2m=[0m"ack" [3mrequest_id[0m[2m=[0mOutboundRequestId(50) [3mwas_tensor_forward[0m[2m=[0mfalse [3mpending_tensor_out[0m[2m=[0m0
[2m2026-03-16T02:01:00.693301Z[0m [32m INFO[0m [2mswarmllm::daemon::dispatch[0m[2m:[0m Received shard announce from peer [3mnode_id[0m[2m=[0mf78fbf0fba02769a [3mshards[0m[2m=[0m9
[2m2026-03-16T02:01:19.669909Z[0m [32m INFO[0m [2mswarmllm::network::manager[0m[2m:[0m DIAG: received response [3mpeer[0m[2m=[0m12D3KooWAyFfLinkAgFyQsC2SfHDizZ6yBg6BUUFYDYP1ZRVFaNr [3mkind[0m[2m=[0m"ack" [3mrequest_id[0m[2m=[0mOutboundRequestId(51) [3mwas_tensor_forward[0m[2m=[0mfalse [3mpending_tensor_out[0m[2m=[0m0
[2m2026-03-16T02:01:19.670103Z[0m [32m INFO[0m [2mswarmllm::network::manager[0m[2m:[0m Received request [3mpeer[0m[2m=[0m12D3KooWAyFfLinkAgFyQsC2SfHDizZ6yBg6BUUFYDYP1ZRVFaNr [3mkind[0m[2m=[0m"message"
[2m2026-03-16T02:01:19.670128Z[0m [32m INFO[0m [2mswarmllm::network::manager[0m[2m:[0m Received request [3mpeer[0m[2m=[0m12D3KooWAyFfLinkAgFyQsC2SfHDizZ6yBg6BUUFYDYP1ZRVFaNr [3mkind[0m[2m=[0m"message"
[2m2026-03-16T02:01:19.670309Z[0m [32m INFO[0m [2mswarmllm::network::manager[0m[2m:[0m DIAG: ResponseSent event — response written to wire [3mpeer[0m[2m=[0m12D3KooWAyFfLinkAgFyQsC2SfHDizZ6yBg6BUUFYDYP1ZRVFaNr [3mrequest_id[0m[2m=[0mInboundRequestId(51)
[2m2026-03-16T02:01:19.670354Z[0m [32m INFO[0m [2mswarmllm::network::manager[0m[2m:[0m DIAG: ResponseSent event — response written to wire [3mpeer[0m[2m=[0m12D3KooWAyFfLinkAgFyQsC2SfHDizZ6yBg6BUUFYDYP1ZRVFaNr [3mrequest_id[0m[2m=[0mInboundRequestId(52)
[2m2026-03-16T02:01:19.671298Z[0m [32m INFO[0m [2mswarmllm::network::manager[0m[2m:[0m DIAG: received response [3mpeer[0m[2m=[0m12D3KooWAyFfLinkAgFyQsC2SfHDizZ6yBg6BUUFYDYP1ZRVFaNr [3mkind[0m[2m=[0m"ack" [3mrequest_id[0m[2m=[0mOutboundRequestId(52) [3mwas_tensor_forward[0m[2m=[0mfalse [3mpending_tensor_out[0m[2m=[0m0
[2m2026-03-16T02:01:26.450578Z[0m [32m INFO[0m [2mswarmllm::crypto::key_rotation[0m[2m:[0m DIAG: key rotation tick (re-keying) [3mactive_sessions[0m[2m=[0m2 [3mrekey_initiated[0m[2m=[0m2
[2m2026-03-16T02:01:26.450631Z[0m [32m INFO[0m [2mswarmllm::credit::ledger[0m[2m:[0m Gossiping credit balance [3mbalance_bucket[0m[2m=[0m4500 [3mtier[0m[2m=[0mSilver
[2m2026-03-16T02:01:26.451271Z[0m [32m INFO[0m [2mswarmllm::network::peer_cache[0m[2m:[0m Loaded cached peers from last session [3mcount[0m[2m=[0m3
[2m2026-03-16T02:01:26.459484Z[0m [32m INFO[0m [2mswarmllm::network::manager[0m[2m:[0m DIAG: rr_ping sent (health check) [3mpeer_id[0m[2m=[0m12D3KooWAyFfLinkAgFyQsC2SfHDizZ6yBg6BUUFYDYP1ZRVFaNr [3moutbound_id[0m[2m=[0mOutboundRequestId(53) [3mseq[0m[2m=[0m5 [3mrr_connected[0m[2m=[0mtrue [3mtotal_peers[0m[2m=[0m2 [3mpending_tensor_out[0m[2m=[0m0
[2m2026-03-16T02:01:26.459528Z[0m [32m INFO[0m [2mswarmllm::network::manager[0m[2m:[0m DIAG: rr_ping sent (health check) [3mpeer_id[0m[2m=[0m12D3KooWSUjzxjgP5ZfafMxfkMEMEo7RwrF7khpEAKaEMHgJ5Pfv [3moutbound_id[0m[2m=[0mOutboundRequestId(54) [3mseq[0m[2m=[0m5 [3mrr_connected[0m[2m=[0mtrue [3mtotal_peers[0m[2m=[0m2 [3mpending_tensor_out[0m[2m=[0m0
[2m2026-03-16T02:01:26.459652Z[0m [32m INFO[0m [2mswarmllm::network::manager[0m[2m:[0m DIAG: key exchange initiated [3mpeer_id[0m[2m=[0m12D3KooWAyFfLinkAgFyQsC2SfHDizZ6yBg6BUUFYDYP1ZRVFaNr [3mnode_id[0m[2m=[0m11228e88372ae2f0 [3msession_type[0m[2m=[0m"static"
[2m2026-03-16T02:01:26.459738Z[0m [32m INFO[0m [2mswarmllm::network::manager[0m[2m:[0m DIAG: encryption session established [3mpeer_id[0m[2m=[0m12D3KooWAyFfLinkAgFyQsC2SfHDizZ6yBg6BUUFYDYP1ZRVFaNr [3mnode_id[0m[2m=[0m11228e88372ae2f0 [3msession_type[0m[2m=[0m"static" [3msession_count[0m[2m=[0m2
[2m2026-03-16T02:01:26.460741Z[0m [32m INFO[0m [2mswarmllm::network::manager[0m[2m:[0m DIAG: received response [3mpeer[0m[2m=[0m12D3KooWAyFfLinkAgFyQsC2SfHDizZ6yBg6BUUFYDYP1ZRVFaNr [3mkind[0m[2m=[0m"message" [3mrequest_id[0m[2m=[0mOutboundRequestId(53) [3mwas_tensor_forward[0m[2m=[0mfalse [3mpending_tensor_out[0m[2m=[0m0
[2m2026-03-16T02:01:26.462471Z[0m [32m INFO[0m [2mswarmllm::network::manager[0m[2m:[0m Received request [3mpeer[0m[2m=[0m12D3KooWSUjzxjgP5ZfafMxfkMEMEo7RwrF7khpEAKaEMHgJ5Pfv [3mkind[0m[2m=[0m"message"
[2m2026-03-16T02:01:26.462625Z[0m [32m INFO[0m [2mswarmllm::network::manager[0m[2m:[0m DIAG: ResponseSent event — response written to wire [3mpeer[0m[2m=[0m12D3KooWSUjzxjgP5ZfafMxfkMEMEo7RwrF7khpEAKaEMHgJ5Pfv [3mrequest_id[0m[2m=[0mInboundRequestId(53)
[2m2026-03-16T02:01:26.462985Z[0m [32m INFO[0m [2mswarmllm::network::manager[0m[2m:[0m DIAG: received response [3mpeer[0m[2m=[0m12D3KooWSUjzxjgP5ZfafMxfkMEMEo7RwrF7khpEAKaEMHgJ5Pfv [3mkind[0m[2m=[0m"message" [3mrequest_id[0m[2m=[0mOutboundRequestId(54) [3mwas_tensor_forward[0m[2m=[0mfalse [3mpending_tensor_out[0m[2m=[0m0
[2m2026-03-16T02:01:26.463007Z[0m [32m INFO[0m [2mswarmllm::network::manager[0m[2m:[0m DIAG: received response [3mpeer[0m[2m=[0m12D3KooWSUjzxjgP5ZfafMxfkMEMEo7RwrF7khpEAKaEMHgJ5Pfv [3mkind[0m[2m=[0m"ack" [3mrequest_id[0m[2m=[0mOutboundRequestId(55) [3mwas_tensor_forward[0m[2m=[0mfalse [3mpending_tensor_out[0m[2m=[0m0
[2m2026-03-16T02:01:26.463721Z[0m [32m INFO[0m [2mswarmllm::network::manager[0m[2m:[0m Received request [3mpeer[0m[2m=[0m12D3KooWSUjzxjgP5ZfafMxfkMEMEo7RwrF7khpEAKaEMHgJ5Pfv [3mkind[0m[2m=[0m"message"
[2m2026-03-16T02:01:26.463766Z[0m [32m INFO[0m [2mswarmllm::network::manager[0m[2m:[0m DIAG: received response [3mpeer[0m[2m=[0m12D3KooWAyFfLinkAgFyQsC2SfHDizZ6yBg6BUUFYDYP1ZRVFaNr [3mkind[0m[2m=[0m"ack" [3mrequest_id[0m[2m=[0mOutboundRequestId(56) [3mwas_tensor_forward[0m[2m=[0mfalse [3mpending_tensor_out[0m[2m=[0m0
[2m2026-03-16T02:01:26.463789Z[0m [32m INFO[0m [2mswarmllm::network::manager[0m[2m:[0m DIAG: ResponseSent event — response written to wire [3mpeer[0m[2m=[0m12D3KooWSUjzxjgP5ZfafMxfkMEMEo7RwrF7khpEAKaEMHgJ5Pfv [3mrequest_id[0m[2m=[0mInboundRequestId(54)
[2m2026-03-16T02:01:26.464080Z[0m [32m INFO[0m [2mswarmllm::network::manager[0m[2m:[0m Received request [3mpeer[0m[2m=[0m12D3KooWAyFfLinkAgFyQsC2SfHDizZ6yBg6BUUFYDYP1ZRVFaNr [3mkind[0m[2m=[0m"message"
[2m2026-03-16T02:01:26.464250Z[0m [32m INFO[0m [2mswarmllm::network::manager[0m[2m:[0m DIAG: ResponseSent event — response written to wire [3mpeer[0m[2m=[0m12D3KooWAyFfLinkAgFyQsC2SfHDizZ6yBg6BUUFYDYP1ZRVFaNr [3mrequest_id[0m[2m=[0mInboundRequestId(55)
[2m2026-03-16T02:01:26.464359Z[0m [32m INFO[0m [2mswarmllm::network::manager[0m[2m:[0m Received request [3mpeer[0m[2m=[0m12D3KooWAyFfLinkAgFyQsC2SfHDizZ6yBg6BUUFYDYP1ZRVFaNr [3mkind[0m[2m=[0m"message"
[2m2026-03-16T02:01:26.464481Z[0m [32m INFO[0m [2mswarmllm::network::manager[0m[2m:[0m DIAG: ResponseSent event — response written to wire [3mpeer[0m[2m=[0m12D3KooWAyFfLinkAgFyQsC2SfHDizZ6yBg6BUUFYDYP1ZRVFaNr [3mrequest_id[0m[2m=[0mInboundRequestId(56)
[2m2026-03-16T02:01:26.552652Z[0m [32m INFO[0m [2mswarmllm::model::auto_manage[0m[2m:[0m DIAG: evaluate_and_prune starting [3mresource_pressure[0m[2m=[0m"0.12" [3mpressure_urgent[0m[2m=[0mfalse
[2m2026-03-16T02:01:28.199074Z[0m [32m INFO[0m [2mswarmllm::daemon::dispatch[0m[2m:[0m Received shard announce from peer [3mnode_id[0m[2m=[0mf78fbf0fba02769a [3mshards[0m[2m=[0m9
[2m2026-03-16T02:01:28.199242Z[0m [32m INFO[0m [2mswarmllm::network::manager[0m[2m:[0m Received request [3mpeer[0m[2m=[0m12D3KooWSUjzxjgP5ZfafMxfkMEMEo7RwrF7khpEAKaEMHgJ5Pfv [3mkind[0m[2m=[0m"message"
[2m2026-03-16T02:01:28.199287Z[0m [32m INFO[0m [2mswarmllm::network::manager[0m[2m:[0m DIAG: key exchange initiated [3mpeer_id[0m[2m=[0m12D3KooWSUjzxjgP5ZfafMxfkMEMEo7RwrF7khpEAKaEMHgJ5Pfv [3mnode_id[0m[2m=[0mf78fbf0fba02769a [3msession_type[0m[2m=[0m"static"
[2m2026-03-16T02:01:28.199366Z[0m [32m INFO[0m [2mswarmllm::network::manager[0m[2m:[0m DIAG: encryption session established [3mpeer_id[0m[2m=[0m12D3KooWSUjzxjgP5ZfafMxfkMEMEo7RwrF7khpEAKaEMHgJ5Pfv [3mnode_id[0m[2m=[0mf78fbf0fba02769a [3msession_type[0m[2m=[0m"static" [3msession_count[0m[2m=[0m2
[2m2026-03-16T02:01:28.199384Z[0m [32m INFO[0m [2mswarmllm::network::manager[0m[2m:[0m Received request [3mpeer[0m[2m=[0m12D3KooWSUjzxjgP5ZfafMxfkMEMEo7RwrF7khpEAKaEMHgJ5Pfv [3mkind[0m[2m=[0m"message"
[2m2026-03-16T02:01:28.199502Z[0m [32m INFO[0m [2mswarmllm::network::manager[0m[2m:[0m DIAG: ResponseSent event — response written to wire [3mpeer[0m[2m=[0m12D3KooWSUjzxjgP5ZfafMxfkMEMEo7RwrF7khpEAKaEMHgJ5Pfv [3mrequest_id[0m[2m=[0mInboundRequestId(57)
[2m2026-03-16T02:01:28.199536Z[0m [32m INFO[0m [2mswarmllm::network::manager[0m[2m:[0m DIAG: ResponseSent event — response written to wire [3mpeer[0m[2m=[0m12D3KooWSUjzxjgP5ZfafMxfkMEMEo7RwrF7khpEAKaEMHgJ5Pfv [3mrequest_id[0m[2m=[0mInboundRequestId(58)
[2m2026-03-16T02:01:28.200200Z[0m [32m INFO[0m [2mswarmllm::network::manager[0m[2m:[0m DIAG: received response [3mpeer[0m[2m=[0m12D3KooWSUjzxjgP5ZfafMxfkMEMEo7RwrF7khpEAKaEMHgJ5Pfv [3mkind[0m[2m=[0m"ack" [3mrequest_id[0m[2m=[0mOutboundRequestId(57) [3mwas_tensor_forward[0m[2m=[0mfalse [3mpending_tensor_out[0m[2m=[0m0
[2m2026-03-16T02:01:28.200657Z[0m [32m INFO[0m [2mswarmllm::network::manager[0m[2m:[0m DIAG: received response [3mpeer[0m[2m=[0m12D3KooWSUjzxjgP5ZfafMxfkMEMEo7RwrF7khpEAKaEMHgJ5Pfv [3mkind[0m[2m=[0m"ack" [3mrequest_id[0m[2m=[0mOutboundRequestId(58) [3mwas_tensor_forward[0m[2m=[0mfalse [3mpending_tensor_out[0m[2m=[0m0
[2m2026-03-16T02:01:45.486296Z[0m [32m INFO[0m [2mswarmllm::model::auto_manage[0m[2m:[0m AutoShardManager: triggered by new HF source or manifest
[2m2026-03-16T02:01:45.582500Z[0m [32m INFO[0m [2mswarmllm::model::auto_manage[0m[2m:[0m DIAG: evaluate_and_prune starting [3mresource_pressure[0m[2m=[0m"0.12" [3mpressure_urgent[0m[2m=[0mfalse
[2m2026-03-16T02:01:46.655335Z[0m [32m INFO[0m [2mswarmllm::network::manager[0m[2m:[0m DIAG: received response [3mpeer[0m[2m=[0m12D3KooWAyFfLinkAgFyQsC2SfHDizZ6yBg6BUUFYDYP1ZRVFaNr [3mkind[0m[2m=[0m"ack" [3mrequest_id[0m[2m=[0mOutboundRequestId(59) [3mwas_tensor_forward[0m[2m=[0mfalse [3mpending_tensor_out[0m[2m=[0m0
[2m2026-03-16T02:01:53.438849Z[0m [32m INFO[0m [2mswarmllm::network::manager[0m[2m:[0m Received request [3mpeer[0m[2m=[0m12D3KooWSUjzxjgP5ZfafMxfkMEMEo7RwrF7khpEAKaEMHgJ5Pfv [3mkind[0m[2m=[0m"message"
[2m2026-03-16T02:01:53.438958Z[0m [32m INFO[0m [2mswarmllm::network::manager[0m[2m:[0m Received request [3mpeer[0m[2m=[0m12D3KooWAyFfLinkAgFyQsC2SfHDizZ6yBg6BUUFYDYP1ZRVFaNr [3mkind[0m[2m=[0m"message"
[2m2026-03-16T02:01:53.439040Z[0m [32m INFO[0m [2mswarmllm::network::manager[0m[2m:[0m DIAG: ResponseSent event — response written to wire [3mpeer[0m[2m=[0m12D3KooWSUjzxjgP5ZfafMxfkMEMEo7RwrF7khpEAKaEMHgJ5Pfv [3mrequest_id[0m[2m=[0mInboundRequestId(60)
[2m2026-03-16T02:01:53.439075Z[0m [32m INFO[0m [2mswarmllm::network::manager[0m[2m:[0m DIAG: ResponseSent event — response written to wire [3mpeer[0m[2m=[0m12D3KooWAyFfLinkAgFyQsC2SfHDizZ6yBg6BUUFYDYP1ZRVFaNr [3mrequest_id[0m[2m=[0mInboundRequestId(59)
[2m2026-03-16T02:01:55.202403Z[0m [32m INFO[0m [2mswarmllm::network::manager[0m[2m:[0m DIAG: received response [3mpeer[0m[2m=[0m12D3KooWSUjzxjgP5ZfafMxfkMEMEo7RwrF7khpEAKaEMHgJ5Pfv [3mkind[0m[2m=[0m"ack" [3mrequest_id[0m[2m=[0mOutboundRequestId(60) [3mwas_tensor_forward[0m[2m=[0mfalse [3mpending_tensor_out[0m[2m=[0m0
[2m2026-03-16T02:01:55.204441Z[0m [32m INFO[0m [2mswarmllm::daemon::dispatch[0m[2m:[0m Received shard announce from peer [3mnode_id[0m[2m=[0mf78fbf0fba02769a [3mshards[0m[2m=[0m9
[2m2026-03-16T02:02:14.137326Z[0m [32m INFO[0m [2mswarmllm::network::manager[0m[2m:[0m DIAG: received response [3mpeer[0m[2m=[0m12D3KooWAyFfLinkAgFyQsC2SfHDizZ6yBg6BUUFYDYP1ZRVFaNr [3mkind[0m[2m=[0m"ack" [3mrequest_id[0m[2m=[0mOutboundRequestId(61) [3mwas_tensor_forward[0m[2m=[0mfalse [3mpending_tensor_out[0m[2m=[0m0
[2m2026-03-16T02:02:20.925678Z[0m [32m INFO[0m [2mswarmllm::network::manager[0m[2m:[0m Received request [3mpeer[0m[2m=[0m12D3KooWSUjzxjgP5ZfafMxfkMEMEo7RwrF7khpEAKaEMHgJ5Pfv [3mkind[0m[2m=[0m"message"
[2m2026-03-16T02:02:20.925912Z[0m [32m INFO[0m [2mswarmllm::network::manager[0m[2m:[0m DIAG: ResponseSent event — response written to wire [3mpeer[0m[2m=[0m12D3KooWSUjzxjgP5ZfafMxfkMEMEo7RwrF7khpEAKaEMHgJ5Pfv [3mrequest_id[0m[2m=[0mInboundRequestId(61)
[2m2026-03-16T02:02:20.925942Z[0m [32m INFO[0m [2mswarmllm::network::manager[0m[2m:[0m Received request [3mpeer[0m[2m=[0m12D3KooWAyFfLinkAgFyQsC2SfHDizZ6yBg6BUUFYDYP1ZRVFaNr [3mkind[0m[2m=[0m"message"
[2m2026-03-16T02:02:20.926025Z[0m [32m INFO[0m [2mswarmllm::network::manager[0m[2m:[0m DIAG: ResponseSent event — response written to wire [3mpeer[0m[2m=[0m12D3KooWAyFfLinkAgFyQsC2SfHDizZ6yBg6BUUFYDYP1ZRVFaNr [3mrequest_id[0m[2m=[0mInboundRequestId(62)
[2m2026-03-16T02:02:21.026888Z[0m [32m INFO[0m [2mswarmllm::model::auto_manage[0m[2m:[0m DIAG: evaluate_and_prune starting [3mresource_pressure[0m[2m=[0m"0.12" [3mpressure_urgent[0m[2m=[0mfalse
[2m2026-03-16T02:02:22.663205Z[0m [32m INFO[0m [2mswarmllm::network::manager[0m[2m:[0m DIAG: received response [3mpeer[0m[2m=[0m12D3KooWSUjzxjgP5ZfafMxfkMEMEo7RwrF7khpEAKaEMHgJ5Pfv [3mkind[0m[2m=[0m"ack" [3mrequest_id[0m[2m=[0mOutboundRequestId(62) [3mwas_tensor_forward[0m[2m=[0mfalse [3mpending_tensor_out[0m[2m=[0m0
[2m2026-03-16T02:02:22.664841Z[0m [32m INFO[0m [2mswarmllm::daemon::dispatch[0m[2m:[0m Received shard announce from peer [3mnode_id[0m[2m=[0mf78fbf0fba02769a [3mshards[0m[2m=[0m9
[2m2026-03-16T02:02:41.461926Z[0m [32m INFO[0m [2mswarmllm::network::manager[0m[2m:[0m DIAG: received response [3mpeer[0m[2m=[0m12D3KooWAyFfLinkAgFyQsC2SfHDizZ6yBg6BUUFYDYP1ZRVFaNr [3mkind[0m[2m=[0m"ack" [3mrequest_id[0m[2m=[0mOutboundRequestId(63) [3mwas_tensor_forward[0m[2m=[0mfalse [3mpending_tensor_out[0m[2m=[0m0
[2m2026-03-16T02:02:48.249183Z[0m [32m INFO[0m [2mswarmllm::network::manager[0m[2m:[0m Received request [3mpeer[0m[2m=[0m12D3KooWSUjzxjgP5ZfafMxfkMEMEo7RwrF7khpEAKaEMHgJ5Pfv [3mkind[0m[2m=[0m"message"
[2m2026-03-16T02:02:48.249242Z[0m [32m INFO[0m [2mswarmllm::network::manager[0m[2m:[0m Received request [3mpeer[0m[2m=[0m12D3KooWAyFfLinkAgFyQsC2SfHDizZ6yBg6BUUFYDYP1ZRVFaNr [3mkind[0m[2m=[0m"message"
[2m2026-03-16T02:02:48.249328Z[0m [32m INFO[0m [2mswarmllm::network::manager[0m[2m:[0m DIAG: ResponseSent event — response written to wire [3mpeer[0m[2m=[0m12D3KooWAyFfLinkAgFyQsC2SfHDizZ6yBg6BUUFYDYP1ZRVFaNr [3mrequest_id[0m[2m=[0mInboundRequestId(64)
[2m2026-03-16T02:02:48.249356Z[0m [32m INFO[0m [2mswarmllm::network::manager[0m[2m:[0m DIAG: ResponseSent event — response written to wire [3mpeer[0m[2m=[0m12D3KooWSUjzxjgP5ZfafMxfkMEMEo7RwrF7khpEAKaEMHgJ5Pfv [3mrequest_id[0m[2m=[0mInboundRequestId(63)
[2m2026-03-16T02:02:49.989508Z[0m [32m INFO[0m [2mswarmllm::network::manager[0m[2m:[0m DIAG: received response [3mpeer[0m[2m=[0m12D3KooWSUjzxjgP5ZfafMxfkMEMEo7RwrF7khpEAKaEMHgJ5Pfv [3mkind[0m[2m=[0m"ack" [3mrequest_id[0m[2m=[0mOutboundRequestId(64) [3mwas_tensor_forward[0m[2m=[0mfalse [3mpending_tensor_out[0m[2m=[0m0
[2m2026-03-16T02:02:49.991119Z[0m [32m INFO[0m [2mswarmllm::daemon::dispatch[0m[2m:[0m Received shard announce from peer [3mnode_id[0m[2m=[0mf78fbf0fba02769a [3mshards[0m[2m=[0m9
[2m2026-03-16T02:03:02.165963Z[0m [32m INFO[0m [2mswarmllm::model::auto_manage[0m[2m:[0m AutoShardManager: triggered by new HF source or manifest
[2m2026-03-16T02:03:02.275447Z[0m [32m INFO[0m [2mswarmllm::model::auto_manage[0m[2m:[0m DIAG: evaluate_and_prune starting [3mresource_pressure[0m[2m=[0m"0.12" [3mpressure_urgent[0m[2m=[0mfalse
[2m2026-03-16T02:03:08.634601Z[0m [32m INFO[0m [2mswarmllm::network::manager[0m[2m:[0m Received request [3mpeer[0m[2m=[0m12D3KooWAyFfLinkAgFyQsC2SfHDizZ6yBg6BUUFYDYP1ZRVFaNr [3mkind[0m[2m=[0m"message"
[2m2026-03-16T02:03:08.634848Z[0m [32m INFO[0m [2mswarmllm::network::manager[0m[2m:[0m DIAG: ResponseSent event — response written to wire [3mpeer[0m[2m=[0m12D3KooWAyFfLinkAgFyQsC2SfHDizZ6yBg6BUUFYDYP1ZRVFaNr [3mrequest_id[0m[2m=[0mInboundRequestId(65)
[2m2026-03-16T02:03:08.635721Z[0m [32m INFO[0m [2mswarmllm::network::manager[0m[2m:[0m DIAG: received response [3mpeer[0m[2m=[0m12D3KooWAyFfLinkAgFyQsC2SfHDizZ6yBg6BUUFYDYP1ZRVFaNr [3mkind[0m[2m=[0m"ack" [3mrequest_id[0m[2m=[0mOutboundRequestId(65) [3mwas_tensor_forward[0m[2m=[0mfalse [3mpending_tensor_out[0m[2m=[0m0
[2m2026-03-16T02:03:15.420906Z[0m [32m INFO[0m [2mswarmllm::network::manager[0m[2m:[0m DIAG: rr_ping sent (health check) [3mpeer_id[0m[2m=[0m12D3KooWAyFfLinkAgFyQsC2SfHDizZ6yBg6BUUFYDYP1ZRVFaNr [3moutbound_id[0m[2m=[0mOutboundRequestId(66) [3mseq[0m[2m=[0m6 [3mrr_connected[0m[2m=[0mtrue [3mtotal_peers[0m[2m=[0m2 [3mpending_tensor_out[0m[2m=[0m0
[2m2026-03-16T02:03:15.420970Z[0m [32m INFO[0m [2mswarmllm::network::manager[0m[2m:[0m DIAG: rr_ping sent (health check) [3mpeer_id[0m[2m=[0m12D3KooWSUjzxjgP5ZfafMxfkMEMEo7RwrF7khpEAKaEMHgJ5Pfv [3moutbound_id[0m[2m=[0mOutboundRequestId(67) [3mseq[0m[2m=[0m6 [3mrr_connected[0m[2m=[0mtrue [3mtotal_peers[0m[2m=[0m2 [3mpending_tensor_out[0m[2m=[0m0
[2m2026-03-16T02:03:15.421955Z[0m [32m INFO[0m [2mswarmllm::network::manager[0m[2m:[0m DIAG: received response [3mpeer[0m[2m=[0m12D3KooWAyFfLinkAgFyQsC2SfHDizZ6yBg6BUUFYDYP1ZRVFaNr [3mkind[0m[2m=[0m"message" [3mrequest_id[0m[2m=[0mOutboundRequestId(66) [3mwas_tensor_forward[0m[2m=[0mfalse [3mpending_tensor_out[0m[2m=[0m0
[2m2026-03-16T02:03:15.422131Z[0m [32m INFO[0m [2mswarmllm::network::manager[0m[2m:[0m DIAG: received response [3mpeer[0m[2m=[0m12D3KooWSUjzxjgP5ZfafMxfkMEMEo7RwrF7khpEAKaEMHgJ5Pfv [3mkind[0m[2m=[0m"message" [3mrequest_id[0m[2m=[0mOutboundRequestId(67) [3mwas_tensor_forward[0m[2m=[0mfalse [3mpending_tensor_out[0m[2m=[0m0
[2m2026-03-16T02:03:15.422205Z[0m [32m INFO[0m [2mswarmllm::network::manager[0m[2m:[0m Received request [3mpeer[0m[2m=[0m12D3KooWAyFfLinkAgFyQsC2SfHDizZ6yBg6BUUFYDYP1ZRVFaNr [3mkind[0m[2m=[0m"message"
[2m2026-03-16T02:03:15.422366Z[0m [32m INFO[0m [2mswarmllm::network::manager[0m[2m:[0m DIAG: ResponseSent event — response written to wire [3mpeer[0m[2m=[0m12D3KooWAyFfLinkAgFyQsC2SfHDizZ6yBg6BUUFYDYP1ZRVFaNr [3mrequest_id[0m[2m=[0mInboundRequestId(66)
[2m2026-03-16T02:03:15.422391Z[0m [32m INFO[0m [2mswarmllm::network::manager[0m[2m:[0m Received request [3mpeer[0m[2m=[0m12D3KooWSUjzxjgP5ZfafMxfkMEMEo7RwrF7khpEAKaEMHgJ5Pfv [3mkind[0m[2m=[0m"message"
[2m2026-03-16T02:03:15.422512Z[0m [32m INFO[0m [2mswarmllm::network::manager[0m[2m:[0m DIAG: ResponseSent event — response written to wire [3mpeer[0m[2m=[0m12D3KooWSUjzxjgP5ZfafMxfkMEMEo7RwrF7khpEAKaEMHgJ5Pfv [3mrequest_id[0m[2m=[0mInboundRequestId(67)
[2m2026-03-16T02:03:15.516841Z[0m [32m INFO[0m [2mswarmllm::model::auto_manage[0m[2m:[0m DIAG: evaluate_and_prune starting [3mresource_pressure[0m[2m=[0m"0.12" [3mpressure_urgent[0m[2m=[0mfalse
[2m2026-03-16T02:03:17.161527Z[0m [32m INFO[0m [2mswarmllm::network::manager[0m[2m:[0m Received request [3mpeer[0m[2m=[0m12D3KooWSUjzxjgP5ZfafMxfkMEMEo7RwrF7khpEAKaEMHgJ5Pfv [3mkind[0m[2m=[0m"message"
[2m2026-03-16T02:03:17.161661Z[0m [32m INFO[0m [2mswarmllm::network::manager[0m[2m:[0m DIAG: ResponseSent event — response written to wire [3mpeer[0m[2m=[0m12D3KooWSUjzxjgP5ZfafMxfkMEMEo7RwrF7khpEAKaEMHgJ5Pfv [3mrequest_id[0m[2m=[0mInboundRequestId(68)
[2m2026-03-16T02:03:17.162489Z[0m [32m INFO[0m [2mswarmllm::network::manager[0m[2m:[0m DIAG: received response [3mpeer[0m[2m=[0m12D3KooWSUjzxjgP5ZfafMxfkMEMEo7RwrF7khpEAKaEMHgJ5Pfv [3mkind[0m[2m=[0m"ack" [3mrequest_id[0m[2m=[0mOutboundRequestId(68) [3mwas_tensor_forward[0m[2m=[0mfalse [3mpending_tensor_out[0m[2m=[0m0
[2m2026-03-16T02:03:17.164578Z[0m [32m INFO[0m [2mswarmllm::daemon::dispatch[0m[2m:[0m Received shard announce from peer [3mnode_id[0m[2m=[0mf78fbf0fba02769a [3mshards[0m[2m=[0m9
[2m2026-03-16T02:03:36.015401Z[0m [32m INFO[0m [2mswarmllm::network::manager[0m[2m:[0m DIAG: received response [3mpeer[0m[2m=[0m12D3KooWAyFfLinkAgFyQsC2SfHDizZ6yBg6BUUFYDYP1ZRVFaNr [3mkind[0m[2m=[0m"ack" [3mrequest_id[0m[2m=[0mOutboundRequestId(69) [3mwas_tensor_forward[0m[2m=[0mfalse [3mpending_tensor_out[0m[2m=[0m0
[2m2026-03-16T02:03:42.801473Z[0m [32m INFO[0m [2mswarmllm::network::manager[0m[2m:[0m Received request [3mpeer[0m[2m=[0m12D3KooWAyFfLinkAgFyQsC2SfHDizZ6yBg6BUUFYDYP1ZRVFaNr [3mkind[0m[2m=[0m"message"
[2m2026-03-16T02:03:42.801537Z[0m [32m INFO[0m [2mswarmllm::network::manager[0m[2m:[0m Received request [3mpeer[0m[2m=[0m12D3KooWSUjzxjgP5ZfafMxfkMEMEo7RwrF7khpEAKaEMHgJ5Pfv [3mkind[0m[2m=[0m"message"
[2m2026-03-16T02:03:42.801599Z[0m [32m INFO[0m [2mswarmllm::network::manager[0m[2m:[0m DIAG: ResponseSent event — response written to wire [3mpeer[0m[2m=[0m12D3KooWSUjzxjgP5ZfafMxfkMEMEo7RwrF7khpEAKaEMHgJ5Pfv [3mrequest_id[0m[2m=[0mInboundRequestId(69)
[2m2026-03-16T02:03:42.801742Z[0m [32m INFO[0m [2mswarmllm::network::manager[0m[2m:[0m DIAG: ResponseSent event — response written to wire [3mpeer[0m[2m=[0m12D3KooWAyFfLinkAgFyQsC2SfHDizZ6yBg6BUUFYDYP1ZRVFaNr [3mrequest_id[0m[2m=[0mInboundRequestId(70)
[2m2026-03-16T02:03:44.540125Z[0m [32m INFO[0m [2mswarmllm::network::manager[0m[2m:[0m DIAG: received response [3mpeer[0m[2m=[0m12D3KooWSUjzxjgP5ZfafMxfkMEMEo7RwrF7khpEAKaEMHgJ5Pfv [3mkind[0m[2m=[0m"ack" [3mrequest_id[0m[2m=[0mOutboundRequestId(70) [3mwas_tensor_forward[0m[2m=[0mfalse [3mpending_tensor_out[0m[2m=[0m0
[2m2026-03-16T02:03:44.542220Z[0m [32m INFO[0m [2mswarmllm::daemon::dispatch[0m[2m:[0m Received shard announce from peer [3mnode_id[0m[2m=[0mf78fbf0fba02769a [3mshards[0m[2m=[0m9
[2m2026-03-16T02:03:56.645154Z[0m [32m INFO[0m [2mswarmllm::model::auto_manage[0m[2m:[0m AutoShardManager: triggered by new HF source or manifest
[2m2026-03-16T02:03:56.756901Z[0m [32m INFO[0m [2mswarmllm::model::auto_manage[0m[2m:[0m DIAG: evaluate_and_prune starting [3mresource_pressure[0m[2m=[0m"0.12" [3mpressure_urgent[0m[2m=[0mfalse
[2m2026-03-16T02:04:03.115110Z[0m [32m INFO[0m [2mswarmllm::network::manager[0m[2m:[0m DIAG: received response [3mpeer[0m[2m=[0m12D3KooWAyFfLinkAgFyQsC2SfHDizZ6yBg6BUUFYDYP1ZRVFaNr [3mkind[0m[2m=[0m"ack" [3mrequest_id[0m[2m=[0mOutboundRequestId(71) [3mwas_tensor_forward[0m[2m=[0mfalse [3mpending_tensor_out[0m[2m=[0m0
[2m2026-03-16T02:04:09.900996Z[0m [32m INFO[0m [2mswarmllm::network::manager[0m[2m:[0m Received request [3mpeer[0m[2m=[0m12D3KooWAyFfLinkAgFyQsC2SfHDizZ6yBg6BUUFYDYP1ZRVFaNr [3mkind[0m[2m=[0m"message"
[2m2026-03-16T02:04:09.901126Z[0m [32m INFO[0m [2mswarmllm::network::manager[0m[2m:[0m Received request [3mpeer[0m[2m=[0m12D3KooWSUjzxjgP5ZfafMxfkMEMEo7RwrF7khpEAKaEMHgJ5Pfv [3mkind[0m[2m=[0m"message"
[2m2026-03-16T02:04:09.901248Z[0m [32m INFO[0m [2mswarmllm::network::manager[0m[2m:[0m DIAG: ResponseSent event — response written to wire [3mpeer[0m[2m=[0m12D3KooWAyFfLinkAgFyQsC2SfHDizZ6yBg6BUUFYDYP1ZRVFaNr [3mrequest_id[0m[2m=[0mInboundRequestId(71)
[2m2026-03-16T02:04:09.901287Z[0m [32m INFO[0m [2mswarmllm::network::manager[0m[2m:[0m DIAG: ResponseSent event — response written to wire [3mpeer[0m[2m=[0m12D3KooWSUjzxjgP5ZfafMxfkMEMEo7RwrF7khpEAKaEMHgJ5Pfv [3mrequest_id[0m[2m=[0mInboundRequestId(72)
[2m2026-03-16T02:04:10.017046Z[0m [32m INFO[0m [2mswarmllm::model::auto_manage[0m[2m:[0m DIAG: evaluate_and_prune starting [3mresource_pressure[0m[2m=[0m"0.12" [3mpressure_urgent[0m[2m=[0mfalse
[2m2026-03-16T02:04:11.643475Z[0m [32m INFO[0m [2mswarmllm::network::manager[0m[2m:[0m DIAG: received response [3mpeer[0m[2m=[0m12D3KooWSUjzxjgP5ZfafMxfkMEMEo7RwrF7khpEAKaEMHgJ5Pfv [3mkind[0m[2m=[0m"ack" [3mrequest_id[0m[2m=[0mOutboundRequestId(72) [3mwas_tensor_forward[0m[2m=[0mfalse [3mpending_tensor_out[0m[2m=[0m0
[2m2026-03-16T02:04:11.645410Z[0m [32m INFO[0m [2mswarmllm::daemon::dispatch[0m[2m:[0m Received shard announce from peer [3mnode_id[0m[2m=[0mf78fbf0fba02769a [3mshards[0m[2m=[0m9
[2m2026-03-16T02:04:30.544929Z[0m [32m INFO[0m [2mswarmllm::network::manager[0m[2m:[0m DIAG: received response [3mpeer[0m[2m=[0m12D3KooWAyFfLinkAgFyQsC2SfHDizZ6yBg6BUUFYDYP1ZRVFaNr [3mkind[0m[2m=[0m"ack" [3mrequest_id[0m[2m=[0mOutboundRequestId(73) [3mwas_tensor_forward[0m[2m=[0mfalse [3mpending_tensor_out[0m[2m=[0m0
[2m2026-03-16T02:04:37.333024Z[0m [32m INFO[0m [2mswarmllm::network::manager[0m[2m:[0m Received request [3mpeer[0m[2m=[0m12D3KooWSUjzxjgP5ZfafMxfkMEMEo7RwrF7khpEAKaEMHgJ5Pfv [3mkind[0m[2m=[0m"message"
[2m2026-03-16T02:04:37.333082Z[0m [32m INFO[0m [2mswarmllm::network::manager[0m[2m:[0m Received request [3mpeer[0m[2m=[0m12D3KooWAyFfLinkAgFyQsC2SfHDizZ6yBg6BUUFYDYP1ZRVFaNr [3mkind[0m[2m=[0m"message"
[2m2026-03-16T02:04:37.333167Z[0m [32m INFO[0m [2mswarmllm::network::manager[0m[2m:[0m DIAG: ResponseSent event — response written to wire [3mpeer[0m[2m=[0m12D3KooWSUjzxjgP5ZfafMxfkMEMEo7RwrF7khpEAKaEMHgJ5Pfv [3mrequest_id[0m[2m=[0mInboundRequestId(74)
[2m2026-03-16T02:04:37.333187Z[0m [32m INFO[0m [2mswarmllm::network::manager[0m[2m:[0m DIAG: ResponseSent event — response written to wire [3mpeer[0m[2m=[0m12D3KooWAyFfLinkAgFyQsC2SfHDizZ6yBg6BUUFYDYP1ZRVFaNr [3mrequest_id[0m[2m=[0mInboundRequestId(73)
[2m2026-03-16T02:04:39.071204Z[0m [32m INFO[0m [2mswarmllm::network::manager[0m[2m:[0m DIAG: received response [3mpeer[0m[2m=[0m12D3KooWSUjzxjgP5ZfafMxfkMEMEo7RwrF7khpEAKaEMHgJ5Pfv [3mkind[0m[2m=[0m"ack" [3mrequest_id[0m[2m=[0mOutboundRequestId(74) [3mwas_tensor_forward[0m[2m=[0mfalse [3mpending_tensor_out[0m[2m=[0m0
[2m2026-03-16T02:04:39.073163Z[0m [32m INFO[0m [2mswarmllm::daemon::dispatch[0m[2m:[0m Received shard announce from peer [3mnode_id[0m[2m=[0mf78fbf0fba02769a [3mshards[0m[2m=[0m9
[2m2026-03-16T02:04:51.148234Z[0m [32m INFO[0m [2mswarmllm::model::auto_manage[0m[2m:[0m AutoShardManager: triggered by new HF source or manifest
[2m2026-03-16T02:04:51.249458Z[0m [32m INFO[0m [2mswarmllm::model::auto_manage[0m[2m:[0m DIAG: evaluate_and_prune starting [3mresource_pressure[0m[2m=[0m"0.12" [3mpressure_urgent[0m[2m=[0mfalse
[2m2026-03-16T02:04:57.617380Z[0m [32m INFO[0m [2mswarmllm::network::manager[0m[2m:[0m Received request [3mpeer[0m[2m=[0m12D3KooWAyFfLinkAgFyQsC2SfHDizZ6yBg6BUUFYDYP1ZRVFaNr [3mkind[0m[2m=[0m"message"
[2m2026-03-16T02:04:57.617626Z[0m [32m INFO[0m [2mswarmllm::network::manager[0m[2m:[0m DIAG: ResponseSent event — response written to wire [3mpeer[0m[2m=[0m12D3KooWAyFfLinkAgFyQsC2SfHDizZ6yBg6BUUFYDYP1ZRVFaNr [3mrequest_id[0m[2m=[0mInboundRequestId(75)
[2m2026-03-16T02:04:57.618610Z[0m [32m INFO[0m [2mswarmllm::network::manager[0m[2m:[0m DIAG: received response [3mpeer[0m[2m=[0m12D3KooWAyFfLinkAgFyQsC2SfHDizZ6yBg6BUUFYDYP1ZRVFaNr [3mkind[0m[2m=[0m"ack" [3mrequest_id[0m[2m=[0mOutboundRequestId(75) [3mwas_tensor_forward[0m[2m=[0mfalse [3mpending_tensor_out[0m[2m=[0m0
[2m2026-03-16T02:05:04.406060Z[0m [32m INFO[0m [2mswarmllm::network::manager[0m[2m:[0m DIAG: rr_ping sent (health check) [3mpeer_id[0m[2m=[0m12D3KooWAyFfLinkAgFyQsC2SfHDizZ6yBg6BUUFYDYP1ZRVFaNr [3moutbound_id[0m[2m=[0mOutboundRequestId(76) [3mseq[0m[2m=[0m7 [3mrr_connected[0m[2m=[0mtrue [3mtotal_peers[0m[2m=[0m2 [3mpending_tensor_out[0m[2m=[0m0
[2m2026-03-16T02:05:04.406141Z[0m [32m INFO[0m [2mswarmllm::network::manager[0m[2m:[0m DIAG: rr_ping sent (health check) [3mpeer_id[0m[2m=[0m12D3KooWSUjzxjgP5ZfafMxfkMEMEo7RwrF7khpEAKaEMHgJ5Pfv [3moutbound_id[0m[2m=[0mOutboundRequestId(77) [3mseq[0m[2m=[0m7 [3mrr_connected[0m[2m=[0mtrue [3mtotal_peers[0m[2m=[0m2 [3mpending_tensor_out[0m[2m=[0m0
[2m2026-03-16T02:05:04.407511Z[0m [32m INFO[0m [2mswarmllm::network::manager[0m[2m:[0m DIAG: received response [3mpeer[0m[2m=[0m12D3KooWSUjzxjgP5ZfafMxfkMEMEo7RwrF7khpEAKaEMHgJ5Pfv [3mkind[0m[2m=[0m"message" [3mrequest_id[0m[2m=[0mOutboundRequestId(77) [3mwas_tensor_forward[0m[2m=[0mfalse [3mpending_tensor_out[0m[2m=[0m0
[2m2026-03-16T02:05:04.407715Z[0m [32m INFO[0m [2mswarmllm::network::manager[0m[2m:[0m DIAG: received response [3mpeer[0m[2m=[0m12D3KooWAyFfLinkAgFyQsC2SfHDizZ6yBg6BUUFYDYP1ZRVFaNr [3mkind[0m[2m=[0m"message" [3mrequest_id[0m[2m=[0mOutboundRequestId(76) [3mwas_tensor_forward[0m[2m=[0mfalse [3mpending_tensor_out[0m[2m=[0m0
[2m2026-03-16T02:05:04.407960Z[0m [32m INFO[0m [2mswarmllm::network::manager[0m[2m:[0m Received request [3mpeer[0m[2m=[0m12D3KooWSUjzxjgP5ZfafMxfkMEMEo7RwrF7khpEAKaEMHgJ5Pfv [3mkind[0m[2m=[0m"message"
[2m2026-03-16T02:05:04.408006Z[0m [32m INFO[0m [2mswarmllm::network::manager[0m[2m:[0m Received request [3mpeer[0m[2m=[0m12D3KooWAyFfLinkAgFyQsC2SfHDizZ6yBg6BUUFYDYP1ZRVFaNr [3mkind[0m[2m=[0m"message"
[2m2026-03-16T02:05:04.408093Z[0m [32m INFO[0m [2mswarmllm::network::manager[0m[2m:[0m DIAG: ResponseSent event — response written to wire [3mpeer[0m[2m=[0m12D3KooWSUjzxjgP5ZfafMxfkMEMEo7RwrF7khpEAKaEMHgJ5Pfv [3mrequest_id[0m[2m=[0mInboundRequestId(77)
[2m2026-03-16T02:05:04.408111Z[0m [32m INFO[0m [2mswarmllm::network::manager[0m[2m:[0m DIAG: ResponseSent event — response written to wire [3mpeer[0m[2m=[0m12D3KooWAyFfLinkAgFyQsC2SfHDizZ6yBg6BUUFYDYP1ZRVFaNr [3mrequest_id[0m[2m=[0mInboundRequestId(76)
[2m2026-03-16T02:05:04.511457Z[0m [32m INFO[0m [2mswarmllm::model::auto_manage[0m[2m:[0m DIAG: evaluate_and_prune starting [3mresource_pressure[0m[2m=[0m"0.12" [3mpressure_urgent[0m[2m=[0mfalse
[2m2026-03-16T02:05:06.142989Z[0m [32m INFO[0m [2mswarmllm::network::manager[0m[2m:[0m Received request [3mpeer[0m[2m=[0m12D3KooWSUjzxjgP5ZfafMxfkMEMEo7RwrF7khpEAKaEMHgJ5Pfv [3mkind[0m[2m=[0m"message"
[2m2026-03-16T02:05:06.143168Z[0m [32m INFO[0m [2mswarmllm::network::manager[0m[2m:[0m DIAG: ResponseSent event — response written to wire [3mpeer[0m[2m=[0m12D3KooWSUjzxjgP5ZfafMxfkMEMEo7RwrF7khpEAKaEMHgJ5Pfv [3mrequest_id[0m[2m=[0mInboundRequestId(78)
[2m2026-03-16T02:05:06.143929Z[0m [32m INFO[0m [2mswarmllm::network::manager[0m[2m:[0m DIAG: received response [3mpeer[0m[2m=[0m12D3KooWSUjzxjgP5ZfafMxfkMEMEo7RwrF7khpEAKaEMHgJ5Pfv [3mkind[0m[2m=[0m"ack" [3mrequest_id[0m[2m=[0mOutboundRequestId(78) [3mwas_tensor_forward[0m[2m=[0mfalse [3mpending_tensor_out[0m[2m=[0m0
[2m2026-03-16T02:05:06.145592Z[0m [32m INFO[0m [2mswarmllm::daemon::dispatch[0m[2m:[0m Received shard announce from peer [3mnode_id[0m[2m=[0mf78fbf0fba02769a [3mshards[0m[2m=[0m9
[2m2026-03-16T02:05:25.090168Z[0m [32m INFO[0m [2mswarmllm::network::manager[0m[2m:[0m DIAG: received response [3mpeer[0m[2m=[0m12D3KooWAyFfLinkAgFyQsC2SfHDizZ6yBg6BUUFYDYP1ZRVFaNr [3mkind[0m[2m=[0m"ack" [3mrequest_id[0m[2m=[0mOutboundRequestId(79) [3mwas_tensor_forward[0m[2m=[0mfalse [3mpending_tensor_out[0m[2m=[0m0
[2m2026-03-16T02:05:31.875052Z[0m [32m INFO[0m [2mswarmllm::network::manager[0m[2m:[0m Received request [3mpeer[0m[2m=[0m12D3KooWSUjzxjgP5ZfafMxfkMEMEo7RwrF7khpEAKaEMHgJ5Pfv [3mkind[0m[2m=[0m"message"
[2m2026-03-16T02:05:31.875152Z[0m [32m INFO[0m [2mswarmllm::network::manager[0m[2m:[0m Received request [3mpeer[0m[2m=[0m12D3KooWAyFfLinkAgFyQsC2SfHDizZ6yBg6BUUFYDYP1ZRVFaNr [3mkind[0m[2m=[0m"message"
[2m2026-03-16T02:05:31.875233Z[0m [32m INFO[0m [2mswarmllm::network::manager[0m[2m:[0m DIAG: ResponseSent event — response written to wire [3mpeer[0m[2m=[0m12D3KooWSUjzxjgP5ZfafMxfkMEMEo7RwrF7khpEAKaEMHgJ5Pfv [3mrequest_id[0m[2m=[0mInboundRequestId(80)
[2m2026-03-16T02:05:31.875264Z[0m [32m INFO[0m [2mswarmllm::network::manager[0m[2m:[0m DIAG: ResponseSent event — response written to wire [3mpeer[0m[2m=[0m12D3KooWAyFfLinkAgFyQsC2SfHDizZ6yBg6BUUFYDYP1ZRVFaNr [3mrequest_id[0m[2m=[0mInboundRequestId(79)
[2m2026-03-16T02:05:33.615232Z[0m [32m INFO[0m [2mswarmllm::network::manager[0m[2m:[0m DIAG: received response [3mpeer[0m[2m=[0m12D3KooWSUjzxjgP5ZfafMxfkMEMEo7RwrF7khpEAKaEMHgJ5Pfv [3mkind[0m[2m=[0m"ack" [3mrequest_id[0m[2m=[0mOutboundRequestId(80) [3mwas_tensor_forward[0m[2m=[0mfalse [3mpending_tensor_out[0m[2m=[0m0
[2m2026-03-16T02:05:33.617359Z[0m [32m INFO[0m [2mswarmllm::daemon::dispatch[0m[2m:[0m Received shard announce from peer [3mnode_id[0m[2m=[0mf78fbf0fba02769a [3mshards[0m[2m=[0m9
[2m2026-03-16T02:05:52.116831Z[0m [32m INFO[0m [2mswarmllm::network::manager[0m[2m:[0m DIAG: received response [3mpeer[0m[2m=[0m12D3KooWAyFfLinkAgFyQsC2SfHDizZ6yBg6BUUFYDYP1ZRVFaNr [3mkind[0m[2m=[0m"ack" [3mrequest_id[0m[2m=[0mOutboundRequestId(81) [3mwas_tensor_forward[0m[2m=[0mfalse [3mpending_tensor_out[0m[2m=[0m0
[2m2026-03-16T02:05:58.893480Z[0m [32m INFO[0m [2mswarmllm::credit::ledger[0m[2m:[0m Gossiping credit balance [3mbalance_bucket[0m[2m=[0m4500 [3mtier[0m[2m=[0mSilver
[2m2026-03-16T02:05:58.893486Z[0m [32m INFO[0m [2mswarmllm::network::peer_cache[0m[2m:[0m Loaded cached peers from last session [3mcount[0m[2m=[0m6
[2m2026-03-16T02:05:58.904651Z[0m [32m INFO[0m [2mswarmllm::network::manager[0m[2m:[0m DIAG: key exchange initiated [3mpeer_id[0m[2m=[0m12D3KooWAyFfLinkAgFyQsC2SfHDizZ6yBg6BUUFYDYP1ZRVFaNr [3mnode_id[0m[2m=[0m11228e88372ae2f0 [3msession_type[0m[2m=[0m"static"
[2m2026-03-16T02:05:58.904783Z[0m [32m INFO[0m [2mswarmllm::network::manager[0m[2m:[0m DIAG: encryption session established [3mpeer_id[0m[2m=[0m12D3KooWAyFfLinkAgFyQsC2SfHDizZ6yBg6BUUFYDYP1ZRVFaNr [3mnode_id[0m[2m=[0m11228e88372ae2f0 [3msession_type[0m[2m=[0m"static" [3msession_count[0m[2m=[0m2
[2m2026-03-16T02:05:58.905664Z[0m [32m INFO[0m [2mswarmllm::network::manager[0m[2m:[0m Received request [3mpeer[0m[2m=[0m12D3KooWAyFfLinkAgFyQsC2SfHDizZ6yBg6BUUFYDYP1ZRVFaNr [3mkind[0m[2m=[0m"message"
[2m2026-03-16T02:05:58.905790Z[0m [32m INFO[0m [2mswarmllm::network::manager[0m[2m:[0m Received request [3mpeer[0m[2m=[0m12D3KooWSUjzxjgP5ZfafMxfkMEMEo7RwrF7khpEAKaEMHgJ5Pfv [3mkind[0m[2m=[0m"message"
[2m2026-03-16T02:05:58.905855Z[0m [32m INFO[0m [2mswarmllm::network::manager[0m[2m:[0m DIAG: ResponseSent event — response written to wire [3mpeer[0m[2m=[0m12D3KooWAyFfLinkAgFyQsC2SfHDizZ6yBg6BUUFYDYP1ZRVFaNr [3mrequest_id[0m[2m=[0mInboundRequestId(81)
[2m2026-03-16T02:05:58.905963Z[0m [32m INFO[0m [2mswarmllm::network::manager[0m[2m:[0m DIAG: ResponseSent event — response written to wire [3mpeer[0m[2m=[0m12D3KooWSUjzxjgP5ZfafMxfkMEMEo7RwrF7khpEAKaEMHgJ5Pfv [3mrequest_id[0m[2m=[0mInboundRequestId(82)
[2m2026-03-16T02:05:59.003957Z[0m [32m INFO[0m [2mswarmllm::model::auto_manage[0m[2m:[0m DIAG: evaluate_and_prune starting [3mresource_pressure[0m[2m=[0m"0.12" [3mpressure_urgent[0m[2m=[0mfalse
[2m2026-03-16T02:06:00.645114Z[0m [32m INFO[0m [2mswarmllm::daemon::dispatch[0m[2m:[0m Received shard announce from peer [3mnode_id[0m[2m=[0mf78fbf0fba02769a [3mshards[0m[2m=[0m9
[2m2026-03-16T02:06:00.646025Z[0m [32m INFO[0m [2mswarmllm::network::manager[0m[2m:[0m DIAG: key exchange initiated [3mpeer_id[0m[2m=[0m12D3KooWSUjzxjgP5ZfafMxfkMEMEo7RwrF7khpEAKaEMHgJ5Pfv [3mnode_id[0m[2m=[0mf78fbf0fba02769a [3msession_type[0m[2m=[0m"static"
[2m2026-03-16T02:06:00.646111Z[0m [32m INFO[0m [2mswarmllm::network::manager[0m[2m:[0m DIAG: encryption session established [3mpeer_id[0m[2m=[0m12D3KooWSUjzxjgP5ZfafMxfkMEMEo7RwrF7khpEAKaEMHgJ5Pfv [3mnode_id[0m[2m=[0mf78fbf0fba02769a [3msession_type[0m[2m=[0m"static" [3msession_count[0m[2m=[0m2
[2m2026-03-16T02:06:00.646376Z[0m [32m INFO[0m [2mswarmllm::network::manager[0m[2m:[0m DIAG: received response [3mpeer[0m[2m=[0m12D3KooWSUjzxjgP5ZfafMxfkMEMEo7RwrF7khpEAKaEMHgJ5Pfv [3mkind[0m[2m=[0m"ack" [3mrequest_id[0m[2m=[0mOutboundRequestId(82) [3mwas_tensor_forward[0m[2m=[0mfalse [3mpending_tensor_out[0m[2m=[0m0
[2m2026-03-16T02:06:13.153916Z[0m [32m INFO[0m [2mswarmllm::model::auto_manage[0m[2m:[0m AutoShardManager: triggered by new HF source or manifest
[2m2026-03-16T02:06:13.261573Z[0m [32m INFO[0m [2mswarmllm::model::auto_manage[0m[2m:[0m DIAG: evaluate_and_prune starting [3mresource_pressure[0m[2m=[0m"0.12" [3mpressure_urgent[0m[2m=[0mfalse
[2m2026-03-16T02:06:19.603300Z[0m [32m INFO[0m [2mswarmllm::network::manager[0m[2m:[0m DIAG: received response [3mpeer[0m[2m=[0m12D3KooWAyFfLinkAgFyQsC2SfHDizZ6yBg6BUUFYDYP1ZRVFaNr [3mkind[0m[2m=[0m"ack" [3mrequest_id[0m[2m=[0mOutboundRequestId(83) [3mwas_tensor_forward[0m[2m=[0mfalse [3mpending_tensor_out[0m[2m=[0m0
[2m2026-03-16T02:06:26.389075Z[0m [32m INFO[0m [2mswarmllm::network::manager[0m[2m:[0m Received request [3mpeer[0m[2m=[0m12D3KooWAyFfLinkAgFyQsC2SfHDizZ6yBg6BUUFYDYP1ZRVFaNr [3mkind[0m[2m=[0m"message"
[2m2026-03-16T02:06:26.389222Z[0m [32m INFO[0m [2mswarmllm::network::manager[0m[2m:[0m Received request [3mpeer[0m[2m=[0m12D3KooWSUjzxjgP5ZfafMxfkMEMEo7RwrF7khpEAKaEMHgJ5Pfv [3mkind[0m[2m=[0m"message"
[2m2026-03-16T02:06:26.389353Z[0m [32m INFO[0m [2mswarmllm::network::manager[0m[2m:[0m DIAG: ResponseSent event — response written to wire [3mpeer[0m[2m=[0m12D3KooWAyFfLinkAgFyQsC2SfHDizZ6yBg6BUUFYDYP1ZRVFaNr [3mrequest_id[0m[2m=[0mInboundRequestId(83)
[2m2026-03-16T02:06:26.389378Z[0m [32m INFO[0m [2mswarmllm::network::manager[0m[2m:[0m DIAG: ResponseSent event — response written to wire [3mpeer[0m[2m=[0m12D3KooWSUjzxjgP5ZfafMxfkMEMEo7RwrF7khpEAKaEMHgJ5Pfv [3mrequest_id[0m[2m=[0mInboundRequestId(84)
[2m2026-03-16T02:06:28.128701Z[0m [32m INFO[0m [2mswarmllm::network::manager[0m[2m:[0m DIAG: received response [3mpeer[0m[2m=[0m12D3KooWSUjzxjgP5ZfafMxfkMEMEo7RwrF7khpEAKaEMHgJ5Pfv [3mkind[0m[2m=[0m"ack" [3mrequest_id[0m[2m=[0mOutboundRequestId(84) [3mwas_tensor_forward[0m[2m=[0mfalse [3mpending_tensor_out[0m[2m=[0m0
[2m2026-03-16T02:06:28.130845Z[0m [32m INFO[0m [2mswarmllm::daemon::dispatch[0m[2m:[0m Received shard announce from peer [3mnode_id[0m[2m=[0mf78fbf0fba02769a [3mshards[0m[2m=[0m9
[2m2026-03-16T02:06:46.906003Z[0m [32m INFO[0m [2mswarmllm::network::manager[0m[2m:[0m Received request [3mpeer[0m[2m=[0m12D3KooWAyFfLinkAgFyQsC2SfHDizZ6yBg6BUUFYDYP1ZRVFaNr [3mkind[0m[2m=[0m"message"
[2m2026-03-16T02:06:46.906182Z[0m [32m INFO[0m [2mswarmllm::network::manager[0m[2m:[0m DIAG: ResponseSent event — response written to wire [3mpeer[0m[2m=[0m12D3KooWAyFfLinkAgFyQsC2SfHDizZ6yBg6BUUFYDYP1ZRVFaNr [3mrequest_id[0m[2m=[0mInboundRequestId(85)
[2m2026-03-16T02:06:46.907144Z[0m [32m INFO[0m [2mswarmllm::network::manager[0m[2m:[0m DIAG: received response [3mpeer[0m[2m=[0m12D3KooWAyFfLinkAgFyQsC2SfHDizZ6yBg6BUUFYDYP1ZRVFaNr [3mkind[0m[2m=[0m"ack" [3mrequest_id[0m[2m=[0mOutboundRequestId(85) [3mwas_tensor_forward[0m[2m=[0mfalse [3mpending_tensor_out[0m[2m=[0m0
[2m2026-03-16T02:06:53.691891Z[0m [32m INFO[0m [2mswarmllm::network::manager[0m[2m:[0m DIAG: rr_ping sent (health check) [3mpeer_id[0m[2m=[0m12D3KooWAyFfLinkAgFyQsC2SfHDizZ6yBg6BUUFYDYP1ZRVFaNr [3moutbound_id[0m[2m=[0mOutboundRequestId(86) [3mseq[0m[2m=[0m8 [3mrr_connected[0m[2m=[0mtrue [3mtotal_peers[0m[2m=[0m2 [3mpending_tensor_out[0m[2m=[0m0
[2m2026-03-16T02:06:53.691956Z[0m [32m INFO[0m [2mswarmllm::network::manager[0m[2m:[0m DIAG: rr_ping sent (health check) [3mpeer_id[0m[2m=[0m12D3KooWSUjzxjgP5ZfafMxfkMEMEo7RwrF7khpEAKaEMHgJ5Pfv [3moutbound_id[0m[2m=[0mOutboundRequestId(87) [3mseq[0m[2m=[0m8 [3mrr_connected[0m[2m=[0mtrue [3mtotal_peers[0m[2m=[0m2 [3mpending_tensor_out[0m[2m=[0m0
[2m2026-03-16T02:06:53.693127Z[0m [32m INFO[0m [2mswarmllm::network::manager[0m[2m:[0m DIAG: received response [3mpeer[0m[2m=[0m12D3KooWSUjzxjgP5ZfafMxfkMEMEo7RwrF7khpEAKaEMHgJ5Pfv [3mkind[0m[2m=[0m"message" [3mrequest_id[0m[2m=[0mOutboundRequestId(87) [3mwas_tensor_forward[0m[2m=[0mfalse [3mpending_tensor_out[0m[2m=[0m0
[2m2026-03-16T02:06:53.693177Z[0m [32m INFO[0m [2mswarmllm::network::manager[0m[2m:[0m DIAG: received response [3mpeer[0m[2m=[0m12D3KooWAyFfLinkAgFyQsC2SfHDizZ6yBg6BUUFYDYP1ZRVFaNr [3mkind[0m[2m=[0m"message" [3mrequest_id[0m[2m=[0mOutboundRequestId(86) [3mwas_tensor_forward[0m[2m=[0mfalse [3mpending_tensor_out[0m[2m=[0m0
[2m2026-03-16T02:06:53.693345Z[0m [32m INFO[0m [2mswarmllm::network::manager[0m[2m:[0m Received request [3mpeer[0m[2m=[0m12D3KooWAyFfLinkAgFyQsC2SfHDizZ6yBg6BUUFYDYP1ZRVFaNr [3mkind[0m[2m=[0m"message"
[2m2026-03-16T02:06:53.693400Z[0m [32m INFO[0m [2mswarmllm::network::manager[0m[2m:[0m Received request [3mpeer[0m[2m=[0m12D3KooWSUjzxjgP5ZfafMxfkMEMEo7RwrF7khpEAKaEMHgJ5Pfv [3mkind[0m[2m=[0m"message"
[2m2026-03-16T02:06:53.693493Z[0m [32m INFO[0m [2mswarmllm::network::manager[0m[2m:[0m DIAG: ResponseSent event — response written to wire [3mpeer[0m[2m=[0m12D3KooWSUjzxjgP5ZfafMxfkMEMEo7RwrF7khpEAKaEMHgJ5Pfv [3mrequest_id[0m[2m=[0mInboundRequestId(87)
[2m2026-03-16T02:06:53.693517Z[0m [32m INFO[0m [2mswarmllm::network::manager[0m[2m:[0m DIAG: ResponseSent event — response written to wire [3mpeer[0m[2m=[0m12D3KooWAyFfLinkAgFyQsC2SfHDizZ6yBg6BUUFYDYP1ZRVFaNr [3mrequest_id[0m[2m=[0mInboundRequestId(86)
[2m2026-03-16T02:06:53.795759Z[0m [32m INFO[0m [2mswarmllm::model::auto_manage[0m[2m:[0m DIAG: evaluate_and_prune starting [3mresource_pressure[0m[2m=[0m"0.12" [3mpressure_urgent[0m[2m=[0mfalse
[2m2026-03-16T02:06:55.433750Z[0m [32m INFO[0m [2mswarmllm::network::manager[0m[2m:[0m Received request [3mpeer[0m[2m=[0m12D3KooWSUjzxjgP5ZfafMxfkMEMEo7RwrF7khpEAKaEMHgJ5Pfv [3mkind[0m[2m=[0m"message"
[2m2026-03-16T02:06:55.433964Z[0m [32m INFO[0m [2mswarmllm::network::manager[0m[2m:[0m DIAG: ResponseSent event — response written to wire [3mpeer[0m[2m=[0m12D3KooWSUjzxjgP5ZfafMxfkMEMEo7RwrF7khpEAKaEMHgJ5Pfv [3mrequest_id[0m[2m=[0mInboundRequestId(88)
[2m2026-03-16T02:06:55.434925Z[0m [32m INFO[0m [2mswarmllm::network::manager[0m[2m:[0m DIAG: received response [3mpeer[0m[2m=[0m12D3KooWSUjzxjgP5ZfafMxfkMEMEo7RwrF7khpEAKaEMHgJ5Pfv [3mkind[0m[2m=[0m"ack" [3mrequest_id[0m[2m=[0mOutboundRequestId(88) [3mwas_tensor_forward[0m[2m=[0mfalse [3mpending_tensor_out[0m[2m=[0m0
[2m2026-03-16T02:06:55.437081Z[0m [32m INFO[0m [2mswarmllm::daemon::dispatch[0m[2m:[0m Received shard announce from peer [3mnode_id[0m[2m=[0mf78fbf0fba02769a [3mshards[0m[2m=[0m9
[2m2026-03-16T02:07:14.083091Z[0m [32m INFO[0m [2mswarmllm::network::manager[0m[2m:[0m DIAG: received response [3mpeer[0m[2m=[0m12D3KooWAyFfLinkAgFyQsC2SfHDizZ6yBg6BUUFYDYP1ZRVFaNr [3mkind[0m[2m=[0m"ack" [3mrequest_id[0m[2m=[0mOutboundRequestId(89) [3mwas_tensor_forward[0m[2m=[0mfalse [3mpending_tensor_out[0m[2m=[0m0
[2m2026-03-16T02:07:20.868939Z[0m [32m INFO[0m [2mswarmllm::network::manager[0m[2m:[0m Received request [3mpeer[0m[2m=[0m12D3KooWSUjzxjgP5ZfafMxfkMEMEo7RwrF7khpEAKaEMHgJ5Pfv [3mkind[0m[2m=[0m"message"
[2m2026-03-16T02:07:20.869004Z[0m [32m INFO[0m [2mswarmllm::network::manager[0m[2m:[0m Received request [3mpeer[0m[2m=[0m12D3KooWAyFfLinkAgFyQsC2SfHDizZ6yBg6BUUFYDYP1ZRVFaNr [3mkind[0m[2m=[0m"message"
[2m2026-03-16T02:07:20.869081Z[0m [32m INFO[0m [2mswarmllm::network::manager[0m[2m:[0m DIAG: ResponseSent event — response written to wire [3mpeer[0m[2m=[0m12D3KooWSUjzxjgP5ZfafMxfkMEMEo7RwrF7khpEAKaEMHgJ5Pfv [3mrequest_id[0m[2m=[0mInboundRequestId(89)
[2m2026-03-16T02:07:20.869120Z[0m [32m INFO[0m [2mswarmllm::network::manager[0m[2m:[0m DIAG: ResponseSent event — response written to wire [3mpeer[0m[2m=[0m12D3KooWAyFfLinkAgFyQsC2SfHDizZ6yBg6BUUFYDYP1ZRVFaNr [3mrequest_id[0m[2m=[0mInboundRequestId(90)
[2m2026-03-16T02:07:22.608628Z[0m [32m INFO[0m [2mswarmllm::network::manager[0m[2m:[0m DIAG: received response [3mpeer[0m[2m=[0m12D3KooWSUjzxjgP5ZfafMxfkMEMEo7RwrF7khpEAKaEMHgJ5Pfv [3mkind[0m[2m=[0m"ack" [3mrequest_id[0m[2m=[0mOutboundRequestId(90) [3mwas_tensor_forward[0m[2m=[0mfalse [3mpending_tensor_out[0m[2m=[0m0
[2m2026-03-16T02:07:22.610243Z[0m [32m INFO[0m [2mswarmllm::daemon::dispatch[0m[2m:[0m Received shard announce from peer [3mnode_id[0m[2m=[0mf78fbf0fba02769a [3mshards[0m[2m=[0m9
[2m2026-03-16T02:07:34.974923Z[0m [32m INFO[0m [2mswarmllm::model::auto_manage[0m[2m:[0m AutoShardManager: triggered by new HF source or manifest
[2m2026-03-16T02:07:35.083861Z[0m [32m INFO[0m [2mswarmllm::model::auto_manage[0m[2m:[0m DIAG: evaluate_and_prune starting [3mresource_pressure[0m[2m=[0m"0.12" [3mpressure_urgent[0m[2m=[0mfalse
[2m2026-03-16T02:07:41.447300Z[0m [32m INFO[0m [2mswarmllm::network::manager[0m[2m:[0m DIAG: received response [3mpeer[0m[2m=[0m12D3KooWAyFfLinkAgFyQsC2SfHDizZ6yBg6BUUFYDYP1ZRVFaNr [3mkind[0m[2m=[0m"ack" [3mrequest_id[0m[2m=[0mOutboundRequestId(91) [3mwas_tensor_forward[0m[2m=[0mfalse [3mpending_tensor_out[0m[2m=[0m0
[2m2026-03-16T02:07:48.230809Z[0m [32m INFO[0m [2mswarmllm::network::manager[0m[2m:[0m Received request [3mpeer[0m[2m=[0m12D3KooWSUjzxjgP5ZfafMxfkMEMEo7RwrF7khpEAKaEMHgJ5Pfv [3mkind[0m[2m=[0m"message"
[2m2026-03-16T02:07:48.230887Z[0m [32m INFO[0m [2mswarmllm::network::manager[0m[2m:[0m Received request [3mpeer[0m[2m=[0m12D3KooWAyFfLinkAgFyQsC2SfHDizZ6yBg6BUUFYDYP1ZRVFaNr [3mkind[0m[2m=[0m"message"
[2m2026-03-16T02:07:48.230963Z[0m [32m INFO[0m [2mswarmllm::network::manager[0m[2m:[0m DIAG: ResponseSent event — response written to wire [3mpeer[0m[2m=[0m12D3KooWSUjzxjgP5ZfafMxfkMEMEo7RwrF7khpEAKaEMHgJ5Pfv [3mrequest_id[0m[2m=[0mInboundRequestId(91)
[2m2026-03-16T02:07:48.230991Z[0m [32m INFO[0m [2mswarmllm::network::manager[0m[2m:[0m DIAG: ResponseSent event — response written to wire [3mpeer[0m[2m=[0m12D3KooWAyFfLinkAgFyQsC2SfHDizZ6yBg6BUUFYDYP1ZRVFaNr [3mrequest_id[0m[2m=[0mInboundRequestId(92)
[2m2026-03-16T02:07:48.341684Z[0m [32m INFO[0m [2mswarmllm::model::auto_manage[0m[2m:[0m DIAG: evaluate_and_prune starting [3mresource_pressure[0m[2m=[0m"0.12" [3mpressure_urgent[0m[2m=[0mfalse
[2m2026-03-16T02:07:49.971200Z[0m [32m INFO[0m [2mswarmllm::network::manager[0m[2m:[0m DIAG: received response [3mpeer[0m[2m=[0m12D3KooWSUjzxjgP5ZfafMxfkMEMEo7RwrF7khpEAKaEMHgJ5Pfv [3mkind[0m[2m=[0m"ack" [3mrequest_id[0m[2m=[0mOutboundRequestId(92) [3mwas_tensor_forward[0m[2m=[0mfalse [3mpending_tensor_out[0m[2m=[0m0
[2m2026-03-16T02:07:49.972676Z[0m [32m INFO[0m [2mswarmllm::daemon::dispatch[0m[2m:[0m Received shard announce from peer [3mnode_id[0m[2m=[0mf78fbf0fba02769a [3mshards[0m[2m=[0m9
[2m2026-03-16T02:08:08.589779Z[0m [32m INFO[0m [2mswarmllm::network::manager[0m[2m:[0m DIAG: received response [3mpeer[0m[2m=[0m12D3KooWAyFfLinkAgFyQsC2SfHDizZ6yBg6BUUFYDYP1ZRVFaNr [3mkind[0m[2m=[0m"ack" [3mrequest_id[0m[2m=[0mOutboundRequestId(93) [3mwas_tensor_forward[0m[2m=[0mfalse [3mpending_tensor_out[0m[2m=[0m0
[2m2026-03-16T02:08:15.373168Z[0m [32m INFO[0m [2mswarmllm::network::manager[0m[2m:[0m Received request [3mpeer[0m[2m=[0m12D3KooWAyFfLinkAgFyQsC2SfHDizZ6yBg6BUUFYDYP1ZRVFaNr [3mkind[0m[2m=[0m"message"
[2m2026-03-16T02:08:15.373259Z[0m [32m INFO[0m [2mswarmllm::network::manager[0m[2m:[0m Received request [3mpeer[0m[2m=[0m12D3KooWSUjzxjgP5ZfafMxfkMEMEo7RwrF7khpEAKaEMHgJ5Pfv [3mkind[0m[2m=[0m"message"
[2m2026-03-16T02:08:15.373383Z[0m [32m INFO[0m [2mswarmllm::network::manager[0m[2m:[0m DIAG: ResponseSent event — response written to wire [3mpeer[0m[2m=[0m12D3KooWSUjzxjgP5ZfafMxfkMEMEo7RwrF7khpEAKaEMHgJ5Pfv [3mrequest_id[0m[2m=[0mInboundRequestId(94)
[2m2026-03-16T02:08:15.373420Z[0m [32m INFO[0m [2mswarmllm::network::manager[0m[2m:[0m DIAG: ResponseSent event — response written to wire [3mpeer[0m[2m=[0m12D3KooWAyFfLinkAgFyQsC2SfHDizZ6yBg6BUUFYDYP1ZRVFaNr [3mrequest_id[0m[2m=[0mInboundRequestId(93)
[2m2026-03-16T02:08:17.114037Z[0m [32m INFO[0m [2mswarmllm::network::manager[0m[2m:[0m DIAG: received response [3mpeer[0m[2m=[0m12D3KooWSUjzxjgP5ZfafMxfkMEMEo7RwrF7khpEAKaEMHgJ5Pfv [3mkind[0m[2m=[0m"ack" [3mrequest_id[0m[2m=[0mOutboundRequestId(94) [3mwas_tensor_forward[0m[2m=[0mfalse [3mpending_tensor_out[0m[2m=[0m0
[2m2026-03-16T02:08:17.116112Z[0m [32m INFO[0m [2mswarmllm::daemon::dispatch[0m[2m:[0m Received shard announce from peer [3mnode_id[0m[2m=[0mf78fbf0fba02769a [3mshards[0m[2m=[0m9
[2m2026-03-16T02:08:29.533393Z[0m [32m INFO[0m [2mswarmllm::model::auto_manage[0m[2m:[0m AutoShardManager: triggered by new HF source or manifest
[2m2026-03-16T02:08:29.632907Z[0m [32m INFO[0m [2mswarmllm::model::auto_manage[0m[2m:[0m DIAG: evaluate_and_prune starting [3mresource_pressure[0m[2m=[0m"0.12" [3mpressure_urgent[0m[2m=[0mfalse
[2m2026-03-16T02:08:35.998462Z[0m [32m INFO[0m [2mswarmllm::network::manager[0m[2m:[0m Received request [3mpeer[0m[2m=[0m12D3KooWAyFfLinkAgFyQsC2SfHDizZ6yBg6BUUFYDYP1ZRVFaNr [3mkind[0m[2m=[0m"message"
[2m2026-03-16T02:08:35.998646Z[0m [32m INFO[0m [2mswarmllm::network::manager[0m[2m:[0m DIAG: ResponseSent event — response written to wire [3mpeer[0m[2m=[0m12D3KooWAyFfLinkAgFyQsC2SfHDizZ6yBg6BUUFYDYP1ZRVFaNr [3mrequest_id[0m[2m=[0mInboundRequestId(95)
[2m2026-03-16T02:08:35.999397Z[0m [32m INFO[0m [2mswarmllm::network::manager[0m[2m:[0m DIAG: received response [3mpeer[0m[2m=[0m12D3KooWAyFfLinkAgFyQsC2SfHDizZ6yBg6BUUFYDYP1ZRVFaNr [3mkind[0m[2m=[0m"ack" [3mrequest_id[0m[2m=[0mOutboundRequestId(95) [3mwas_tensor_forward[0m[2m=[0mfalse [3mpending_tensor_out[0m[2m=[0m0
[2m2026-03-16T02:08:42.784886Z[0m [32m INFO[0m [2mswarmllm::network::manager[0m[2m:[0m DIAG: rr_ping sent (health check) [3mpeer_id[0m[2m=[0m12D3KooWAyFfLinkAgFyQsC2SfHDizZ6yBg6BUUFYDYP1ZRVFaNr [3moutbound_id[0m[2m=[0mOutboundRequestId(96) [3mseq[0m[2m=[0m9 [3mrr_connected[0m[2m=[0mtrue [3mtotal_peers[0m[2m=[0m2 [3mpending_tensor_out[0m[2m=[0m0
[2m2026-03-16T02:08:42.784966Z[0m [32m INFO[0m [2mswarmllm::network::manager[0m[2m:[0m DIAG: rr_ping sent (health check) [3mpeer_id[0m[2m=[0m12D3KooWSUjzxjgP5ZfafMxfkMEMEo7RwrF7khpEAKaEMHgJ5Pfv [3moutbound_id[0m[2m=[0mOutboundRequestId(97) [3mseq[0m[2m=[0m9 [3mrr_connected[0m[2m=[0mtrue [3mtotal_peers[0m[2m=[0m2 [3mpending_tensor_out[0m[2m=[0m0
[2m2026-03-16T02:08:42.786304Z[0m [32m INFO[0m [2mswarmllm::network::manager[0m[2m:[0m DIAG: received response [3mpeer[0m[2m=[0m12D3KooWAyFfLinkAgFyQsC2SfHDizZ6yBg6BUUFYDYP1ZRVFaNr [3mkind[0m[2m=[0m"message" [3mrequest_id[0m[2m=[0mOutboundRequestId(96) [3mwas_tensor_forward[0m[2m=[0mfalse [3mpending_tensor_out[0m[2m=[0m0
[2m2026-03-16T02:08:42.786359Z[0m [32m INFO[0m [2mswarmllm::network::manager[0m[2m:[0m DIAG: received response [3mpeer[0m[2m=[0m12D3KooWSUjzxjgP5ZfafMxfkMEMEo7RwrF7khpEAKaEMHgJ5Pfv [3mkind[0m[2m=[0m"message" [3mrequest_id[0m[2m=[0mOutboundRequestId(97) [3mwas_tensor_forward[0m[2m=[0mfalse [3mpending_tensor_out[0m[2m=[0m0
[2m2026-03-16T02:08:42.786801Z[0m [32m INFO[0m [2mswarmllm::network::manager[0m[2m:[0m Received request [3mpeer[0m[2m=[0m12D3KooWAyFfLinkAgFyQsC2SfHDizZ6yBg6BUUFYDYP1ZRVFaNr [3mkind[0m[2m=[0m"message"
[2m2026-03-16T02:08:42.786864Z[0m [32m INFO[0m [2mswarmllm::network::manager[0m[2m:[0m Received request [3mpeer[0m[2m=[0m12D3KooWSUjzxjgP5ZfafMxfkMEMEo7RwrF7khpEAKaEMHgJ5Pfv [3mkind[0m[2m=[0m"message"
[2m2026-03-16T02:08:42.786957Z[0m [32m INFO[0m [2mswarmllm::network::manager[0m[2m:[0m DIAG: ResponseSent event — response written to wire [3mpeer[0m[2m=[0m12D3KooWAyFfLinkAgFyQsC2SfHDizZ6yBg6BUUFYDYP1ZRVFaNr [3mrequest_id[0m[2m=[0mInboundRequestId(96)
[2m2026-03-16T02:08:42.786993Z[0m [32m INFO[0m [2mswarmllm::network::manager[0m[2m:[0m DIAG: ResponseSent event — response written to wire [3mpeer[0m[2m=[0m12D3KooWSUjzxjgP5ZfafMxfkMEMEo7RwrF7khpEAKaEMHgJ5Pfv [3mrequest_id[0m[2m=[0mInboundRequestId(97)
[2m2026-03-16T02:08:42.889387Z[0m [32m INFO[0m [2mswarmllm::model::auto_manage[0m[2m:[0m DIAG: evaluate_and_prune starting [3mresource_pressure[0m[2m=[0m"0.12" [3mpressure_urgent[0m[2m=[0mfalse
[2m2026-03-16T02:08:44.557872Z[0m [32m INFO[0m [2mswarmllm::network::manager[0m[2m:[0m Received request [3mpeer[0m[2m=[0m12D3KooWSUjzxjgP5ZfafMxfkMEMEo7RwrF7khpEAKaEMHgJ5Pfv [3mkind[0m[2m=[0m"message"
[2m2026-03-16T02:08:44.558082Z[0m [32m INFO[0m [2mswarmllm::network::manager[0m[2m:[0m DIAG: ResponseSent event — response written to wire [3mpeer[0m[2m=[0m12D3KooWSUjzxjgP5ZfafMxfkMEMEo7RwrF7khpEAKaEMHgJ5Pfv [3mrequest_id[0m[2m=[0mInboundRequestId(98)
[2m2026-03-16T02:08:44.558991Z[0m [32m INFO[0m [2mswarmllm::network::manager[0m[2m:[0m DIAG: received response [3mpeer[0m[2m=[0m12D3KooWSUjzxjgP5ZfafMxfkMEMEo7RwrF7khpEAKaEMHgJ5Pfv [3mkind[0m[2m=[0m"ack" [3mrequest_id[0m[2m=[0mOutboundRequestId(98) [3mwas_tensor_forward[0m[2m=[0mfalse [3mpending_tensor_out[0m[2m=[0m0
[2m2026-03-16T02:08:44.561240Z[0m [32m INFO[0m [2mswarmllm::daemon::dispatch[0m[2m:[0m Received shard announce from peer [3mnode_id[0m[2m=[0mf78fbf0fba02769a [3mshards[0m[2m=[0m9
[2m2026-03-16T02:09:03.078658Z[0m [32m INFO[0m [2mswarmllm::network::manager[0m[2m:[0m DIAG: received response [3mpeer[0m[2m=[0m12D3KooWAyFfLinkAgFyQsC2SfHDizZ6yBg6BUUFYDYP1ZRVFaNr [3mkind[0m[2m=[0m"ack" [3mrequest_id[0m[2m=[0mOutboundRequestId(99) [3mwas_tensor_forward[0m[2m=[0mfalse [3mpending_tensor_out[0m[2m=[0m0
[2m2026-03-16T02:09:09.862510Z[0m [32m INFO[0m [2mswarmllm::network::manager[0m[2m:[0m Received request [3mpeer[0m[2m=[0m12D3KooWAyFfLinkAgFyQsC2SfHDizZ6yBg6BUUFYDYP1ZRVFaNr [3mkind[0m[2m=[0m"message"
[2m2026-03-16T02:09:09.862637Z[0m [32m INFO[0m [2mswarmllm::network::manager[0m[2m:[0m Received request [3mpeer[0m[2m=[0m12D3KooWSUjzxjgP5ZfafMxfkMEMEo7RwrF7khpEAKaEMHgJ5Pfv [3mkind[0m[2m=[0m"message"
[2m2026-03-16T02:09:09.862747Z[0m [32m INFO[0m [2mswarmllm::network::manager[0m[2m:[0m DIAG: ResponseSent event — response written to wire [3mpeer[0m[2m=[0m12D3KooWAyFfLinkAgFyQsC2SfHDizZ6yBg6BUUFYDYP1ZRVFaNr [3mrequest_id[0m[2m=[0mInboundRequestId(100)
[2m2026-03-16T02:09:09.862787Z[0m [32m INFO[0m [2mswarmllm::network::manager[0m[2m:[0m DIAG: ResponseSent event — response written to wire [3mpeer[0m[2m=[0m12D3KooWSUjzxjgP5ZfafMxfkMEMEo7RwrF7khpEAKaEMHgJ5Pfv [3mrequest_id[0m[2m=[0mInboundRequestId(99)
[2m2026-03-16T02:09:11.603288Z[0m [32m INFO[0m [2mswarmllm::network::manager[0m[2m:[0m DIAG: received response [3mpeer[0m[2m=[0m12D3KooWSUjzxjgP5ZfafMxfkMEMEo7RwrF7khpEAKaEMHgJ5Pfv [3mkind[0m[2m=[0m"ack" [3mrequest_id[0m[2m=[0mOutboundRequestId(100) [3mwas_tensor_forward[0m[2m=[0mfalse [3mpending_tensor_out[0m[2m=[0m0
[2m2026-03-16T02:09:11.604644Z[0m [32m INFO[0m [2mswarmllm::daemon::dispatch[0m[2m:[0m Received shard announce from peer [3mnode_id[0m[2m=[0mf78fbf0fba02769a [3mshards[0m[2m=[0m9
[2m2026-03-16T02:09:30.546154Z[0m [32m INFO[0m [2mswarmllm::network::manager[0m[2m:[0m DIAG: received response [3mpeer[0m[2m=[0m12D3KooWAyFfLinkAgFyQsC2SfHDizZ6yBg6BUUFYDYP1ZRVFaNr [3mkind[0m[2m=[0m"ack" [3mrequest_id[0m[2m=[0mOutboundRequestId(101) [3mwas_tensor_forward[0m[2m=[0mfalse [3mpending_tensor_out[0m[2m=[0m0
[2m2026-03-16T02:09:37.333840Z[0m [32m INFO[0m [2mswarmllm::network::manager[0m[2m:[0m Received request [3mpeer[0m[2m=[0m12D3KooWAyFfLinkAgFyQsC2SfHDizZ6yBg6BUUFYDYP1ZRVFaNr [3mkind[0m[2m=[0m"message"
[2m2026-03-16T02:09:37.333947Z[0m [32m INFO[0m [2mswarmllm::network::manager[0m[2m:[0m Received request [3mpeer[0m[2m=[0m12D3KooWSUjzxjgP5ZfafMxfkMEMEo7RwrF7khpEAKaEMHgJ5Pfv [3mkind[0m[2m=[0m"message"
[2m2026-03-16T02:09:37.334047Z[0m [32m INFO[0m [2mswarmllm::network::manager[0m[2m:[0m DIAG: ResponseSent event — response written to wire [3mpeer[0m[2m=[0m12D3KooWAyFfLinkAgFyQsC2SfHDizZ6yBg6BUUFYDYP1ZRVFaNr [3mrequest_id[0m[2m=[0mInboundRequestId(101)
[2m2026-03-16T02:09:37.334077Z[0m [32m INFO[0m [2mswarmllm::network::manager[0m[2m:[0m DIAG: ResponseSent event — response written to wire [3mpeer[0m[2m=[0m12D3KooWSUjzxjgP5ZfafMxfkMEMEo7RwrF7khpEAKaEMHgJ5Pfv [3mrequest_id[0m[2m=[0mInboundRequestId(102)
[2m2026-03-16T02:09:37.437696Z[0m [32m INFO[0m [2mswarmllm::model::auto_manage[0m[2m:[0m DIAG: evaluate_and_prune starting [3mresource_pressure[0m[2m=[0m"0.12" [3mpressure_urgent[0m[2m=[0mfalse
[2m2026-03-16T02:09:39.071673Z[0m [32m INFO[0m [2mswarmllm::network::manager[0m[2m:[0m DIAG: received response [3mpeer[0m[2m=[0m12D3KooWSUjzxjgP5ZfafMxfkMEMEo7RwrF7khpEAKaEMHgJ5Pfv [3mkind[0m[2m=[0m"ack" [3mrequest_id[0m[2m=[0mOutboundRequestId(102) [3mwas_tensor_forward[0m[2m=[0mfalse [3mpending_tensor_out[0m[2m=[0m0
[2m2026-03-16T02:09:39.073586Z[0m [32m INFO[0m [2mswarmllm::daemon::dispatch[0m[2m:[0m Received shard announce from peer [3mnode_id[0m[2m=[0mf78fbf0fba02769a [3mshards[0m[2m=[0m9
[2m2026-03-16T02:09:56.394823Z[0m [32m INFO[0m [2mswarmllm::model::auto_manage[0m[2m:[0m AutoShardManager: triggered by new HF source or manifest
[2m2026-03-16T02:09:51.189949Z[0m [32m INFO[0m [2mswarmllm::model::auto_manage[0m[2m:[0m DIAG: evaluate_and_prune starting [3mresource_pressure[0m[2m=[0m"0.12" [3mpressure_urgent[0m[2m=[0mfalse
[2m2026-03-16T02:09:57.557867Z[0m [32m INFO[0m [2mswarmllm::network::manager[0m[2m:[0m DIAG: received response [3mpeer[0m[2m=[0m12D3KooWAyFfLinkAgFyQsC2SfHDizZ6yBg6BUUFYDYP1ZRVFaNr [3mkind[0m[2m=[0m"ack" [3mrequest_id[0m[2m=[0mOutboundRequestId(103) [3mwas_tensor_forward[0m[2m=[0mfalse [3mpending_tensor_out[0m[2m=[0m0
[2m2026-03-16T02:10:04.343555Z[0m [32m INFO[0m [2mswarmllm::network::manager[0m[2m:[0m Received request [3mpeer[0m[2m=[0m12D3KooWSUjzxjgP5ZfafMxfkMEMEo7RwrF7khpEAKaEMHgJ5Pfv [3mkind[0m[2m=[0m"message"
[2m2026-03-16T02:10:04.343675Z[0m [32m INFO[0m [2mswarmllm::network::manager[0m[2m:[0m Received request [3mpeer[0m[2m=[0m12D3KooWAyFfLinkAgFyQsC2SfHDizZ6yBg6BUUFYDYP1ZRVFaNr [3mkind[0m[2m=[0m"message"
[2m2026-03-16T02:10:04.343774Z[0m [32m INFO[0m [2mswarmllm::network::manager[0m[2m:[0m DIAG: ResponseSent event — response written to wire [3mpeer[0m[2m=[0m12D3KooWAyFfLinkAgFyQsC2SfHDizZ6yBg6BUUFYDYP1ZRVFaNr [3mrequest_id[0m[2m=[0mInboundRequestId(103)
[2m2026-03-16T02:10:04.343806Z[0m [32m INFO[0m [2mswarmllm::network::manager[0m[2m:[0m DIAG: ResponseSent event — response written to wire [3mpeer[0m[2m=[0m12D3KooWSUjzxjgP5ZfafMxfkMEMEo7RwrF7khpEAKaEMHgJ5Pfv [3mrequest_id[0m[2m=[0mInboundRequestId(104)
[2m2026-03-16T02:10:06.082324Z[0m [32m INFO[0m [2mswarmllm::network::manager[0m[2m:[0m DIAG: received response [3mpeer[0m[2m=[0m12D3KooWSUjzxjgP5ZfafMxfkMEMEo7RwrF7khpEAKaEMHgJ5Pfv [3mkind[0m[2m=[0m"ack" [3mrequest_id[0m[2m=[0mOutboundRequestId(104) [3mwas_tensor_forward[0m[2m=[0mfalse [3mpending_tensor_out[0m[2m=[0m0
[2m2026-03-16T02:10:06.084234Z[0m [32m INFO[0m [2mswarmllm::daemon::dispatch[0m[2m:[0m Received shard announce from peer [3mnode_id[0m[2m=[0mf78fbf0fba02769a [3mshards[0m[2m=[0m9
[2m2026-03-16T02:10:25.057995Z[0m [32m INFO[0m [2mswarmllm::network::manager[0m[2m:[0m Received request [3mpeer[0m[2m=[0m12D3KooWAyFfLinkAgFyQsC2SfHDizZ6yBg6BUUFYDYP1ZRVFaNr [3mkind[0m[2m=[0m"message"
[2m2026-03-16T02:10:25.058076Z[0m [32m INFO[0m [2mswarmllm::network::manager[0m[2m:[0m Received request [3mpeer[0m[2m=[0m12D3KooWAyFfLinkAgFyQsC2SfHDizZ6yBg6BUUFYDYP1ZRVFaNr [3mkind[0m[2m=[0m"message"
[2m2026-03-16T02:10:25.058176Z[0m [32m INFO[0m [2mswarmllm::network::manager[0m[2m:[0m DIAG: ResponseSent event — response written to wire [3mpeer[0m[2m=[0m12D3KooWAyFfLinkAgFyQsC2SfHDizZ6yBg6BUUFYDYP1ZRVFaNr [3mrequest_id[0m[2m=[0mInboundRequestId(105)
[2m2026-03-16T02:10:25.058211Z[0m [32m INFO[0m [2mswarmllm::network::manager[0m[2m:[0m DIAG: ResponseSent event — response written to wire [3mpeer[0m[2m=[0m12D3KooWAyFfLinkAgFyQsC2SfHDizZ6yBg6BUUFYDYP1ZRVFaNr [3mrequest_id[0m[2m=[0mInboundRequestId(106)
[2m2026-03-16T02:10:25.059378Z[0m [32m INFO[0m [2mswarmllm::network::manager[0m[2m:[0m DIAG: received response [3mpeer[0m[2m=[0m12D3KooWAyFfLinkAgFyQsC2SfHDizZ6yBg6BUUFYDYP1ZRVFaNr [3mkind[0m[2m=[0m"ack" [3mrequest_id[0m[2m=[0mOutboundRequestId(105) [3mwas_tensor_forward[0m[2m=[0mfalse [3mpending_tensor_out[0m[2m=[0m0
[2m2026-03-16T02:10:25.059402Z[0m [32m INFO[0m [2mswarmllm::network::manager[0m[2m:[0m DIAG: received response [3mpeer[0m[2m=[0m12D3KooWAyFfLinkAgFyQsC2SfHDizZ6yBg6BUUFYDYP1ZRVFaNr [3mkind[0m[2m=[0m"ack" [3mrequest_id[0m[2m=[0mOutboundRequestId(106) [3mwas_tensor_forward[0m[2m=[0mfalse [3mpending_tensor_out[0m[2m=[0m0
[2m2026-03-16T02:10:31.835327Z[0m [32m INFO[0m [2mswarmllm::network::peer_cache[0m[2m:[0m Loaded cached peers from last session [3mcount[0m[2m=[0m6
[2m2026-03-16T02:10:31.835262Z[0m [32m INFO[0m [2mswarmllm::credit::ledger[0m[2m:[0m Gossiping credit balance [3mbalance_bucket[0m[2m=[0m4500 [3mtier[0m[2m=[0mSilver
[2m2026-03-16T02:10:31.835485Z[0m [32m INFO[0m [2mswarmllm::crypto::key_rotation[0m[2m:[0m DIAG: key rotation tick (re-keying) [3mactive_sessions[0m[2m=[0m2 [3mrekey_initiated[0m[2m=[0m2
[2m2026-03-16T02:10:31.846472Z[0m [32m INFO[0m [2mswarmllm::network::manager[0m[2m:[0m DIAG: rr_ping sent (health check) [3mpeer_id[0m[2m=[0m12D3KooWAyFfLinkAgFyQsC2SfHDizZ6yBg6BUUFYDYP1ZRVFaNr [3moutbound_id[0m[2m=[0mOutboundRequestId(107) [3mseq[0m[2m=[0m10 [3mrr_connected[0m[2m=[0mtrue [3mtotal_peers[0m[2m=[0m2 [3mpending_tensor_out[0m[2m=[0m0
[2m2026-03-16T02:10:31.846510Z[0m [32m INFO[0m [2mswarmllm::network::manager[0m[2m:[0m DIAG: rr_ping sent (health check) [3mpeer_id[0m[2m=[0m12D3KooWSUjzxjgP5ZfafMxfkMEMEo7RwrF7khpEAKaEMHgJ5Pfv [3moutbound_id[0m[2m=[0mOutboundRequestId(108) [3mseq[0m[2m=[0m10 [3mrr_connected[0m[2m=[0mtrue [3mtotal_peers[0m[2m=[0m2 [3mpending_tensor_out[0m[2m=[0m0
[2m2026-03-16T02:10:31.846861Z[0m [32m INFO[0m [2mswarmllm::network::manager[0m[2m:[0m DIAG: key exchange initiated [3mpeer_id[0m[2m=[0m12D3KooWAyFfLinkAgFyQsC2SfHDizZ6yBg6BUUFYDYP1ZRVFaNr [3mnode_id[0m[2m=[0m11228e88372ae2f0 [3msession_type[0m[2m=[0m"static"
[2m2026-03-16T02:10:31.846948Z[0m [32m INFO[0m [2mswarmllm::network::manager[0m[2m:[0m DIAG: encryption session established [3mpeer_id[0m[2m=[0m12D3KooWAyFfLinkAgFyQsC2SfHDizZ6yBg6BUUFYDYP1ZRVFaNr [3mnode_id[0m[2m=[0m11228e88372ae2f0 [3msession_type[0m[2m=[0m"static" [3msession_count[0m[2m=[0m2
[2m2026-03-16T02:10:31.848903Z[0m [32m INFO[0m [2mswarmllm::network::manager[0m[2m:[0m DIAG: received response [3mpeer[0m[2m=[0m12D3KooWSUjzxjgP5ZfafMxfkMEMEo7RwrF7khpEAKaEMHgJ5Pfv [3mkind[0m[2m=[0m"message" [3mrequest_id[0m[2m=[0mOutboundRequestId(108) [3mwas_tensor_forward[0m[2m=[0mfalse [3mpending_tensor_out[0m[2m=[0m0
[2m2026-03-16T02:10:31.848933Z[0m [32m INFO[0m [2mswarmllm::network::manager[0m[2m:[0m DIAG: received response [3mpeer[0m[2m=[0m12D3KooWSUjzxjgP5ZfafMxfkMEMEo7RwrF7khpEAKaEMHgJ5Pfv [3mkind[0m[2m=[0m"ack" [3mrequest_id[0m[2m=[0mOutboundRequestId(109) [3mwas_tensor_forward[0m[2m=[0mfalse [3mpending_tensor_out[0m[2m=[0m0
[2m2026-03-16T02:10:31.848948Z[0m [32m INFO[0m [2mswarmllm::network::manager[0m[2m:[0m Received request [3mpeer[0m[2m=[0m12D3KooWSUjzxjgP5ZfafMxfkMEMEo7RwrF7khpEAKaEMHgJ5Pfv [3mkind[0m[2m=[0m"message"
[2m2026-03-16T02:10:31.849649Z[0m [32m INFO[0m [2mswarmllm::network::manager[0m[2m:[0m DIAG: ResponseSent event — response written to wire [3mpeer[0m[2m=[0m12D3KooWSUjzxjgP5ZfafMxfkMEMEo7RwrF7khpEAKaEMHgJ5Pfv [3mrequest_id[0m[2m=[0mInboundRequestId(107)
[2m2026-03-16T02:10:31.849693Z[0m [32m INFO[0m [2mswarmllm::network::manager[0m[2m:[0m Received request [3mpeer[0m[2m=[0m12D3KooWSUjzxjgP5ZfafMxfkMEMEo7RwrF7khpEAKaEMHgJ5Pfv [3mkind[0m[2m=[0m"message"
[2m2026-03-16T02:10:31.849788Z[0m [32m INFO[0m [2mswarmllm::network::manager[0m[2m:[0m DIAG: ResponseSent event — response written to wire [3mpeer[0m[2m=[0m12D3KooWSUjzxjgP5ZfafMxfkMEMEo7RwrF7khpEAKaEMHgJ5Pfv [3mrequest_id[0m[2m=[0mInboundRequestId(108)
[2m2026-03-16T02:10:31.851635Z[0m [32m INFO[0m [2mswarmllm::network::manager[0m[2m:[0m DIAG: received response [3mpeer[0m[2m=[0m12D3KooWAyFfLinkAgFyQsC2SfHDizZ6yBg6BUUFYDYP1ZRVFaNr [3mkind[0m[2m=[0m"message" [3mrequest_id[0m[2m=[0mOutboundRequestId(107) [3mwas_tensor_forward[0m[2m=[0mfalse [3mpending_tensor_out[0m[2m=[0m0
[2m2026-03-16T02:10:31.851689Z[0m [32m INFO[0m [2mswarmllm::network::manager[0m[2m:[0m DIAG: received response [3mpeer[0m[2m=[0m12D3KooWAyFfLinkAgFyQsC2SfHDizZ6yBg6BUUFYDYP1ZRVFaNr [3mkind[0m[2m=[0m"ack" [3mrequest_id[0m[2m=[0mOutboundRequestId(110) [3mwas_tensor_forward[0m[2m=[0mfalse [3mpending_tensor_out[0m[2m=[0m0
[2m2026-03-16T02:10:31.851990Z[0m [32m INFO[0m [2mswarmllm::network::manager[0m[2m:[0m Received request [3mpeer[0m[2m=[0m12D3KooWAyFfLinkAgFyQsC2SfHDizZ6yBg6BUUFYDYP1ZRVFaNr [3mkind[0m[2m=[0m"message"
[2m2026-03-16T02:10:31.852205Z[0m [32m INFO[0m [2mswarmllm::network::manager[0m[2m:[0m DIAG: ResponseSent event — response written to wire [3mpeer[0m[2m=[0m12D3KooWAyFfLinkAgFyQsC2SfHDizZ6yBg6BUUFYDYP1ZRVFaNr [3mrequest_id[0m[2m=[0mInboundRequestId(109)
[2m2026-03-16T02:10:31.852333Z[0m [32m INFO[0m [2mswarmllm::network::manager[0m[2m:[0m Received request [3mpeer[0m[2m=[0m12D3KooWAyFfLinkAgFyQsC2SfHDizZ6yBg6BUUFYDYP1ZRVFaNr [3mkind[0m[2m=[0m"message"
[2m2026-03-16T02:10:31.852601Z[0m [32m INFO[0m [2mswarmllm::network::manager[0m[2m:[0m DIAG: ResponseSent event — response written to wire [3mpeer[0m[2m=[0m12D3KooWAyFfLinkAgFyQsC2SfHDizZ6yBg6BUUFYDYP1ZRVFaNr [3mrequest_id[0m[2m=[0mInboundRequestId(110)
[2m2026-03-16T02:10:31.953829Z[0m [32m INFO[0m [2mswarmllm::model::auto_manage[0m[2m:[0m DIAG: evaluate_and_prune starting [3mresource_pressure[0m[2m=[0m"0.12" [3mpressure_urgent[0m[2m=[0mfalse
[2m2026-03-16T02:10:33.582180Z[0m [32m INFO[0m [2mswarmllm::network::manager[0m[2m:[0m DIAG: received response [3mpeer[0m[2m=[0m12D3KooWSUjzxjgP5ZfafMxfkMEMEo7RwrF7khpEAKaEMHgJ5Pfv [3mkind[0m[2m=[0m"ack" [3mrequest_id[0m[2m=[0mOutboundRequestId(111) [3mwas_tensor_forward[0m[2m=[0mfalse [3mpending_tensor_out[0m[2m=[0m0
[2m2026-03-16T02:10:33.582702Z[0m [32m INFO[0m [2mswarmllm::network::manager[0m[2m:[0m Received request [3mpeer[0m[2m=[0m12D3KooWSUjzxjgP5ZfafMxfkMEMEo7RwrF7khpEAKaEMHgJ5Pfv [3mkind[0m[2m=[0m"message"
[2m2026-03-16T02:10:33.582739Z[0m [32m INFO[0m [2mswarmllm::network::manager[0m[2m:[0m Received request [3mpeer[0m[2m=[0m12D3KooWSUjzxjgP5ZfafMxfkMEMEo7RwrF7khpEAKaEMHgJ5Pfv [3mkind[0m[2m=[0m"message"
[2m2026-03-16T02:10:33.582958Z[0m [32m INFO[0m [2mswarmllm::network::manager[0m[2m:[0m DIAG: ResponseSent event — response written to wire [3mpeer[0m[2m=[0m12D3KooWSUjzxjgP5ZfafMxfkMEMEo7RwrF7khpEAKaEMHgJ5Pfv [3mrequest_id[0m[2m=[0mInboundRequestId(111)
[2m2026-03-16T02:10:33.582974Z[0m [32m INFO[0m [2mswarmllm::network::manager[0m[2m:[0m DIAG: ResponseSent event — response written to wire [3mpeer[0m[2m=[0m12D3KooWSUjzxjgP5ZfafMxfkMEMEo7RwrF7khpEAKaEMHgJ5Pfv [3mrequest_id[0m[2m=[0mInboundRequestId(112)
[2m2026-03-16T02:10:33.582999Z[0m [32m INFO[0m [2mswarmllm::daemon::dispatch[0m[2m:[0m Received shard announce from peer [3mnode_id[0m[2m=[0mf78fbf0fba02769a [3mshards[0m[2m=[0m9
[2m2026-03-16T02:10:33.584107Z[0m [32m INFO[0m [2mswarmllm::network::manager[0m[2m:[0m DIAG: received response [3mpeer[0m[2m=[0m12D3KooWSUjzxjgP5ZfafMxfkMEMEo7RwrF7khpEAKaEMHgJ5Pfv [3mkind[0m[2m=[0m"ack" [3mrequest_id[0m[2m=[0mOutboundRequestId(112) [3mwas_tensor_forward[0m[2m=[0mfalse [3mpending_tensor_out[0m[2m=[0m0
[2m2026-03-16T02:10:33.587690Z[0m [32m INFO[0m [2mswarmllm::network::manager[0m[2m:[0m DIAG: key exchange initiated [3mpeer_id[0m[2m=[0m12D3KooWSUjzxjgP5ZfafMxfkMEMEo7RwrF7khpEAKaEMHgJ5Pfv [3mnode_id[0m[2m=[0mf78fbf0fba02769a [3msession_type[0m[2m=[0m"static"
[2m2026-03-16T02:10:33.587815Z[0m [32m INFO[0m [2mswarmllm::network::manager[0m[2m:[0m DIAG: encryption session established [3mpeer_id[0m[2m=[0m12D3KooWSUjzxjgP5ZfafMxfkMEMEo7RwrF7khpEAKaEMHgJ5Pfv [3mnode_id[0m[2m=[0mf78fbf0fba02769a [3msession_type[0m[2m=[0m"static" [3msession_count[0m[2m=[0m2
[2m2026-03-16T02:10:45.887684Z[0m [32m INFO[0m [2mswarmllm::model::auto_manage[0m[2m:[0m AutoShardManager: triggered by new HF source or manifest
[2m2026-03-16T02:10:45.988109Z[0m [32m INFO[0m [2mswarmllm::model::auto_manage[0m[2m:[0m DIAG: evaluate_and_prune starting [3mresource_pressure[0m[2m=[0m"0.12" [3mpressure_urgent[0m[2m=[0mfalse
[2m2026-03-16T02:10:52.057578Z[0m [32m INFO[0m [2mswarmllm::network::manager[0m[2m:[0m DIAG: received response [3mpeer[0m[2m=[0m12D3KooWAyFfLinkAgFyQsC2SfHDizZ6yBg6BUUFYDYP1ZRVFaNr [3mkind[0m[2m=[0m"ack" [3mrequest_id[0m[2m=[0mOutboundRequestId(113) [3mwas_tensor_forward[0m[2m=[0mfalse [3mpending_tensor_out[0m[2m=[0m0
[2m2026-03-16T02:10:58.846817Z[0m [32m INFO[0m [2mswarmllm::network::manager[0m[2m:[0m Received request [3mpeer[0m[2m=[0m12D3KooWAyFfLinkAgFyQsC2SfHDizZ6yBg6BUUFYDYP1ZRVFaNr [3mkind[0m[2m=[0m"message"
[2m2026-03-16T02:10:58.846878Z[0m [32m INFO[0m [2mswarmllm::network::manager[0m[2m:[0m Received request [3mpeer[0m[2m=[0m12D3KooWSUjzxjgP5ZfafMxfkMEMEo7RwrF7khpEAKaEMHgJ5Pfv [3mkind[0m[2m=[0m"message"
[2m2026-03-16T02:10:58.846952Z[0m [32m INFO[0m [2mswarmllm::network::manager[0m[2m:[0m DIAG: ResponseSent event — response written to wire [3mpeer[0m[2m=[0m12D3KooWAyFfLinkAgFyQsC2SfHDizZ6yBg6BUUFYDYP1ZRVFaNr [3mrequest_id[0m[2m=[0mInboundRequestId(113)
[2m2026-03-16T02:10:58.846979Z[0m [32m INFO[0m [2mswarmllm::network::manager[0m[2m:[0m DIAG: ResponseSent event — response written to wire [3mpeer[0m[2m=[0m12D3KooWSUjzxjgP5ZfafMxfkMEMEo7RwrF7khpEAKaEMHgJ5Pfv [3mrequest_id[0m[2m=[0mInboundRequestId(114)
[2m2026-03-16T02:11:00.582161Z[0m [32m INFO[0m [2mswarmllm::network::manager[0m[2m:[0m DIAG: received response [3mpeer[0m[2m=[0m12D3KooWSUjzxjgP5ZfafMxfkMEMEo7RwrF7khpEAKaEMHgJ5Pfv [3mkind[0m[2m=[0m"ack" [3mrequest_id[0m[2m=[0mOutboundRequestId(114) [3mwas_tensor_forward[0m[2m=[0mfalse [3mpending_tensor_out[0m[2m=[0m0
[2m2026-03-16T02:11:00.583603Z[0m [32m INFO[0m [2mswarmllm::daemon::dispatch[0m[2m:[0m Received shard announce from peer [3mnode_id[0m[2m=[0mf78fbf0fba02769a [3mshards[0m[2m=[0m9
[2m2026-03-16T02:11:19.553602Z[0m [32m INFO[0m [2mswarmllm::network::manager[0m[2m:[0m DIAG: received response [3mpeer[0m[2m=[0m12D3KooWAyFfLinkAgFyQsC2SfHDizZ6yBg6BUUFYDYP1ZRVFaNr [3mkind[0m[2m=[0m"ack" [3mrequest_id[0m[2m=[0mOutboundRequestId(115) [3mwas_tensor_forward[0m[2m=[0mfalse [3mpending_tensor_out[0m[2m=[0m0
[2m2026-03-16T02:11:26.340916Z[0m [32m INFO[0m [2mswarmllm::network::manager[0m[2m:[0m Received request [3mpeer[0m[2m=[0m12D3KooWSUjzxjgP5ZfafMxfkMEMEo7RwrF7khpEAKaEMHgJ5Pfv [3mkind[0m[2m=[0m"message"
[2m2026-03-16T02:11:26.340999Z[0m [32m INFO[0m [2mswarmllm::network::manager[0m[2m:[0m Received request [3mpeer[0m[2m=[0m12D3KooWAyFfLinkAgFyQsC2SfHDizZ6yBg6BUUFYDYP1ZRVFaNr [3mkind[0m[2m=[0m"message"
[2m2026-03-16T02:11:26.341152Z[0m [32m INFO[0m [2mswarmllm::network::manager[0m[2m:[0m DIAG: ResponseSent event — response written to wire [3mpeer[0m[2m=[0m12D3KooWSUjzxjgP5ZfafMxfkMEMEo7RwrF7khpEAKaEMHgJ5Pfv [3mrequest_id[0m[2m=[0mInboundRequestId(115)
[2m2026-03-16T02:11:26.341194Z[0m [32m INFO[0m [2mswarmllm::network::manager[0m[2m:[0m DIAG: ResponseSent event — response written to wire [3mpeer[0m[2m=[0m12D3KooWAyFfLinkAgFyQsC2SfHDizZ6yBg6BUUFYDYP1ZRVFaNr [3mrequest_id[0m[2m=[0mInboundRequestId(116)
[2m2026-03-16T02:11:26.449523Z[0m [32m INFO[0m [2mswarmllm::model::auto_manage[0m[2m:[0m DIAG: evaluate_and_prune starting [3mresource_pressure[0m[2m=[0m"0.12" [3mpressure_urgent[0m[2m=[0mfalse
[2m2026-03-16T02:11:28.079082Z[0m [32m INFO[0m [2mswarmllm::network::manager[0m[2m:[0m DIAG: received response [3mpeer[0m[2m=[0m12D3KooWSUjzxjgP5ZfafMxfkMEMEo7RwrF7khpEAKaEMHgJ5Pfv [3mkind[0m[2m=[0m"ack" [3mrequest_id[0m[2m=[0mOutboundRequestId(116) [3mwas_tensor_forward[0m[2m=[0mfalse [3mpending_tensor_out[0m[2m=[0m0
[2m2026-03-16T02:11:28.080727Z[0m [32m INFO[0m [2mswarmllm::daemon::dispatch[0m[2m:[0m Received shard announce from peer [3mnode_id[0m[2m=[0mf78fbf0fba02769a [3mshards[0m[2m=[0m9
[2m2026-03-16T02:11:46.894537Z[0m [32m INFO[0m [2mswarmllm::network::manager[0m[2m:[0m DIAG: received response [3mpeer[0m[2m=[0m12D3KooWAyFfLinkAgFyQsC2SfHDizZ6yBg6BUUFYDYP1ZRVFaNr [3mkind[0m[2m=[0m"ack" [3mrequest_id[0m[2m=[0mOutboundRequestId(117) [3mwas_tensor_forward[0m[2m=[0mfalse [3mpending_tensor_out[0m[2m=[0m0
[2m2026-03-16T02:11:53.679054Z[0m [32m INFO[0m [2mswarmllm::network::manager[0m[2m:[0m Received request [3mpeer[0m[2m=[0m12D3KooWAyFfLinkAgFyQsC2SfHDizZ6yBg6BUUFYDYP1ZRVFaNr [3mkind[0m[2m=[0m"message"
[2m2026-03-16T02:11:53.679112Z[0m [32m INFO[0m [2mswarmllm::network::manager[0m[2m:[0m Received request [3mpeer[0m[2m=[0m12D3KooWSUjzxjgP5ZfafMxfkMEMEo7RwrF7khpEAKaEMHgJ5Pfv [3mkind[0m[2m=[0m"message"
[2m2026-03-16T02:11:53.679214Z[0m [32m INFO[0m [2mswarmllm::network::manager[0m[2m:[0m DIAG: ResponseSent event — response written to wire [3mpeer[0m[2m=[0m12D3KooWAyFfLinkAgFyQsC2SfHDizZ6yBg6BUUFYDYP1ZRVFaNr [3mrequest_id[0m[2m=[0mInboundRequestId(117)
[2m2026-03-16T02:11:53.679249Z[0m [32m INFO[0m [2mswarmllm::network::manager[0m[2m:[0m DIAG: ResponseSent event — response written to wire [3mpeer[0m[2m=[0m12D3KooWSUjzxjgP5ZfafMxfkMEMEo7RwrF7khpEAKaEMHgJ5Pfv [3mrequest_id[0m[2m=[0mInboundRequestId(118)
[2m2026-03-16T02:11:55.418215Z[0m [32m INFO[0m [2mswarmllm::network::manager[0m[2m:[0m DIAG: received response [3mpeer[0m[2m=[0m12D3KooWSUjzxjgP5ZfafMxfkMEMEo7RwrF7khpEAKaEMHgJ5Pfv [3mkind[0m[2m=[0m"ack" [3mrequest_id[0m[2m=[0mOutboundRequestId(118) [3mwas_tensor_forward[0m[2m=[0mfalse [3mpending_tensor_out[0m[2m=[0m0
[2m2026-03-16T02:11:55.419929Z[0m [32m INFO[0m [2mswarmllm::daemon::dispatch[0m[2m:[0m Received shard announce from peer [3mnode_id[0m[2m=[0mf78fbf0fba02769a [3mshards[0m[2m=[0m9
[2m2026-03-16T02:12:07.564238Z[0m [32m INFO[0m [2mswarmllm::model::auto_manage[0m[2m:[0m AutoShardManager: triggered by new HF source or manifest
[2m2026-03-16T02:12:07.662828Z[0m [32m INFO[0m [2mswarmllm::model::auto_manage[0m[2m:[0m DIAG: evaluate_and_prune starting [3mresource_pressure[0m[2m=[0m"0.12" [3mpressure_urgent[0m[2m=[0mfalse
[2m2026-03-16T02:12:14.031251Z[0m [32m INFO[0m [2mswarmllm::network::manager[0m[2m:[0m Received request [3mpeer[0m[2m=[0m12D3KooWAyFfLinkAgFyQsC2SfHDizZ6yBg6BUUFYDYP1ZRVFaNr [3mkind[0m[2m=[0m"message"
[2m2026-03-16T02:12:14.031554Z[0m [32m INFO[0m [2mswarmllm::network::manager[0m[2m:[0m DIAG: ResponseSent event — response written to wire [3mpeer[0m[2m=[0m12D3KooWAyFfLinkAgFyQsC2SfHDizZ6yBg6BUUFYDYP1ZRVFaNr [3mrequest_id[0m[2m=[0mInboundRequestId(119)
[2m2026-03-16T02:12:14.032067Z[0m [32m INFO[0m [2mswarmllm::network::manager[0m[2m:[0m DIAG: received response [3mpeer[0m[2m=[0m12D3KooWAyFfLinkAgFyQsC2SfHDizZ6yBg6BUUFYDYP1ZRVFaNr [3mkind[0m[2m=[0m"ack" [3mrequest_id[0m[2m=[0mOutboundRequestId(119) [3mwas_tensor_forward[0m[2m=[0mfalse [3mpending_tensor_out[0m[2m=[0m0
[2m2026-03-16T02:12:20.822850Z[0m [32m INFO[0m [2mswarmllm::network::manager[0m[2m:[0m DIAG: rr_ping sent (health check) [3mpeer_id[0m[2m=[0m12D3KooWAyFfLinkAgFyQsC2SfHDizZ6yBg6BUUFYDYP1ZRVFaNr [3moutbound_id[0m[2m=[0mOutboundRequestId(120) [3mseq[0m[2m=[0m11 [3mrr_connected[0m[2m=[0mtrue [3mtotal_peers[0m[2m=[0m2 [3mpending_tensor_out[0m[2m=[0m0
[2m2026-03-16T02:12:20.822941Z[0m [32m INFO[0m [2mswarmllm::network::manager[0m[2m:[0m DIAG: rr_ping sent (health check) [3mpeer_id[0m[2m=[0m12D3KooWSUjzxjgP5ZfafMxfkMEMEo7RwrF7khpEAKaEMHgJ5Pfv [3moutbound_id[0m[2m=[0mOutboundRequestId(121) [3mseq[0m[2m=[0m11 [3mrr_connected[0m[2m=[0mtrue [3mtotal_peers[0m[2m=[0m2 [3mpending_tensor_out[0m[2m=[0m0
[2m2026-03-16T02:12:20.824422Z[0m [32m INFO[0m [2mswarmllm::network::manager[0m[2m:[0m DIAG: received response [3mpeer[0m[2m=[0m12D3KooWAyFfLinkAgFyQsC2SfHDizZ6yBg6BUUFYDYP1ZRVFaNr [3mkind[0m[2m=[0m"message" [3mrequest_id[0m[2m=[0mOutboundRequestId(120) [3mwas_tensor_forward[0m[2m=[0mfalse [3mpending_tensor_out[0m[2m=[0m0
[2m2026-03-16T02:12:20.824462Z[0m [32m INFO[0m [2mswarmllm::network::manager[0m[2m:[0m DIAG: received response [3mpeer[0m[2m=[0m12D3KooWSUjzxjgP5ZfafMxfkMEMEo7RwrF7khpEAKaEMHgJ5Pfv [3mkind[0m[2m=[0m"message" [3mrequest_id[0m[2m=[0mOutboundRequestId(121) [3mwas_tensor_forward[0m[2m=[0mfalse [3mpending_tensor_out[0m[2m=[0m0
[2m2026-03-16T02:12:20.824720Z[0m [32m INFO[0m [2mswarmllm::network::manager[0m[2m:[0m Received request [3mpeer[0m[2m=[0m12D3KooWSUjzxjgP5ZfafMxfkMEMEo7RwrF7khpEAKaEMHgJ5Pfv [3mkind[0m[2m=[0m"message"
[2m2026-03-16T02:12:20.824743Z[0m [32m INFO[0m [2mswarmllm::network::manager[0m[2m:[0m Received request [3mpeer[0m[2m=[0m12D3KooWAyFfLinkAgFyQsC2SfHDizZ6yBg6BUUFYDYP1ZRVFaNr [3mkind[0m[2m=[0m"message"
[2m2026-03-16T02:12:20.824806Z[0m [32m INFO[0m [2mswarmllm::network::manager[0m[2m:[0m DIAG: ResponseSent event — response written to wire [3mpeer[0m[2m=[0m12D3KooWAyFfLinkAgFyQsC2SfHDizZ6yBg6BUUFYDYP1ZRVFaNr [3mrequest_id[0m[2m=[0mInboundRequestId(121)
[2m2026-03-16T02:12:20.824822Z[0m [32m INFO[0m [2mswarmllm::network::manager[0m[2m:[0m DIAG: ResponseSent event — response written to wire [3mpeer[0m[2m=[0m12D3KooWSUjzxjgP5ZfafMxfkMEMEo7RwrF7khpEAKaEMHgJ5Pfv [3mrequest_id[0m[2m=[0mInboundRequestId(120)
[2m2026-03-16T02:12:20.930285Z[0m [32m INFO[0m [2mswarmllm::model::auto_manage[0m[2m:[0m DIAG: evaluate_and_prune starting [3mresource_pressure[0m[2m=[0m"0.12" [3mpressure_urgent[0m[2m=[0mfalse
[2m2026-03-16T02:12:22.558792Z[0m [32m INFO[0m [2mswarmllm::network::manager[0m[2m:[0m Received request [3mpeer[0m[2m=[0m12D3KooWSUjzxjgP5ZfafMxfkMEMEo7RwrF7khpEAKaEMHgJ5Pfv [3mkind[0m[2m=[0m"message"
[2m2026-03-16T02:12:22.558999Z[0m [32m INFO[0m [2mswarmllm::network::manager[0m[2m:[0m DIAG: ResponseSent event — response written to wire [3mpeer[0m[2m=[0m12D3KooWSUjzxjgP5ZfafMxfkMEMEo7RwrF7khpEAKaEMHgJ5Pfv [3mrequest_id[0m[2m=[0mInboundRequestId(122)
[2m2026-03-16T02:12:22.560147Z[0m [32m INFO[0m [2mswarmllm::network::manager[0m[2m:[0m DIAG: received response [3mpeer[0m[2m=[0m12D3KooWSUjzxjgP5ZfafMxfkMEMEo7RwrF7khpEAKaEMHgJ5Pfv [3mkind[0m[2m=[0m"ack" [3mrequest_id[0m[2m=[0mOutboundRequestId(122) [3mwas_tensor_forward[0m[2m=[0mfalse [3mpending_tensor_out[0m[2m=[0m0
[2m2026-03-16T02:12:22.561445Z[0m [32m INFO[0m [2mswarmllm::daemon::dispatch[0m[2m:[0m Received shard announce from peer [3mnode_id[0m[2m=[0mf78fbf0fba02769a [3mshards[0m[2m=[0m9
[2m2026-03-16T02:12:41.447592Z[0m [32m INFO[0m [2mswarmllm::network::manager[0m[2m:[0m DIAG: received response [3mpeer[0m[2m=[0m12D3KooWAyFfLinkAgFyQsC2SfHDizZ6yBg6BUUFYDYP1ZRVFaNr [3mkind[0m[2m=[0m"ack" [3mrequest_id[0m[2m=[0mOutboundRequestId(123) [3mwas_tensor_forward[0m[2m=[0mfalse [3mpending_tensor_out[0m[2m=[0m0
[2m2026-03-16T02:12:48.235192Z[0m [32m INFO[0m [2mswarmllm::network::manager[0m[2m:[0m Received request [3mpeer[0m[2m=[0m12D3KooWAyFfLinkAgFyQsC2SfHDizZ6yBg6BUUFYDYP1ZRVFaNr [3mkind[0m[2m=[0m"message"
[2m2026-03-16T02:12:48.235342Z[0m [32m INFO[0m [2mswarmllm::network::manager[0m[2m:[0m DIAG: ResponseSent event — response written to wire [3mpeer[0m[2m=[0m12D3KooWAyFfLinkAgFyQsC2SfHDizZ6yBg6BUUFYDYP1ZRVFaNr [3mrequest_id[0m[2m=[0mInboundRequestId(123)
[2m2026-03-16T02:12:48.235370Z[0m [32m INFO[0m [2mswarmllm::network::manager[0m[2m:[0m Received request [3mpeer[0m[2m=[0m12D3KooWSUjzxjgP5ZfafMxfkMEMEo7RwrF7khpEAKaEMHgJ5Pfv [3mkind[0m[2m=[0m"message"
[2m2026-03-16T02:12:48.235588Z[0m [32m INFO[0m [2mswarmllm::network::manager[0m[2m:[0m DIAG: ResponseSent event — response written to wire [3mpeer[0m[2m=[0m12D3KooWSUjzxjgP5ZfafMxfkMEMEo7RwrF7khpEAKaEMHgJ5Pfv [3mrequest_id[0m[2m=[0mInboundRequestId(124)
[2m2026-03-16T02:12:49.972754Z[0m [32m INFO[0m [2mswarmllm::network::manager[0m[2m:[0m DIAG: received response [3mpeer[0m[2m=[0m12D3KooWSUjzxjgP5ZfafMxfkMEMEo7RwrF7khpEAKaEMHgJ5Pfv [3mkind[0m[2m=[0m"ack" [3mrequest_id[0m[2m=[0mOutboundRequestId(124) [3mwas_tensor_forward[0m[2m=[0mfalse [3mpending_tensor_out[0m[2m=[0m0
[2m2026-03-16T02:12:49.975357Z[0m [32m INFO[0m [2mswarmllm::daemon::dispatch[0m[2m:[0m Received shard announce from peer [3mnode_id[0m[2m=[0mf78fbf0fba02769a [3mshards[0m[2m=[0m9
[2m2026-03-16T02:13:02.068576Z[0m [32m INFO[0m [2mswarmllm::model::auto_manage[0m[2m:[0m AutoShardManager: triggered by new HF source or manifest
[2m2026-03-16T02:13:02.173295Z[0m [32m INFO[0m [2mswarmllm::model::auto_manage[0m[2m:[0m DIAG: evaluate_and_prune starting [3mresource_pressure[0m[2m=[0m"0.12" [3mpressure_urgent[0m[2m=[0mfalse
[2m2026-03-16T02:13:08.537067Z[0m [32m INFO[0m [2mswarmllm::network::manager[0m[2m:[0m DIAG: received response [3mpeer[0m[2m=[0m12D3KooWAyFfLinkAgFyQsC2SfHDizZ6yBg6BUUFYDYP1ZRVFaNr [3mkind[0m[2m=[0m"ack" [3mrequest_id[0m[2m=[0mOutboundRequestId(125) [3mwas_tensor_forward[0m[2m=[0mfalse [3mpending_tensor_out[0m[2m=[0m0
[2m2026-03-16T02:13:15.322658Z[0m [32m INFO[0m [2mswarmllm::network::manager[0m[2m:[0m Received request [3mpeer[0m[2m=[0m12D3KooWAyFfLinkAgFyQsC2SfHDizZ6yBg6BUUFYDYP1ZRVFaNr [3mkind[0m[2m=[0m"message"
[2m2026-03-16T02:13:15.322725Z[0m [32m INFO[0m [2mswarmllm::network::manager[0m[2m:[0m Received request [3mpeer[0m[2m=[0m12D3KooWSUjzxjgP5ZfafMxfkMEMEo7RwrF7khpEAKaEMHgJ5Pfv [3mkind[0m[2m=[0m"message"
[2m2026-03-16T02:13:15.322831Z[0m [32m INFO[0m [2mswarmllm::network::manager[0m[2m:[0m DIAG: ResponseSent event — response written to wire [3mpeer[0m[2m=[0m12D3KooWAyFfLinkAgFyQsC2SfHDizZ6yBg6BUUFYDYP1ZRVFaNr [3mrequest_id[0m[2m=[0mInboundRequestId(126)
[2m2026-03-16T02:13:15.322870Z[0m [32m INFO[0m [2mswarmllm::network::manager[0m[2m:[0m DIAG: ResponseSent event — response written to wire [3mpeer[0m[2m=[0m12D3KooWSUjzxjgP5ZfafMxfkMEMEo7RwrF7khpEAKaEMHgJ5Pfv [3mrequest_id[0m[2m=[0mInboundRequestId(125)
[2m2026-03-16T02:13:15.425164Z[0m [32m INFO[0m [2mswarmllm::model::auto_manage[0m[2m:[0m DIAG: evaluate_and_prune starting [3mresource_pressure[0m[2m=[0m"0.12" [3mpressure_urgent[0m[2m=[0mfalse
[2m2026-03-16T02:13:17.066645Z[0m [32m INFO[0m [2mswarmllm::network::manager[0m[2m:[0m DIAG: received response [3mpeer[0m[2m=[0m12D3KooWSUjzxjgP5ZfafMxfkMEMEo7RwrF7khpEAKaEMHgJ5Pfv [3mkind[0m[2m=[0m"ack" [3mrequest_id[0m[2m=[0mOutboundRequestId(126) [3mwas_tensor_forward[0m[2m=[0mfalse [3mpending_tensor_out[0m[2m=[0m0
[2m2026-03-16T02:13:17.068425Z[0m [32m INFO[0m [2mswarmllm::daemon::dispatch[0m[2m:[0m Received shard announce from peer [3mnode_id[0m[2m=[0mf78fbf0fba02769a [3mshards[0m[2m=[0m9
[2m2026-03-16T02:13:35.979673Z[0m [32m INFO[0m [2mswarmllm::network::manager[0m[2m:[0m DIAG: received response [3mpeer[0m[2m=[0m12D3KooWAyFfLinkAgFyQsC2SfHDizZ6yBg6BUUFYDYP1ZRVFaNr [3mkind[0m[2m=[0m"ack" [3mrequest_id[0m[2m=[0mOutboundRequestId(127) [3mwas_tensor_forward[0m[2m=[0mfalse [3mpending_tensor_out[0m[2m=[0m0
[2m2026-03-16T02:13:42.764482Z[0m [32m INFO[0m [2mswarmllm::network::manager[0m[2m:[0m Received request [3mpeer[0m[2m=[0m12D3KooWAyFfLinkAgFyQsC2SfHDizZ6yBg6BUUFYDYP1ZRVFaNr [3mkind[0m[2m=[0m"message"
[2m2026-03-16T02:13:42.764571Z[0m [32m INFO[0m [2mswarmllm::network::manager[0m[2m:[0m Received request [3mpeer[0m[2m=[0m12D3KooWSUjzxjgP5ZfafMxfkMEMEo7RwrF7khpEAKaEMHgJ5Pfv [3mkind[0m[2m=[0m"message"
[2m2026-03-16T02:13:42.764666Z[0m [32m INFO[0m [2mswarmllm::network::manager[0m[2m:[0m DIAG: ResponseSent event — response written to wire [3mpeer[0m[2m=[0m12D3KooWSUjzxjgP5ZfafMxfkMEMEo7RwrF7khpEAKaEMHgJ5Pfv [3mrequest_id[0m[2m=[0mInboundRequestId(128)
[2m2026-03-16T02:13:42.764711Z[0m [32m INFO[0m [2mswarmllm::network::manager[0m[2m:[0m DIAG: ResponseSent event — response written to wire [3mpeer[0m[2m=[0m12D3KooWAyFfLinkAgFyQsC2SfHDizZ6yBg6BUUFYDYP1ZRVFaNr [3mrequest_id[0m[2m=[0mInboundRequestId(127)
[2m2026-03-16T02:13:44.506691Z[0m [32m INFO[0m [2mswarmllm::network::manager[0m[2m:[0m DIAG: received response [3mpeer[0m[2m=[0m12D3KooWSUjzxjgP5ZfafMxfkMEMEo7RwrF7khpEAKaEMHgJ5Pfv [3mkind[0m[2m=[0m"ack" [3mrequest_id[0m[2m=[0mOutboundRequestId(128) [3mwas_tensor_forward[0m[2m=[0mfalse [3mpending_tensor_out[0m[2m=[0m0
[2m2026-03-16T02:13:44.508542Z[0m [32m INFO[0m [2mswarmllm::daemon::dispatch[0m[2m:[0m Received shard announce from peer [3mnode_id[0m[2m=[0mf78fbf0fba02769a [3mshards[0m[2m=[0m9
[2m2026-03-16T02:13:56.548551Z[0m [32m INFO[0m [2mswarmllm::model::auto_manage[0m[2m:[0m AutoShardManager: triggered by new HF source or manifest
[2m2026-03-16T02:13:56.651118Z[0m [32m INFO[0m [2mswarmllm::model::auto_manage[0m[2m:[0m DIAG: evaluate_and_prune starting [3mresource_pressure[0m[2m=[0m"0.12" [3mpressure_urgent[0m[2m=[0mfalse
[2m2026-03-16T02:14:03.014499Z[0m [32m INFO[0m [2mswarmllm::network::manager[0m[2m:[0m Received request [3mpeer[0m[2m=[0m12D3KooWAyFfLinkAgFyQsC2SfHDizZ6yBg6BUUFYDYP1ZRVFaNr [3mkind[0m[2m=[0m"message"
[2m2026-03-16T02:14:03.014623Z[0m [32m INFO[0m [2mswarmllm::network::manager[0m[2m:[0m DIAG: ResponseSent event — response written to wire [3mpeer[0m[2m=[0m12D3KooWAyFfLinkAgFyQsC2SfHDizZ6yBg6BUUFYDYP1ZRVFaNr [3mrequest_id[0m[2m=[0mInboundRequestId(129)
[2m2026-03-16T02:14:03.015616Z[0m [32m INFO[0m [2mswarmllm::network::manager[0m[2m:[0m DIAG: received response [3mpeer[0m[2m=[0m12D3KooWAyFfLinkAgFyQsC2SfHDizZ6yBg6BUUFYDYP1ZRVFaNr [3mkind[0m[2m=[0m"ack" [3mrequest_id[0m[2m=[0mOutboundRequestId(129) [3mwas_tensor_forward[0m[2m=[0mfalse [3mpending_tensor_out[0m[2m=[0m0
[2m2026-03-16T02:14:09.803957Z[0m [32m INFO[0m [2mswarmllm::network::manager[0m[2m:[0m DIAG: rr_ping sent (health check) [3mpeer_id[0m[2m=[0m12D3KooWAyFfLinkAgFyQsC2SfHDizZ6yBg6BUUFYDYP1ZRVFaNr [3moutbound_id[0m[2m=[0mOutboundRequestId(130) [3mseq[0m[2m=[0m12 [3mrr_connected[0m[2m=[0mtrue [3mtotal_peers[0m[2m=[0m2 [3mpending_tensor_out[0m[2m=[0m0
[2m2026-03-16T02:14:09.804018Z[0m [32m INFO[0m [2mswarmllm::network::manager[0m[2m:[0m DIAG: rr_ping sent (health check) [3mpeer_id[0m[2m=[0m12D3KooWSUjzxjgP5ZfafMxfkMEMEo7RwrF7khpEAKaEMHgJ5Pfv [3moutbound_id[0m[2m=[0mOutboundRequestId(131) [3mseq[0m[2m=[0m12 [3mrr_connected[0m[2m=[0mtrue [3mtotal_peers[0m[2m=[0m2 [3mpending_tensor_out[0m[2m=[0m0
[2m2026-03-16T02:14:09.805733Z[0m [32m INFO[0m [2mswarmllm::network::manager[0m[2m:[0m DIAG: received response [3mpeer[0m[2m=[0m12D3KooWAyFfLinkAgFyQsC2SfHDizZ6yBg6BUUFYDYP1ZRVFaNr [3mkind[0m[2m=[0m"message" [3mrequest_id[0m[2m=[0mOutboundRequestId(130) [3mwas_tensor_forward[0m[2m=[0mfalse [3mpending_tensor_out[0m[2m=[0m0
[2m2026-03-16T02:14:09.805786Z[0m [32m INFO[0m [2mswarmllm::network::manager[0m[2m:[0m DIAG: received response [3mpeer[0m[2m=[0m12D3KooWSUjzxjgP5ZfafMxfkMEMEo7RwrF7khpEAKaEMHgJ5Pfv [3mkind[0m[2m=[0m"message" [3mrequest_id[0m[2m=[0mOutboundRequestId(131) [3mwas_tensor_forward[0m[2m=[0mfalse [3mpending_tensor_out[0m[2m=[0m0
[2m2026-03-16T02:14:09.805977Z[0m [32m INFO[0m [2mswarmllm::network::manager[0m[2m:[0m Received request [3mpeer[0m[2m=[0m12D3KooWAyFfLinkAgFyQsC2SfHDizZ6yBg6BUUFYDYP1ZRVFaNr [3mkind[0m[2m=[0m"message"
[2m2026-03-16T02:14:09.806000Z[0m [32m INFO[0m [2mswarmllm::network::manager[0m[2m:[0m Received request [3mpeer[0m[2m=[0m12D3KooWSUjzxjgP5ZfafMxfkMEMEo7RwrF7khpEAKaEMHgJ5Pfv [3mkind[0m[2m=[0m"message"
[2m2026-03-16T02:14:09.806073Z[0m [32m INFO[0m [2mswarmllm::network::manager[0m[2m:[0m DIAG: ResponseSent event — response written to wire [3mpeer[0m[2m=[0m12D3KooWSUjzxjgP5ZfafMxfkMEMEo7RwrF7khpEAKaEMHgJ5Pfv [3mrequest_id[0m[2m=[0mInboundRequestId(131)
[2m2026-03-16T02:14:09.806104Z[0m [32m INFO[0m [2mswarmllm::network::manager[0m[2m:[0m DIAG: ResponseSent event — response written to wire [3mpeer[0m[2m=[0m12D3KooWAyFfLinkAgFyQsC2SfHDizZ6yBg6BUUFYDYP1ZRVFaNr [3mrequest_id[0m[2m=[0mInboundRequestId(130)
[2m2026-03-16T02:14:09.916118Z[0m [32m INFO[0m [2mswarmllm::model::auto_manage[0m[2m:[0m DIAG: evaluate_and_prune starting [3mresource_pressure[0m[2m=[0m"0.12" [3mpressure_urgent[0m[2m=[0mfalse
[2m2026-03-16T02:14:11.540864Z[0m [32m INFO[0m [2mswarmllm::network::manager[0m[2m:[0m Received request [3mpeer[0m[2m=[0m12D3KooWSUjzxjgP5ZfafMxfkMEMEo7RwrF7khpEAKaEMHgJ5Pfv [3mkind[0m[2m=[0m"message"
[2m2026-03-16T02:14:11.541073Z[0m [32m INFO[0m [2mswarmllm::network::manager[0m[2m:[0m DIAG: ResponseSent event — response written to wire [3mpeer[0m[2m=[0m12D3KooWSUjzxjgP5ZfafMxfkMEMEo7RwrF7khpEAKaEMHgJ5Pfv [3mrequest_id[0m[2m=[0mInboundRequestId(132)
[2m2026-03-16T02:14:11.541662Z[0m [32m INFO[0m [2mswarmllm::network::manager[0m[2m:[0m DIAG: received response [3mpeer[0m[2m=[0m12D3KooWSUjzxjgP5ZfafMxfkMEMEo7RwrF7khpEAKaEMHgJ5Pfv [3mkind[0m[2m=[0m"ack" [3mrequest_id[0m[2m=[0mOutboundRequestId(132) [3mwas_tensor_forward[0m[2m=[0mfalse [3mpending_tensor_out[0m[2m=[0m0
[2m2026-03-16T02:14:11.547484Z[0m [32m INFO[0m [2mswarmllm::daemon::dispatch[0m[2m:[0m Received shard announce from peer [3mnode_id[0m[2m=[0mf78fbf0fba02769a [3mshards[0m[2m=[0m9
[2m2026-03-16T02:14:30.523949Z[0m [32m INFO[0m [2mswarmllm::network::manager[0m[2m:[0m DIAG: received response [3mpeer[0m[2m=[0m12D3KooWAyFfLinkAgFyQsC2SfHDizZ6yBg6BUUFYDYP1ZRVFaNr [3mkind[0m[2m=[0m"ack" [3mrequest_id[0m[2m=[0mOutboundRequestId(133) [3mwas_tensor_forward[0m[2m=[0mfalse [3mpending_tensor_out[0m[2m=[0m0
[2m2026-03-16T02:14:37.306917Z[0m [32m INFO[0m [2mswarmllm::network::manager[0m[2m:[0m Received request [3mpeer[0m[2m=[0m12D3KooWSUjzxjgP5ZfafMxfkMEMEo7RwrF7khpEAKaEMHgJ5Pfv [3mkind[0m[2m=[0m"message"
[2m2026-03-16T02:14:37.306996Z[0m [32m INFO[0m [2mswarmllm::network::manager[0m[2m:[0m Received request [3mpeer[0m[2m=[0m12D3KooWAyFfLinkAgFyQsC2SfHDizZ6yBg6BUUFYDYP1ZRVFaNr [3mkind[0m[2m=[0m"message"
[2m2026-03-16T02:14:37.307078Z[0m [32m INFO[0m [2mswarmllm::network::manager[0m[2m:[0m DIAG: ResponseSent event — response written to wire [3mpeer[0m[2m=[0m12D3KooWSUjzxjgP5ZfafMxfkMEMEo7RwrF7khpEAKaEMHgJ5Pfv [3mrequest_id[0m[2m=[0mInboundRequestId(133)
[2m2026-03-16T02:14:37.307118Z[0m [32m INFO[0m [2mswarmllm::network::manager[0m[2m:[0m DIAG: ResponseSent event — response written to wire [3mpeer[0m[2m=[0m12D3KooWAyFfLinkAgFyQsC2SfHDizZ6yBg6BUUFYDYP1ZRVFaNr [3mrequest_id[0m[2m=[0mInboundRequestId(134)
[2m2026-03-16T02:14:39.045089Z[0m [32m INFO[0m [2mswarmllm::network::manager[0m[2m:[0m DIAG: received response [3mpeer[0m[2m=[0m12D3KooWSUjzxjgP5ZfafMxfkMEMEo7RwrF7khpEAKaEMHgJ5Pfv [3mkind[0m[2m=[0m"ack" [3mrequest_id[0m[2m=[0mOutboundRequestId(134) [3mwas_tensor_forward[0m[2m=[0mfalse [3mpending_tensor_out[0m[2m=[0m0
[2m2026-03-16T02:14:39.047611Z[0m [32m INFO[0m [2mswarmllm::daemon::dispatch[0m[2m:[0m Received shard announce from peer [3mnode_id[0m[2m=[0mf78fbf0fba02769a [3mshards[0m[2m=[0m9
[2m2026-03-16T02:14:57.530974Z[0m [32m INFO[0m [2mswarmllm::network::manager[0m[2m:[0m DIAG: received response [3mpeer[0m[2m=[0m12D3KooWAyFfLinkAgFyQsC2SfHDizZ6yBg6BUUFYDYP1ZRVFaNr [3mkind[0m[2m=[0m"ack" [3mrequest_id[0m[2m=[0mOutboundRequestId(135) [3mwas_tensor_forward[0m[2m=[0mfalse [3mpending_tensor_out[0m[2m=[0m0
[2m2026-03-16T02:15:04.301473Z[0m [32m INFO[0m [2mswarmllm::credit::ledger[0m[2m:[0m Gossiping credit balance [3mbalance_bucket[0m[2m=[0m4500 [3mtier[0m[2m=[0mSilver
[2m2026-03-16T02:15:04.310119Z[0m [32m INFO[0m [2mswarmllm::network::manager[0m[2m:[0m Received request [3mpeer[0m[2m=[0m12D3KooWAyFfLinkAgFyQsC2SfHDizZ6yBg6BUUFYDYP1ZRVFaNr [3mkind[0m[2m=[0m"message"
[2m2026-03-16T02:15:04.310286Z[0m [32m INFO[0m [2mswarmllm::network::peer_cache[0m[2m:[0m Loaded cached peers from last session [3mcount[0m[2m=[0m6
[2m2026-03-16T02:15:04.310358Z[0m [32m INFO[0m [2mswarmllm::network::manager[0m[2m:[0m DIAG: key exchange initiated [3mpeer_id[0m[2m=[0m12D3KooWAyFfLinkAgFyQsC2SfHDizZ6yBg6BUUFYDYP1ZRVFaNr [3mnode_id[0m[2m=[0m11228e88372ae2f0 [3msession_type[0m[2m=[0m"static"
[2m2026-03-16T02:15:04.310444Z[0m [32m INFO[0m [2mswarmllm::network::manager[0m[2m:[0m DIAG: encryption session established [3mpeer_id[0m[2m=[0m12D3KooWAyFfLinkAgFyQsC2SfHDizZ6yBg6BUUFYDYP1ZRVFaNr [3mnode_id[0m[2m=[0m11228e88372ae2f0 [3msession_type[0m[2m=[0m"static" [3msession_count[0m[2m=[0m2
[2m2026-03-16T02:15:04.312210Z[0m [32m INFO[0m [2mswarmllm::network::manager[0m[2m:[0m DIAG: ResponseSent event — response written to wire [3mpeer[0m[2m=[0m12D3KooWAyFfLinkAgFyQsC2SfHDizZ6yBg6BUUFYDYP1ZRVFaNr [3mrequest_id[0m[2m=[0mInboundRequestId(135)
[2m2026-03-16T02:15:04.312291Z[0m [32m INFO[0m [2mswarmllm::network::manager[0m[2m:[0m Received request [3mpeer[0m[2m=[0m12D3KooWSUjzxjgP5ZfafMxfkMEMEo7RwrF7khpEAKaEMHgJ5Pfv [3mkind[0m[2m=[0m"message"
[2m2026-03-16T02:15:04.312451Z[0m [32m INFO[0m [2mswarmllm::network::manager[0m[2m:[0m DIAG: ResponseSent event — response written to wire [3mpeer[0m[2m=[0m12D3KooWSUjzxjgP5ZfafMxfkMEMEo7RwrF7khpEAKaEMHgJ5Pfv [3mrequest_id[0m[2m=[0mInboundRequestId(136)
[2m2026-03-16T02:15:04.414777Z[0m [32m INFO[0m [2mswarmllm::model::auto_manage[0m[2m:[0m DIAG: evaluate_and_prune starting [3mresource_pressure[0m[2m=[0m"0.12" [3mpressure_urgent[0m[2m=[0mfalse
[2m2026-03-16T02:15:06.054749Z[0m [32m INFO[0m [2mswarmllm::daemon::dispatch[0m[2m:[0m Received shard announce from peer [3mnode_id[0m[2m=[0mf78fbf0fba02769a [3mshards[0m[2m=[0m9
[2m2026-03-16T02:15:06.055654Z[0m [32m INFO[0m [2mswarmllm::network::manager[0m[2m:[0m DIAG: received response [3mpeer[0m[2m=[0m12D3KooWSUjzxjgP5ZfafMxfkMEMEo7RwrF7khpEAKaEMHgJ5Pfv [3mkind[0m[2m=[0m"ack" [3mrequest_id[0m[2m=[0mOutboundRequestId(136) [3mwas_tensor_forward[0m[2m=[0mfalse [3mpending_tensor_out[0m[2m=[0m0
[2m2026-03-16T02:15:06.056328Z[0m [32m INFO[0m [2mswarmllm::network::manager[0m[2m:[0m DIAG: key exchange initiated [3mpeer_id[0m[2m=[0m12D3KooWSUjzxjgP5ZfafMxfkMEMEo7RwrF7khpEAKaEMHgJ5Pfv [3mnode_id[0m[2m=[0mf78fbf0fba02769a [3msession_type[0m[2m=[0m"static"
[2m2026-03-16T02:15:06.056414Z[0m [32m INFO[0m [2mswarmllm::network::manager[0m[2m:[0m DIAG: encryption session established [3mpeer_id[0m[2m=[0m12D3KooWSUjzxjgP5ZfafMxfkMEMEo7RwrF7khpEAKaEMHgJ5Pfv [3mnode_id[0m[2m=[0mf78fbf0fba02769a [3msession_type[0m[2m=[0m"static" [3msession_count[0m[2m=[0m2
[2m2026-03-16T02:15:18.541399Z[0m [32m INFO[0m [2mswarmllm::model::auto_manage[0m[2m:[0m AutoShardManager: triggered by new HF source or manifest
[2m2026-03-16T02:15:18.650559Z[0m [32m INFO[0m [2mswarmllm::model::auto_manage[0m[2m:[0m DIAG: evaluate_and_prune starting [3mresource_pressure[0m[2m=[0m"0.12" [3mpressure_urgent[0m[2m=[0mfalse
[2m2026-03-16T02:15:25.004147Z[0m [32m INFO[0m [2mswarmllm::network::manager[0m[2m:[0m DIAG: received response [3mpeer[0m[2m=[0m12D3KooWAyFfLinkAgFyQsC2SfHDizZ6yBg6BUUFYDYP1ZRVFaNr [3mkind[0m[2m=[0m"ack" [3mrequest_id[0m[2m=[0mOutboundRequestId(137) [3mwas_tensor_forward[0m[2m=[0mfalse [3mpending_tensor_out[0m[2m=[0m0
[2m2026-03-16T02:15:31.787115Z[0m [32m INFO[0m [2mswarmllm::network::manager[0m[2m:[0m Received request [3mpeer[0m[2m=[0m12D3KooWSUjzxjgP5ZfafMxfkMEMEo7RwrF7khpEAKaEMHgJ5Pfv [3mkind[0m[2m=[0m"message"
[2m2026-03-16T02:15:31.787398Z[0m [32m INFO[0m [2mswarmllm::network::manager[0m[2m:[0m DIAG: ResponseSent event — response written to wire [3mpeer[0m[2m=[0m12D3KooWSUjzxjgP5ZfafMxfkMEMEo7RwrF7khpEAKaEMHgJ5Pfv [3mrequest_id[0m[2m=[0mInboundRequestId(137)
[2m2026-03-16T02:15:31.787470Z[0m [32m INFO[0m [2mswarmllm::network::manager[0m[2m:[0m Received request [3mpeer[0m[2m=[0m12D3KooWAyFfLinkAgFyQsC2SfHDizZ6yBg6BUUFYDYP1ZRVFaNr [3mkind[0m[2m=[0m"message"
[2m2026-03-16T02:15:31.787554Z[0m [32m INFO[0m [2mswarmllm::network::manager[0m[2m:[0m DIAG: ResponseSent event — response written to wire [3mpeer[0m[2m=[0m12D3KooWAyFfLinkAgFyQsC2SfHDizZ6yBg6BUUFYDYP1ZRVFaNr [3mrequest_id[0m[2m=[0mInboundRequestId(138)
[2m2026-03-16T02:15:33.526688Z[0m [32m INFO[0m [2mswarmllm::network::manager[0m[2m:[0m DIAG: received response [3mpeer[0m[2m=[0m12D3KooWSUjzxjgP5ZfafMxfkMEMEo7RwrF7khpEAKaEMHgJ5Pfv [3mkind[0m[2m=[0m"ack" [3mrequest_id[0m[2m=[0mOutboundRequestId(138) [3mwas_tensor_forward[0m[2m=[0mfalse [3mpending_tensor_out[0m[2m=[0m0
[2m2026-03-16T02:15:33.528495Z[0m [32m INFO[0m [2mswarmllm::daemon::dispatch[0m[2m:[0m Received shard announce from peer [3mnode_id[0m[2m=[0mf78fbf0fba02769a [3mshards[0m[2m=[0m9
[2m2026-03-16T02:15:52.348417Z[0m [32m INFO[0m [2mswarmllm::network::manager[0m[2m:[0m Received request [3mpeer[0m[2m=[0m12D3KooWAyFfLinkAgFyQsC2SfHDizZ6yBg6BUUFYDYP1ZRVFaNr [3mkind[0m[2m=[0m"message"
[2m2026-03-16T02:15:52.348630Z[0m [32m INFO[0m [2mswarmllm::network::manager[0m[2m:[0m DIAG: ResponseSent event — response written to wire [3mpeer[0m[2m=[0m12D3KooWAyFfLinkAgFyQsC2SfHDizZ6yBg6BUUFYDYP1ZRVFaNr [3mrequest_id[0m[2m=[0mInboundRequestId(139)
[2m2026-03-16T02:15:52.349375Z[0m [32m INFO[0m [2mswarmllm::network::manager[0m[2m:[0m DIAG: received response [3mpeer[0m[2m=[0m12D3KooWAyFfLinkAgFyQsC2SfHDizZ6yBg6BUUFYDYP1ZRVFaNr [3mkind[0m[2m=[0m"ack" [3mrequest_id[0m[2m=[0mOutboundRequestId(139) [3mwas_tensor_forward[0m[2m=[0mfalse [3mpending_tensor_out[0m[2m=[0m0
[2m2026-03-16T02:15:59.135568Z[0m [32m INFO[0m [2mswarmllm::network::manager[0m[2m:[0m DIAG: rr_ping sent (health check) [3mpeer_id[0m[2m=[0m12D3KooWAyFfLinkAgFyQsC2SfHDizZ6yBg6BUUFYDYP1ZRVFaNr [3moutbound_id[0m[2m=[0mOutboundRequestId(140) [3mseq[0m[2m=[0m13 [3mrr_connected[0m[2m=[0mtrue [3mtotal_peers[0m[2m=[0m2 [3mpending_tensor_out[0m[2m=[0m0
[2m2026-03-16T02:15:59.135638Z[0m [32m INFO[0m [2mswarmllm::network::manager[0m[2m:[0m DIAG: rr_ping sent (health check) [3mpeer_id[0m[2m=[0m12D3KooWSUjzxjgP5ZfafMxfkMEMEo7RwrF7khpEAKaEMHgJ5Pfv [3moutbound_id[0m[2m=[0mOutboundRequestId(141) [3mseq[0m[2m=[0m13 [3mrr_connected[0m[2m=[0mtrue [3mtotal_peers[0m[2m=[0m2 [3mpending_tensor_out[0m[2m=[0m0
[2m2026-03-16T02:15:59.137065Z[0m [32m INFO[0m [2mswarmllm::network::manager[0m[2m:[0m DIAG: received response [3mpeer[0m[2m=[0m12D3KooWAyFfLinkAgFyQsC2SfHDizZ6yBg6BUUFYDYP1ZRVFaNr [3mkind[0m[2m=[0m"message" [3mrequest_id[0m[2m=[0mOutboundRequestId(140) [3mwas_tensor_forward[0m[2m=[0mfalse [3mpending_tensor_out[0m[2m=[0m0
[2m2026-03-16T02:15:59.137101Z[0m [32m INFO[0m [2mswarmllm::network::manager[0m[2m:[0m DIAG: received response [3mpeer[0m[2m=[0m12D3KooWSUjzxjgP5ZfafMxfkMEMEo7RwrF7khpEAKaEMHgJ5Pfv [3mkind[0m[2m=[0m"message" [3mrequest_id[0m[2m=[0mOutboundRequestId(141) [3mwas_tensor_forward[0m[2m=[0mfalse [3mpending_tensor_out[0m[2m=[0m0
[2m2026-03-16T02:15:59.137494Z[0m [32m INFO[0m [2mswarmllm::network::manager[0m[2m:[0m Received request [3mpeer[0m[2m=[0m12D3KooWSUjzxjgP5ZfafMxfkMEMEo7RwrF7khpEAKaEMHgJ5Pfv [3mkind[0m[2m=[0m"message"
[2m2026-03-16T02:15:59.137535Z[0m [32m INFO[0m [2mswarmllm::network::manager[0m[2m:[0m Received request [3mpeer[0m[2m=[0m12D3KooWAyFfLinkAgFyQsC2SfHDizZ6yBg6BUUFYDYP1ZRVFaNr [3mkind[0m[2m=[0m"message"
[2m2026-03-16T02:15:59.137600Z[0m [32m INFO[0m [2mswarmllm::network::manager[0m[2m:[0m DIAG: ResponseSent event — response written to wire [3mpeer[0m[2m=[0m12D3KooWAyFfLinkAgFyQsC2SfHDizZ6yBg6BUUFYDYP1ZRVFaNr [3mrequest_id[0m[2m=[0mInboundRequestId(141)
[2m2026-03-16T02:15:59.137644Z[0m [32m INFO[0m [2mswarmllm::network::manager[0m[2m:[0m DIAG: ResponseSent event — response written to wire [3mpeer[0m[2m=[0m12D3KooWSUjzxjgP5ZfafMxfkMEMEo7RwrF7khpEAKaEMHgJ5Pfv [3mrequest_id[0m[2m=[0mInboundRequestId(140)
[2m2026-03-16T02:15:59.249819Z[0m [32m INFO[0m [2mswarmllm::model::auto_manage[0m[2m:[0m DIAG: evaluate_and_prune starting [3mresource_pressure[0m[2m=[0m"0.12" [3mpressure_urgent[0m[2m=[0mfalse
[2m2026-03-16T02:16:00.874240Z[0m [32m INFO[0m [2mswarmllm::network::manager[0m[2m:[0m Received request [3mpeer[0m[2m=[0m12D3KooWSUjzxjgP5ZfafMxfkMEMEo7RwrF7khpEAKaEMHgJ5Pfv [3mkind[0m[2m=[0m"message"
[2m2026-03-16T02:16:00.875344Z[0m [32m INFO[0m [2mswarmllm::network::manager[0m[2m:[0m DIAG: ResponseSent event — response written to wire [3mpeer[0m[2m=[0m12D3KooWSUjzxjgP5ZfafMxfkMEMEo7RwrF7khpEAKaEMHgJ5Pfv [3mrequest_id[0m[2m=[0mInboundRequestId(142)
[2m2026-03-16T02:16:00.876485Z[0m [32m INFO[0m [2mswarmllm::network::manager[0m[2m:[0m DIAG: received response [3mpeer[0m[2m=[0m12D3KooWSUjzxjgP5ZfafMxfkMEMEo7RwrF7khpEAKaEMHgJ5Pfv [3mkind[0m[2m=[0m"ack" [3mrequest_id[0m[2m=[0mOutboundRequestId(142) [3mwas_tensor_forward[0m[2m=[0mfalse [3mpending_tensor_out[0m[2m=[0m0
[2m2026-03-16T02:16:00.877005Z[0m [32m INFO[0m [2mswarmllm::daemon::dispatch[0m[2m:[0m Received shard announce from peer [3mnode_id[0m[2m=[0mf78fbf0fba02769a [3mshards[0m[2m=[0m9
[2m2026-03-16T02:16:19.501742Z[0m [32m INFO[0m [2mswarmllm::network::manager[0m[2m:[0m DIAG: received response [3mpeer[0m[2m=[0m12D3KooWAyFfLinkAgFyQsC2SfHDizZ6yBg6BUUFYDYP1ZRVFaNr [3mkind[0m[2m=[0m"ack" [3mrequest_id[0m[2m=[0mOutboundRequestId(143) [3mwas_tensor_forward[0m[2m=[0mfalse [3mpending_tensor_out[0m[2m=[0m0
[2m2026-03-16T02:16:26.286319Z[0m [32m INFO[0m [2mswarmllm::network::manager[0m[2m:[0m Received request [3mpeer[0m[2m=[0m12D3KooWSUjzxjgP5ZfafMxfkMEMEo7RwrF7khpEAKaEMHgJ5Pfv [3mkind[0m[2m=[0m"message"
[2m2026-03-16T02:16:26.286412Z[0m [32m INFO[0m [2mswarmllm::network::manager[0m[2m:[0m Received request [3mpeer[0m[2m=[0m12D3KooWAyFfLinkAgFyQsC2SfHDizZ6yBg6BUUFYDYP1ZRVFaNr [3mkind[0m[2m=[0m"message"
[2m2026-03-16T02:16:26.286525Z[0m [32m INFO[0m [2mswarmllm::network::manager[0m[2m:[0m DIAG: ResponseSent event — response written to wire [3mpeer[0m[2m=[0m12D3KooWAyFfLinkAgFyQsC2SfHDizZ6yBg6BUUFYDYP1ZRVFaNr [3mrequest_id[0m[2m=[0mInboundRequestId(144)
[2m2026-03-16T02:16:26.286555Z[0m [32m INFO[0m [2mswarmllm::network::manager[0m[2m:[0m DIAG: ResponseSent event — response written to wire [3mpeer[0m[2m=[0m12D3KooWSUjzxjgP5ZfafMxfkMEMEo7RwrF7khpEAKaEMHgJ5Pfv [3mrequest_id[0m[2m=[0mInboundRequestId(143)
[2m2026-03-16T02:16:28.025344Z[0m [32m INFO[0m [2mswarmllm::network::manager[0m[2m:[0m DIAG: received response [3mpeer[0m[2m=[0m12D3KooWSUjzxjgP5ZfafMxfkMEMEo7RwrF7khpEAKaEMHgJ5Pfv [3mkind[0m[2m=[0m"ack" [3mrequest_id[0m[2m=[0mOutboundRequestId(144) [3mwas_tensor_forward[0m[2m=[0mfalse [3mpending_tensor_out[0m[2m=[0m0
[2m2026-03-16T02:16:28.027221Z[0m [32m INFO[0m [2mswarmllm::daemon::dispatch[0m[2m:[0m Received shard announce from peer [3mnode_id[0m[2m=[0mf78fbf0fba02769a [3mshards[0m[2m=[0m9
[2m2026-03-16T02:16:40.418910Z[0m [32m INFO[0m [2mswarmllm::model::auto_manage[0m[2m:[0m AutoShardManager: triggered by new HF source or manifest
[2m2026-03-16T02:16:40.524335Z[0m [32m INFO[0m [2mswarmllm::model::auto_manage[0m[2m:[0m DIAG: evaluate_and_prune starting [3mresource_pressure[0m[2m=[0m"0.12" [3mpressure_urgent[0m[2m=[0mfalse
[2m2026-03-16T02:16:46.893871Z[0m [32m INFO[0m [2mswarmllm::network::manager[0m[2m:[0m DIAG: received response [3mpeer[0m[2m=[0m12D3KooWAyFfLinkAgFyQsC2SfHDizZ6yBg6BUUFYDYP1ZRVFaNr [3mkind[0m[2m=[0m"ack" [3mrequest_id[0m[2m=[0mOutboundRequestId(145) [3mwas_tensor_forward[0m[2m=[0mfalse [3mpending_tensor_out[0m[2m=[0m0
[2m2026-03-16T02:16:53.677887Z[0m [32m INFO[0m [2mswarmllm::network::manager[0m[2m:[0m Received request [3mpeer[0m[2m=[0m12D3KooWSUjzxjgP5ZfafMxfkMEMEo7RwrF7khpEAKaEMHgJ5Pfv [3mkind[0m[2m=[0m"message"
[2m2026-03-16T02:16:53.678269Z[0m [32m INFO[0m [2mswarmllm::network::manager[0m[2m:[0m DIAG: ResponseSent event — response written to wire [3mpeer[0m[2m=[0m12D3KooWSUjzxjgP5ZfafMxfkMEMEo7RwrF7khpEAKaEMHgJ5Pfv [3mrequest_id[0m[2m=[0mInboundRequestId(145)
[2m2026-03-16T02:16:53.678451Z[0m [32m INFO[0m [2mswarmllm::network::manager[0m[2m:[0m Received request [3mpeer[0m[2m=[0m12D3KooWAyFfLinkAgFyQsC2SfHDizZ6yBg6BUUFYDYP1ZRVFaNr [3mkind[0m[2m=[0m"message"
[2m2026-03-16T02:16:53.678698Z[0m [32m INFO[0m [2mswarmllm::network::manager[0m[2m:[0m DIAG: ResponseSent event — response written to wire [3mpeer[0m[2m=[0m12D3KooWAyFfLinkAgFyQsC2SfHDizZ6yBg6BUUFYDYP1ZRVFaNr [3mrequest_id[0m[2m=[0mInboundRequestId(146)
[2m2026-03-16T02:16:53.788927Z[0m [32m INFO[0m [2mswarmllm::model::auto_manage[0m[2m:[0m DIAG: evaluate_and_prune starting [3mresource_pressure[0m[2m=[0m"0.12" [3mpressure_urgent[0m[2m=[0mfalse
[2m2026-03-16T02:16:55.419779Z[0m [32m INFO[0m [2mswarmllm::network::manager[0m[2m:[0m DIAG: received response [3mpeer[0m[2m=[0m12D3KooWSUjzxjgP5ZfafMxfkMEMEo7RwrF7khpEAKaEMHgJ5Pfv [3mkind[0m[2m=[0m"ack" [3mrequest_id[0m[2m=[0mOutboundRequestId(146) [3mwas_tensor_forward[0m[2m=[0mfalse [3mpending_tensor_out[0m[2m=[0m0
[2m2026-03-16T02:16:55.421381Z[0m [32m INFO[0m [2mswarmllm::daemon::dispatch[0m[2m:[0m Received shard announce from peer [3mnode_id[0m[2m=[0mf78fbf0fba02769a [3mshards[0m[2m=[0m9
[2m2026-03-16T02:17:13.991105Z[0m [32m INFO[0m [2mswarmllm::network::manager[0m[2m:[0m DIAG: received response [3mpeer[0m[2m=[0m12D3KooWAyFfLinkAgFyQsC2SfHDizZ6yBg6BUUFYDYP1ZRVFaNr [3mkind[0m[2m=[0m"ack" [3mrequest_id[0m[2m=[0mOutboundRequestId(147) [3mwas_tensor_forward[0m[2m=[0mfalse [3mpending_tensor_out[0m[2m=[0m0
[2m2026-03-16T02:17:20.775348Z[0m [32m INFO[0m [2mswarmllm::network::manager[0m[2m:[0m Received request [3mpeer[0m[2m=[0m12D3KooWAyFfLinkAgFyQsC2SfHDizZ6yBg6BUUFYDYP1ZRVFaNr [3mkind[0m[2m=[0m"message"
[2m2026-03-16T02:17:20.775421Z[0m [32m INFO[0m [2mswarmllm::network::manager[0m[2m:[0m Received request [3mpeer[0m[2m=[0m12D3KooWSUjzxjgP5ZfafMxfkMEMEo7RwrF7khpEAKaEMHgJ5Pfv [3mkind[0m[2m=[0m"message"
[2m2026-03-16T02:17:20.775530Z[0m [32m INFO[0m [2mswarmllm::network::manager[0m[2m:[0m DIAG: ResponseSent event — response written to wire [3mpeer[0m[2m=[0m12D3KooWSUjzxjgP5ZfafMxfkMEMEo7RwrF7khpEAKaEMHgJ5Pfv [3mrequest_id[0m[2m=[0mInboundRequestId(147)
[2m2026-03-16T02:17:20.775557Z[0m [32m INFO[0m [2mswarmllm::network::manager[0m[2m:[0m DIAG: ResponseSent event — response written to wire [3mpeer[0m[2m=[0m12D3KooWAyFfLinkAgFyQsC2SfHDizZ6yBg6BUUFYDYP1ZRVFaNr [3mrequest_id[0m[2m=[0mInboundRequestId(148)
[2m2026-03-16T02:17:22.517599Z[0m [32m INFO[0m [2mswarmllm::network::manager[0m[2m:[0m DIAG: received response [3mpeer[0m[2m=[0m12D3KooWSUjzxjgP5ZfafMxfkMEMEo7RwrF7khpEAKaEMHgJ5Pfv [3mkind[0m[2m=[0m"ack" [3mrequest_id[0m[2m=[0mOutboundRequestId(148) [3mwas_tensor_forward[0m[2m=[0mfalse [3mpending_tensor_out[0m[2m=[0m0
[2m2026-03-16T02:17:22.519455Z[0m [32m INFO[0m [2mswarmllm::daemon::dispatch[0m[2m:[0m Received shard announce from peer [3mnode_id[0m[2m=[0mf78fbf0fba02769a [3mshards[0m[2m=[0m9
[2m2026-03-16T02:17:34.974857Z[0m [32m INFO[0m [2mswarmllm::model::auto_manage[0m[2m:[0m AutoShardManager: triggered by new HF source or manifest
[2m2026-03-16T02:17:35.081988Z[0m [32m INFO[0m [2mswarmllm::model::auto_manage[0m[2m:[0m DIAG: evaluate_and_prune starting [3mresource_pressure[0m[2m=[0m"0.12" [3mpressure_urgent[0m[2m=[0mfalse
[2m2026-03-16T02:17:41.435608Z[0m [32m INFO[0m [2mswarmllm::network::manager[0m[2m:[0m Received request [3mpeer[0m[2m=[0m12D3KooWAyFfLinkAgFyQsC2SfHDizZ6yBg6BUUFYDYP1ZRVFaNr [3mkind[0m[2m=[0m"message"
[2m2026-03-16T02:17:41.435751Z[0m [32m INFO[0m [2mswarmllm::network::manager[0m[2m:[0m DIAG: ResponseSent event — response written to wire [3mpeer[0m[2m=[0m12D3KooWAyFfLinkAgFyQsC2SfHDizZ6yBg6BUUFYDYP1ZRVFaNr [3mrequest_id[0m[2m=[0mInboundRequestId(149)
[2m2026-03-16T02:17:41.436719Z[0m [32m INFO[0m [2mswarmllm::network::manager[0m[2m:[0m DIAG: received response [3mpeer[0m[2m=[0m12D3KooWAyFfLinkAgFyQsC2SfHDizZ6yBg6BUUFYDYP1ZRVFaNr [3mkind[0m[2m=[0m"ack" [3mrequest_id[0m[2m=[0mOutboundRequestId(149) [3mwas_tensor_forward[0m[2m=[0mfalse [3mpending_tensor_out[0m[2m=[0m0
[2m2026-03-16T02:17:48.221339Z[0m [32m INFO[0m [2mswarmllm::network::manager[0m[2m:[0m DIAG: rr_ping sent (health check) [3mpeer_id[0m[2m=[0m12D3KooWAyFfLinkAgFyQsC2SfHDizZ6yBg6BUUFYDYP1ZRVFaNr [3moutbound_id[0m[2m=[0mOutboundRequestId(150) [3mseq[0m[2m=[0m14 [3mrr_connected[0m[2m=[0mtrue [3mtotal_peers[0m[2m=[0m2 [3mpending_tensor_out[0m[2m=[0m0
[2m2026-03-16T02:17:48.221424Z[0m [32m INFO[0m [2mswarmllm::network::manager[0m[2m:[0m DIAG: rr_ping sent (health check) [3mpeer_id[0m[2m=[0m12D3KooWSUjzxjgP5ZfafMxfkMEMEo7RwrF7khpEAKaEMHgJ5Pfv [3moutbound_id[0m[2m=[0mOutboundRequestId(151) [3mseq[0m[2m=[0m14 [3mrr_connected[0m[2m=[0mtrue [3mtotal_peers[0m[2m=[0m2 [3mpending_tensor_out[0m[2m=[0m0
[2m2026-03-16T02:17:48.223214Z[0m [32m INFO[0m [2mswarmllm::network::manager[0m[2m:[0m DIAG: received response [3mpeer[0m[2m=[0m12D3KooWAyFfLinkAgFyQsC2SfHDizZ6yBg6BUUFYDYP1ZRVFaNr [3mkind[0m[2m=[0m"message" [3mrequest_id[0m[2m=[0mOutboundRequestId(150) [3mwas_tensor_forward[0m[2m=[0mfalse [3mpending_tensor_out[0m[2m=[0m0
[2m2026-03-16T02:17:48.223267Z[0m [32m INFO[0m [2mswarmllm::network::manager[0m[2m:[0m DIAG: received response [3mpeer[0m[2m=[0m12D3KooWSUjzxjgP5ZfafMxfkMEMEo7RwrF7khpEAKaEMHgJ5Pfv [3mkind[0m[2m=[0m"message" [3mrequest_id[0m[2m=[0mOutboundRequestId(151) [3mwas_tensor_forward[0m[2m=[0mfalse [3mpending_tensor_out[0m[2m=[0m0
[2m2026-03-16T02:17:48.223287Z[0m [32m INFO[0m [2mswarmllm::network::manager[0m[2m:[0m Received request [3mpeer[0m[2m=[0m12D3KooWSUjzxjgP5ZfafMxfkMEMEo7RwrF7khpEAKaEMHgJ5Pfv [3mkind[0m[2m=[0m"message"
[2m2026-03-16T02:17:48.223492Z[0m [32m INFO[0m [2mswarmllm::network::manager[0m[2m:[0m DIAG: ResponseSent event — response written to wire [3mpeer[0m[2m=[0m12D3KooWSUjzxjgP5ZfafMxfkMEMEo7RwrF7khpEAKaEMHgJ5Pfv [3mrequest_id[0m[2m=[0mInboundRequestId(150)
[2m2026-03-16T02:17:48.223522Z[0m [32m INFO[0m [2mswarmllm::network::manager[0m[2m:[0m Received request [3mpeer[0m[2m=[0m12D3KooWAyFfLinkAgFyQsC2SfHDizZ6yBg6BUUFYDYP1ZRVFaNr [3mkind[0m[2m=[0m"message"
[2m2026-03-16T02:17:48.223637Z[0m [32m INFO[0m [2mswarmllm::network::manager[0m[2m:[0m DIAG: ResponseSent event — response written to wire [3mpeer[0m[2m=[0m12D3KooWAyFfLinkAgFyQsC2SfHDizZ6yBg6BUUFYDYP1ZRVFaNr [3mrequest_id[0m[2m=[0mInboundRequestId(151)
[2m2026-03-16T02:17:48.336185Z[0m [32m INFO[0m [2mswarmllm::model::auto_manage[0m[2m:[0m DIAG: evaluate_and_prune starting [3mresource_pressure[0m[2m=[0m"0.12" [3mpressure_urgent[0m[2m=[0mfalse
[2m2026-03-16T02:17:49.961116Z[0m [32m INFO[0m [2mswarmllm::network::manager[0m[2m:[0m Received request [3mpeer[0m[2m=[0m12D3KooWSUjzxjgP5ZfafMxfkMEMEo7RwrF7khpEAKaEMHgJ5Pfv [3mkind[0m[2m=[0m"message"
[2m2026-03-16T02:17:49.961290Z[0m [32m INFO[0m [2mswarmllm::network::manager[0m[2m:[0m DIAG: ResponseSent event — response written to wire [3mpeer[0m[2m=[0m12D3KooWSUjzxjgP5ZfafMxfkMEMEo7RwrF7khpEAKaEMHgJ5Pfv [3mrequest_id[0m[2m=[0mInboundRequestId(152)
[2m2026-03-16T02:17:49.961877Z[0m [32m INFO[0m [2mswarmllm::network::manager[0m[2m:[0m DIAG: received response [3mpeer[0m[2m=[0m12D3KooWSUjzxjgP5ZfafMxfkMEMEo7RwrF7khpEAKaEMHgJ5Pfv [3mkind[0m[2m=[0m"ack" [3mrequest_id[0m[2m=[0mOutboundRequestId(152) [3mwas_tensor_forward[0m[2m=[0mfalse [3mpending_tensor_out[0m[2m=[0m0
[2m2026-03-16T02:17:49.964226Z[0m [32m INFO[0m [2mswarmllm::daemon::dispatch[0m[2m:[0m Received shard announce from peer [3mnode_id[0m[2m=[0mf78fbf0fba02769a [3mshards[0m[2m=[0m9
[2m2026-03-16T02:18:08.484696Z[0m [32m INFO[0m [2mswarmllm::network::manager[0m[2m:[0m DIAG: received response [3mpeer[0m[2m=[0m12D3KooWAyFfLinkAgFyQsC2SfHDizZ6yBg6BUUFYDYP1ZRVFaNr [3mkind[0m[2m=[0m"ack" [3mrequest_id[0m[2m=[0mOutboundRequestId(153) [3mwas_tensor_forward[0m[2m=[0mfalse [3mpending_tensor_out[0m[2m=[0m0
[2m2026-03-16T02:18:15.266360Z[0m [32m INFO[0m [2mswarmllm::network::manager[0m[2m:[0m Received request [3mpeer[0m[2m=[0m12D3KooWSUjzxjgP5ZfafMxfkMEMEo7RwrF7khpEAKaEMHgJ5Pfv [3mkind[0m[2m=[0m"message"
[2m2026-03-16T02:18:15.268045Z[0m [32m INFO[0m [2mswarmllm::network::manager[0m[2m:[0m DIAG: ResponseSent event — response written to wire [3mpeer[0m[2m=[0m12D3KooWSUjzxjgP5ZfafMxfkMEMEo7RwrF7khpEAKaEMHgJ5Pfv [3mrequest_id[0m[2m=[0mInboundRequestId(153)
[2m2026-03-16T02:18:15.395991Z[0m [32m INFO[0m [2mswarmllm::network::manager[0m[2m:[0m Received request [3mpeer[0m[2m=[0m12D3KooWAyFfLinkAgFyQsC2SfHDizZ6yBg6BUUFYDYP1ZRVFaNr [3mkind[0m[2m=[0m"message"
[2m2026-03-16T02:18:15.403951Z[0m [32m INFO[0m [2mswarmllm::network::manager[0m[2m:[0m DIAG: ResponseSent event — response written to wire [3mpeer[0m[2m=[0m12D3KooWAyFfLinkAgFyQsC2SfHDizZ6yBg6BUUFYDYP1ZRVFaNr [3mrequest_id[0m[2m=[0mInboundRequestId(154)
[2m2026-03-16T02:18:17.007862Z[0m [32m INFO[0m [2mswarmllm::network::manager[0m[2m:[0m DIAG: received response [3mpeer[0m[2m=[0m12D3KooWSUjzxjgP5ZfafMxfkMEMEo7RwrF7khpEAKaEMHgJ5Pfv [3mkind[0m[2m=[0m"ack" [3mrequest_id[0m[2m=[0mOutboundRequestId(154) [3mwas_tensor_forward[0m[2m=[0mfalse [3mpending_tensor_out[0m[2m=[0m0
[2m2026-03-16T02:18:17.016287Z[0m [32m INFO[0m [2mswarmllm::daemon::dispatch[0m[2m:[0m Received shard announce from peer [3mnode_id[0m[2m=[0mf78fbf0fba02769a [3mshards[0m[2m=[0m9
[2m2026-03-16T02:18:29.507491Z[0m [32m INFO[0m [2mswarmllm::model::auto_manage[0m[2m:[0m AutoShardManager: triggered by new HF source or manifest
[2m2026-03-16T02:18:29.614875Z[0m [32m INFO[0m [2mswarmllm::model::auto_manage[0m[2m:[0m DIAG: evaluate_and_prune starting [3mresource_pressure[0m[2m=[0m"0.12" [3mpressure_urgent[0m[2m=[0mfalse
[2m2026-03-16T02:18:35.965289Z[0m [32m INFO[0m [2mswarmllm::network::manager[0m[2m:[0m DIAG: received response [3mpeer[0m[2m=[0m12D3KooWAyFfLinkAgFyQsC2SfHDizZ6yBg6BUUFYDYP1ZRVFaNr [3mkind[0m[2m=[0m"ack" [3mrequest_id[0m[2m=[0mOutboundRequestId(155) [3mwas_tensor_forward[0m[2m=[0mfalse [3mpending_tensor_out[0m[2m=[0m0
[2m2026-03-16T02:18:42.753895Z[0m [32m INFO[0m [2mswarmllm::network::manager[0m[2m:[0m Received request [3mpeer[0m[2m=[0m12D3KooWAyFfLinkAgFyQsC2SfHDizZ6yBg6BUUFYDYP1ZRVFaNr [3mkind[0m[2m=[0m"message"
[2m2026-03-16T02:18:42.754017Z[0m [32m INFO[0m [2mswarmllm::network::manager[0m[2m:[0m Received request [3mpeer[0m[2m=[0m12D3KooWSUjzxjgP5ZfafMxfkMEMEo7RwrF7khpEAKaEMHgJ5Pfv [3mkind[0m[2m=[0m"message"
[2m2026-03-16T02:18:42.754163Z[0m [32m INFO[0m [2mswarmllm::network::manager[0m[2m:[0m DIAG: ResponseSent event — response written to wire [3mpeer[0m[2m=[0m12D3KooWSUjzxjgP5ZfafMxfkMEMEo7RwrF7khpEAKaEMHgJ5Pfv [3mrequest_id[0m[2m=[0mInboundRequestId(156)
[2m2026-03-16T02:18:42.754204Z[0m [32m INFO[0m [2mswarmllm::network::manager[0m[2m:[0m DIAG: ResponseSent event — response written to wire [3mpeer[0m[2m=[0m12D3KooWAyFfLinkAgFyQsC2SfHDizZ6yBg6BUUFYDYP1ZRVFaNr [3mrequest_id[0m[2m=[0mInboundRequestId(155)
[2m2026-03-16T02:18:42.872554Z[0m [32m INFO[0m [2mswarmllm::model::auto_manage[0m[2m:[0m DIAG: evaluate_and_prune starting [3mresource_pressure[0m[2m=[0m"0.12" [3mpressure_urgent[0m[2m=[0mfalse
[2m2026-03-16T02:18:44.495083Z[0m [32m INFO[0m [2mswarmllm::network::manager[0m[2m:[0m DIAG: received response [3mpeer[0m[2m=[0m12D3KooWSUjzxjgP5ZfafMxfkMEMEo7RwrF7khpEAKaEMHgJ5Pfv [3mkind[0m[2m=[0m"ack" [3mrequest_id[0m[2m=[0mOutboundRequestId(156) [3mwas_tensor_forward[0m[2m=[0mfalse [3mpending_tensor_out[0m[2m=[0m0
[2m2026-03-16T02:18:44.496807Z[0m [32m INFO[0m [2mswarmllm::daemon::dispatch[0m[2m:[0m Received shard announce from peer [3mnode_id[0m[2m=[0mf78fbf0fba02769a [3mshards[0m[2m=[0m9
[2m2026-03-16T02:19:02.964944Z[0m [32m INFO[0m [2mswarmllm::network::manager[0m[2m:[0m DIAG: received response [3mpeer[0m[2m=[0m12D3KooWAyFfLinkAgFyQsC2SfHDizZ6yBg6BUUFYDYP1ZRVFaNr [3mkind[0m[2m=[0m"ack" [3mrequest_id[0m[2m=[0mOutboundRequestId(157) [3mwas_tensor_forward[0m[2m=[0mfalse [3mpending_tensor_out[0m[2m=[0m0
[2m2026-03-16T02:19:09.749386Z[0m [32m INFO[0m [2mswarmllm::network::manager[0m[2m:[0m Received request [3mpeer[0m[2m=[0m12D3KooWSUjzxjgP5ZfafMxfkMEMEo7RwrF7khpEAKaEMHgJ5Pfv [3mkind[0m[2m=[0m"message"
[2m2026-03-16T02:19:09.749576Z[0m [32m INFO[0m [2mswarmllm::network::manager[0m[2m:[0m DIAG: ResponseSent event — response written to wire [3mpeer[0m[2m=[0m12D3KooWSUjzxjgP5ZfafMxfkMEMEo7RwrF7khpEAKaEMHgJ5Pfv [3mrequest_id[0m[2m=[0mInboundRequestId(157)
[2m2026-03-16T02:19:09.749922Z[0m [32m INFO[0m [2mswarmllm::network::manager[0m[2m:[0m Received request [3mpeer[0m[2m=[0m12D3KooWAyFfLinkAgFyQsC2SfHDizZ6yBg6BUUFYDYP1ZRVFaNr [3mkind[0m[2m=[0m"message"
[2m2026-03-16T02:19:09.750173Z[0m [32m INFO[0m [2mswarmllm::network::manager[0m[2m:[0m DIAG: ResponseSent event — response written to wire [3mpeer[0m[2m=[0m12D3KooWAyFfLinkAgFyQsC2SfHDizZ6yBg6BUUFYDYP1ZRVFaNr [3mrequest_id[0m[2m=[0mInboundRequestId(158)
[2m2026-03-16T02:19:11.488939Z[0m [32m INFO[0m [2mswarmllm::network::manager[0m[2m:[0m DIAG: received response [3mpeer[0m[2m=[0m12D3KooWSUjzxjgP5ZfafMxfkMEMEo7RwrF7khpEAKaEMHgJ5Pfv [3mkind[0m[2m=[0m"ack" [3mrequest_id[0m[2m=[0mOutboundRequestId(158) [3mwas_tensor_forward[0m[2m=[0mfalse [3mpending_tensor_out[0m[2m=[0m0
[2m2026-03-16T02:19:11.490848Z[0m [32m INFO[0m [2mswarmllm::daemon::dispatch[0m[2m:[0m Received shard announce from peer [3mnode_id[0m[2m=[0mf78fbf0fba02769a [3mshards[0m[2m=[0m9
[2m2026-03-16T02:19:30.475677Z[0m [32m INFO[0m [2mswarmllm::network::manager[0m[2m:[0m Received request [3mpeer[0m[2m=[0m12D3KooWAyFfLinkAgFyQsC2SfHDizZ6yBg6BUUFYDYP1ZRVFaNr [3mkind[0m[2m=[0m"message"
[2m2026-03-16T02:19:30.475924Z[0m [32m INFO[0m [2mswarmllm::network::manager[0m[2m:[0m DIAG: ResponseSent event — response written to wire [3mpeer[0m[2m=[0m12D3KooWAyFfLinkAgFyQsC2SfHDizZ6yBg6BUUFYDYP1ZRVFaNr [3mrequest_id[0m[2m=[0mInboundRequestId(159)
[2m2026-03-16T02:19:30.476077Z[0m [32m INFO[0m [2mswarmllm::network::manager[0m[2m:[0m Received request [3mpeer[0m[2m=[0m12D3KooWAyFfLinkAgFyQsC2SfHDizZ6yBg6BUUFYDYP1ZRVFaNr [3mkind[0m[2m=[0m"message"
[2m2026-03-16T02:19:30.476155Z[0m [32m INFO[0m [2mswarmllm::network::manager[0m[2m:[0m DIAG: ResponseSent event — response written to wire [3mpeer[0m[2m=[0m12D3KooWAyFfLinkAgFyQsC2SfHDizZ6yBg6BUUFYDYP1ZRVFaNr [3mrequest_id[0m[2m=[0mInboundRequestId(160)
[2m2026-03-16T02:19:30.477196Z[0m [32m INFO[0m [2mswarmllm::network::manager[0m[2m:[0m DIAG: received response [3mpeer[0m[2m=[0m12D3KooWAyFfLinkAgFyQsC2SfHDizZ6yBg6BUUFYDYP1ZRVFaNr [3mkind[0m[2m=[0m"ack" [3mrequest_id[0m[2m=[0mOutboundRequestId(159) [3mwas_tensor_forward[0m[2m=[0mfalse [3mpending_tensor_out[0m[2m=[0m0
[2m2026-03-16T02:19:30.477224Z[0m [32m INFO[0m [2mswarmllm::network::manager[0m[2m:[0m DIAG: received response [3mpeer[0m[2m=[0m12D3KooWAyFfLinkAgFyQsC2SfHDizZ6yBg6BUUFYDYP1ZRVFaNr [3mkind[0m[2m=[0m"ack" [3mrequest_id[0m[2m=[0mOutboundRequestId(160) [3mwas_tensor_forward[0m[2m=[0mfalse [3mpending_tensor_out[0m[2m=[0m0
[2m2026-03-16T02:19:37.250948Z[0m [32m INFO[0m [2mswarmllm::crypto::key_rotation[0m[2m:[0m DIAG: key rotation tick (re-keying) [3mactive_sessions[0m[2m=[0m2 [3mrekey_initiated[0m[2m=[0m2
[2m2026-03-16T02:19:37.251212Z[0m [32m INFO[0m [2mswarmllm::network::peer_cache[0m[2m:[0m Loaded cached peers from last session [3mcount[0m[2m=[0m6
[2m2026-03-16T02:19:37.255175Z[0m [32m INFO[0m [2mswarmllm::credit::ledger[0m[2m:[0m Gossiping credit balance [3mbalance_bucket[0m[2m=[0m4500 [3mtier[0m[2m=[0mSilver
[2m2026-03-16T02:19:37.265536Z[0m [32m INFO[0m [2mswarmllm::network::manager[0m[2m:[0m DIAG: rr_ping sent (health check) [3mpeer_id[0m[2m=[0m12D3KooWAyFfLinkAgFyQsC2SfHDizZ6yBg6BUUFYDYP1ZRVFaNr [3moutbound_id[0m[2m=[0mOutboundRequestId(163) [3mseq[0m[2m=[0m15 [3mrr_connected[0m[2m=[0mtrue [3mtotal_peers[0m[2m=[0m2 [3mpending_tensor_out[0m[2m=[0m0
[2m2026-03-16T02:19:37.265611Z[0m [32m INFO[0m [2mswarmllm::network::manager[0m[2m:[0m DIAG: rr_ping sent (health check) [3mpeer_id[0m[2m=[0m12D3KooWSUjzxjgP5ZfafMxfkMEMEo7RwrF7khpEAKaEMHgJ5Pfv [3moutbound_id[0m[2m=[0mOutboundRequestId(164) [3mseq[0m[2m=[0m15 [3mrr_connected[0m[2m=[0mtrue [3mtotal_peers[0m[2m=[0m2 [3mpending_tensor_out[0m[2m=[0m0
[2m2026-03-16T02:19:37.265730Z[0m [32m INFO[0m [2mswarmllm::network::manager[0m[2m:[0m Received request [3mpeer[0m[2m=[0m12D3KooWAyFfLinkAgFyQsC2SfHDizZ6yBg6BUUFYDYP1ZRVFaNr [3mkind[0m[2m=[0m"message"
[2m2026-03-16T02:19:37.266991Z[0m [32m INFO[0m [2mswarmllm::network::manager[0m[2m:[0m DIAG: key exchange initiated [3mpeer_id[0m[2m=[0m12D3KooWAyFfLinkAgFyQsC2SfHDizZ6yBg6BUUFYDYP1ZRVFaNr [3mnode_id[0m[2m=[0m11228e88372ae2f0 [3msession_type[0m[2m=[0m"static"
[2m2026-03-16T02:19:37.267104Z[0m [32m INFO[0m [2mswarmllm::network::manager[0m[2m:[0m DIAG: encryption session established [3mpeer_id[0m[2m=[0m12D3KooWAyFfLinkAgFyQsC2SfHDizZ6yBg6BUUFYDYP1ZRVFaNr [3mnode_id[0m[2m=[0m11228e88372ae2f0 [3msession_type[0m[2m=[0m"static" [3msession_count[0m[2m=[0m2
[2m2026-03-16T02:19:37.267144Z[0m [32m INFO[0m [2mswarmllm::network::manager[0m[2m:[0m DIAG: ResponseSent event — response written to wire [3mpeer[0m[2m=[0m12D3KooWAyFfLinkAgFyQsC2SfHDizZ6yBg6BUUFYDYP1ZRVFaNr [3mrequest_id[0m[2m=[0mInboundRequestId(161)
[2m2026-03-16T02:19:37.267751Z[0m [32m INFO[0m [2mswarmllm::network::manager[0m[2m:[0m Received request [3mpeer[0m[2m=[0m12D3KooWSUjzxjgP5ZfafMxfkMEMEo7RwrF7khpEAKaEMHgJ5Pfv [3mkind[0m[2m=[0m"message"
[2m2026-03-16T02:19:37.267787Z[0m [32m INFO[0m [2mswarmllm::network::manager[0m[2m:[0m DIAG: received response [3mpeer[0m[2m=[0m12D3KooWAyFfLinkAgFyQsC2SfHDizZ6yBg6BUUFYDYP1ZRVFaNr [3mkind[0m[2m=[0m"ack" [3mrequest_id[0m[2m=[0mOutboundRequestId(162) [3mwas_tensor_forward[0m[2m=[0mfalse [3mpending_tensor_out[0m[2m=[0m0
[2m2026-03-16T02:19:37.267819Z[0m [32m INFO[0m [2mswarmllm::network::manager[0m[2m:[0m DIAG: ResponseSent event — response written to wire [3mpeer[0m[2m=[0m12D3KooWSUjzxjgP5ZfafMxfkMEMEo7RwrF7khpEAKaEMHgJ5Pfv [3mrequest_id[0m[2m=[0mInboundRequestId(162)
[2m2026-03-16T02:19:37.268308Z[0m [32m INFO[0m [2mswarmllm::network::manager[0m[2m:[0m DIAG: received response [3mpeer[0m[2m=[0m12D3KooWSUjzxjgP5ZfafMxfkMEMEo7RwrF7khpEAKaEMHgJ5Pfv [3mkind[0m[2m=[0m"ack" [3mrequest_id[0m[2m=[0mOutboundRequestId(161) [3mwas_tensor_forward[0m[2m=[0mfalse [3mpending_tensor_out[0m[2m=[0m0
[2m2026-03-16T02:19:37.268339Z[0m [32m INFO[0m [2mswarmllm::network::manager[0m[2m:[0m DIAG: received response [3mpeer[0m[2m=[0m12D3KooWSUjzxjgP5ZfafMxfkMEMEo7RwrF7khpEAKaEMHgJ5Pfv [3mkind[0m[2m=[0m"message" [3mrequest_id[0m[2m=[0mOutboundRequestId(164) [3mwas_tensor_forward[0m[2m=[0mfalse [3mpending_tensor_out[0m[2m=[0m0
[2m2026-03-16T02:19:37.268596Z[0m [32m INFO[0m [2mswarmllm::network::manager[0m[2m:[0m Received request [3mpeer[0m[2m=[0m12D3KooWAyFfLinkAgFyQsC2SfHDizZ6yBg6BUUFYDYP1ZRVFaNr [3mkind[0m[2m=[0m"message"
[2m2026-03-16T02:19:37.268937Z[0m [32m INFO[0m [2mswarmllm::network::manager[0m[2m:[0m DIAG: ResponseSent event — response written to wire [3mpeer[0m[2m=[0m12D3KooWAyFfLinkAgFyQsC2SfHDizZ6yBg6BUUFYDYP1ZRVFaNr [3mrequest_id[0m[2m=[0mInboundRequestId(163)
[2m2026-03-16T02:19:37.269433Z[0m [32m INFO[0m [2mswarmllm::network::manager[0m[2m:[0m DIAG: received response [3mpeer[0m[2m=[0m12D3KooWAyFfLinkAgFyQsC2SfHDizZ6yBg6BUUFYDYP1ZRVFaNr [3mkind[0m[2m=[0m"message" [3mrequest_id[0m[2m=[0mOutboundRequestId(163) [3mwas_tensor_forward[0m[2m=[0mfalse [3mpending_tensor_out[0m[2m=[0m0
[2m2026-03-16T02:19:37.269466Z[0m [32m INFO[0m [2mswarmllm::network::manager[0m[2m:[0m Received request [3mpeer[0m[2m=[0m12D3KooWSUjzxjgP5ZfafMxfkMEMEo7RwrF7khpEAKaEMHgJ5Pfv [3mkind[0m[2m=[0m"message"
[2m2026-03-16T02:19:37.269531Z[0m [32m INFO[0m [2mswarmllm::network::manager[0m[2m:[0m DIAG: ResponseSent event — response written to wire [3mpeer[0m[2m=[0m12D3KooWSUjzxjgP5ZfafMxfkMEMEo7RwrF7khpEAKaEMHgJ5Pfv [3mrequest_id[0m[2m=[0mInboundRequestId(164)
[2m2026-03-16T02:19:37.352535Z[0m [32m INFO[0m [2mswarmllm::model::auto_manage[0m[2m:[0m DIAG: evaluate_and_prune starting [3mresource_pressure[0m[2m=[0m"0.12" [3mpressure_urgent[0m[2m=[0mfalse
[2m2026-03-16T02:19:39.000867Z[0m [32m INFO[0m [2mswarmllm::network::manager[0m[2m:[0m Received request [3mpeer[0m[2m=[0m12D3KooWSUjzxjgP5ZfafMxfkMEMEo7RwrF7khpEAKaEMHgJ5Pfv [3mkind[0m[2m=[0m"message"
[2m2026-03-16T02:19:39.000939Z[0m [32m INFO[0m [2mswarmllm::network::manager[0m[2m:[0m Received request [3mpeer[0m[2m=[0m12D3KooWSUjzxjgP5ZfafMxfkMEMEo7RwrF7khpEAKaEMHgJ5Pfv [3mkind[0m[2m=[0m"message"
[2m2026-03-16T02:19:39.000978Z[0m [32m INFO[0m [2mswarmllm::daemon::dispatch[0m[2m:[0m Received shard announce from peer [3mnode_id[0m[2m=[0mf78fbf0fba02769a [3mshards[0m[2m=[0m9
[2m2026-03-16T02:19:39.001107Z[0m [32m INFO[0m [2mswarmllm::network::manager[0m[2m:[0m DIAG: ResponseSent event — response written to wire [3mpeer[0m[2m=[0m12D3KooWSUjzxjgP5ZfafMxfkMEMEo7RwrF7khpEAKaEMHgJ5Pfv [3mrequest_id[0m[2m=[0mInboundRequestId(165)
[2m2026-03-16T02:19:39.001142Z[0m [32m INFO[0m [2mswarmllm::network::manager[0m[2m:[0m DIAG: ResponseSent event — response written to wire [3mpeer[0m[2m=[0m12D3KooWSUjzxjgP5ZfafMxfkMEMEo7RwrF7khpEAKaEMHgJ5Pfv [3mrequest_id[0m[2m=[0mInboundRequestId(166)
[2m2026-03-16T02:19:39.002320Z[0m [32m INFO[0m [2mswarmllm::network::manager[0m[2m:[0m DIAG: received response [3mpeer[0m[2m=[0m12D3KooWSUjzxjgP5ZfafMxfkMEMEo7RwrF7khpEAKaEMHgJ5Pfv [3mkind[0m[2m=[0m"ack" [3mrequest_id[0m[2m=[0mOutboundRequestId(165) [3mwas_tensor_forward[0m[2m=[0mfalse [3mpending_tensor_out[0m[2m=[0m0
[2m2026-03-16T02:19:39.002341Z[0m [32m INFO[0m [2mswarmllm::network::manager[0m[2m:[0m DIAG: received response [3mpeer[0m[2m=[0m12D3KooWSUjzxjgP5ZfafMxfkMEMEo7RwrF7khpEAKaEMHgJ5Pfv [3mkind[0m[2m=[0m"ack" [3mrequest_id[0m[2m=[0mOutboundRequestId(166) [3mwas_tensor_forward[0m[2m=[0mfalse [3mpending_tensor_out[0m[2m=[0m0
[2m2026-03-16T02:19:39.005991Z[0m [32m INFO[0m [2mswarmllm::network::manager[0m[2m:[0m DIAG: key exchange initiated [3mpeer_id[0m[2m=[0m12D3KooWSUjzxjgP5ZfafMxfkMEMEo7RwrF7khpEAKaEMHgJ5Pfv [3mnode_id[0m[2m=[0mf78fbf0fba02769a [3msession_type[0m[2m=[0m"static"
[2m2026-03-16T02:19:39.006116Z[0m [32m INFO[0m [2mswarmllm::network::manager[0m[2m:[0m DIAG: encryption session established [3mpeer_id[0m[2m=[0m12D3KooWSUjzxjgP5ZfafMxfkMEMEo7RwrF7khpEAKaEMHgJ5Pfv [3mnode_id[0m[2m=[0mf78fbf0fba02769a [3msession_type[0m[2m=[0m"static" [3msession_count[0m[2m=[0m2
[2m2026-03-16T02:19:51.321288Z[0m [32m INFO[0m [2mswarmllm::model::auto_manage[0m[2m:[0m AutoShardManager: triggered by new HF source or manifest
[2m2026-03-16T02:19:51.441659Z[0m [32m INFO[0m [2mswarmllm::model::auto_manage[0m[2m:[0m DIAG: evaluate_and_prune starting [3mresource_pressure[0m[2m=[0m"0.12" [3mpressure_urgent[0m[2m=[0mfalse
[2m2026-03-16T02:19:57.783975Z[0m [32m INFO[0m [2mswarmllm::network::manager[0m[2m:[0m DIAG: received response [3mpeer[0m[2m=[0m12D3KooWAyFfLinkAgFyQsC2SfHDizZ6yBg6BUUFYDYP1ZRVFaNr [3mkind[0m[2m=[0m"ack" [3mrequest_id[0m[2m=[0mOutboundRequestId(167) [3mwas_tensor_forward[0m[2m=[0mfalse [3mpending_tensor_out[0m[2m=[0m0
[2m2026-03-16T02:20:04.571256Z[0m [32m INFO[0m [2mswarmllm::network::manager[0m[2m:[0m Received request [3mpeer[0m[2m=[0m12D3KooWAyFfLinkAgFyQsC2SfHDizZ6yBg6BUUFYDYP1ZRVFaNr [3mkind[0m[2m=[0m"message"
[2m2026-03-16T02:20:04.571371Z[0m [32m INFO[0m [2mswarmllm::network::manager[0m[2m:[0m Received request [3mpeer[0m[2m=[0m12D3KooWSUjzxjgP5ZfafMxfkMEMEo7RwrF7khpEAKaEMHgJ5Pfv [3mkind[0m[2m=[0m"message"
[2m2026-03-16T02:20:04.571477Z[0m [32m INFO[0m [2mswarmllm::network::manager[0m[2m:[0m DIAG: ResponseSent event — response written to wire [3mpeer[0m[2m=[0m12D3KooWAyFfLinkAgFyQsC2SfHDizZ6yBg6BUUFYDYP1ZRVFaNr [3mrequest_id[0m[2m=[0mInboundRequestId(167)
[2m2026-03-16T02:20:04.571502Z[0m [32m INFO[0m [2mswarmllm::network::manager[0m[2m:[0m DIAG: ResponseSent event — response written to wire [3mpeer[0m[2m=[0m12D3KooWSUjzxjgP5ZfafMxfkMEMEo7RwrF7khpEAKaEMHgJ5Pfv [3mrequest_id[0m[2m=[0mInboundRequestId(168)
[2m2026-03-16T02:20:06.306245Z[0m [32m INFO[0m [2mswarmllm::network::manager[0m[2m:[0m DIAG: received response [3mpeer[0m[2m=[0m12D3KooWSUjzxjgP5ZfafMxfkMEMEo7RwrF7khpEAKaEMHgJ5Pfv [3mkind[0m[2m=[0m"ack" [3mrequest_id[0m[2m=[0mOutboundRequestId(168) [3mwas_tensor_forward[0m[2m=[0mfalse [3mpending_tensor_out[0m[2m=[0m0
[2m2026-03-16T02:20:06.307939Z[0m [32m INFO[0m [2mswarmllm::daemon::dispatch[0m[2m:[0m Received shard announce from peer [3mnode_id[0m[2m=[0mf78fbf0fba02769a [3mshards[0m[2m=[0m9
[2m2026-03-16T02:20:24.947417Z[0m [32m INFO[0m [2mswarmllm::network::manager[0m[2m:[0m DIAG: received response [3mpeer[0m[2m=[0m12D3KooWAyFfLinkAgFyQsC2SfHDizZ6yBg6BUUFYDYP1ZRVFaNr [3mkind[0m[2m=[0m"ack" [3mrequest_id[0m[2m=[0mOutboundRequestId(169) [3mwas_tensor_forward[0m[2m=[0mfalse [3mpending_tensor_out[0m[2m=[0m0
[2m2026-03-16T02:20:31.734087Z[0m [32m INFO[0m [2mswarmllm::network::manager[0m[2m:[0m Received request [3mpeer[0m[2m=[0m12D3KooWAyFfLinkAgFyQsC2SfHDizZ6yBg6BUUFYDYP1ZRVFaNr [3mkind[0m[2m=[0m"message"
[2m2026-03-16T02:20:31.734188Z[0m [32m INFO[0m [2mswarmllm::network::manager[0m[2m:[0m Received request [3mpeer[0m[2m=[0m12D3KooWSUjzxjgP5ZfafMxfkMEMEo7RwrF7khpEAKaEMHgJ5Pfv [3mkind[0m[2m=[0m"message"
[2m2026-03-16T02:20:31.734277Z[0m [32m INFO[0m [2mswarmllm::network::manager[0m[2m:[0m DIAG: ResponseSent event — response written to wire [3mpeer[0m[2m=[0m12D3KooWSUjzxjgP5ZfafMxfkMEMEo7RwrF7khpEAKaEMHgJ5Pfv [3mrequest_id[0m[2m=[0mInboundRequestId(169)
[2m2026-03-16T02:20:31.734311Z[0m [32m INFO[0m [2mswarmllm::network::manager[0m[2m:[0m DIAG: ResponseSent event — response written to wire [3mpeer[0m[2m=[0m12D3KooWAyFfLinkAgFyQsC2SfHDizZ6yBg6BUUFYDYP1ZRVFaNr [3mrequest_id[0m[2m=[0mInboundRequestId(170)
[2m2026-03-16T02:20:31.858217Z[0m [32m INFO[0m [2mswarmllm::model::auto_manage[0m[2m:[0m DIAG: evaluate_and_prune starting [3mresource_pressure[0m[2m=[0m"0.12" [3mpressure_urgent[0m[2m=[0mfalse
[2m2026-03-16T02:20:33.474053Z[0m [32m INFO[0m [2mswarmllm::network::manager[0m[2m:[0m DIAG: received response [3mpeer[0m[2m=[0m12D3KooWSUjzxjgP5ZfafMxfkMEMEo7RwrF7khpEAKaEMHgJ5Pfv [3mkind[0m[2m=[0m"ack" [3mrequest_id[0m[2m=[0mOutboundRequestId(170) [3mwas_tensor_forward[0m[2m=[0mfalse [3mpending_tensor_out[0m[2m=[0m0
[2m2026-03-16T02:20:33.477791Z[0m [32m INFO[0m [2mswarmllm::daemon::dispatch[0m[2m:[0m Received shard announce from peer [3mnode_id[0m[2m=[0mf78fbf0fba02769a [3mshards[0m[2m=[0m9
[2m2026-03-16T02:20:52.335476Z[0m [32m INFO[0m [2mswarmllm::network::manager[0m[2m:[0m DIAG: received response [3mpeer[0m[2m=[0m12D3KooWAyFfLinkAgFyQsC2SfHDizZ6yBg6BUUFYDYP1ZRVFaNr [3mkind[0m[2m=[0m"ack" [3mrequest_id[0m[2m=[0mOutboundRequestId(171) [3mwas_tensor_forward[0m[2m=[0mfalse [3mpending_tensor_out[0m[2m=[0m0
[2m2026-03-16T02:20:57.927244Z[0m [32m INFO[0m [2mswarmllm::config[0m[2m:[0m Loaded config [3mpath[0m[2m=[0m/home/user/.local/share/swarmllm-test2/config.toml
[2m2026-03-16T02:20:57.943230Z[0m [32m INFO[0m [2mswarmllm::config[0m[2m:[0m Loaded .env file [3mpath[0m[2m=[0m/home/user/.local/share/swarmllm-test2/.env [3mvars_loaded[0m[2m=[0m0
[2m2026-03-16T02:20:57.943366Z[0m [32m INFO[0m [2mswarmllm::daemon[0m[2m:[0m Detected provider API keys in environment [3mproviders[0m[2m=[0m["deepseek"] [3mcount[0m[2m=[0m1
[2m2026-03-16T02:20:57.943393Z[0m [32m INFO[0m [2mswarmllm::daemon[0m[2m:[0m SwarmLLM daemon starting with resolved config [3mport[0m[2m=[0m8901 [3mdata_dir[0m[2m=[0m/home/user/.local/share/swarmllm-test2 [3mbootstrap_peers[0m[2m=[0m0 [3mauto_manage[0m[2m=[0mtrue
[2m2026-03-16T02:20:57.943555Z[0m [32m INFO[0m [2mswarmllm::storage::db[0m[2m:[0m Database integrity check passed
[2m2026-03-16T02:20:57.943639Z[0m [32m INFO[0m [2mswarmllm::daemon[0m[2m:[0m Using persisted API key from database
[2m2026-03-16T02:20:57.944697Z[0m [32m INFO[0m [2mswarmllm::model::registry[0m[2m:[0m DIAG: load_from_db complete [3mmanifests_loaded_count[0m[2m=[0m3
[2m2026-03-16T02:20:57.945082Z[0m [32m INFO[0m [2mswarmllm::config[0m[2m:[0m Loaded provider key from environment [3menv_var[0m[2m=[0m"DEEPSEEK_API_KEY"
[2m2026-03-16T02:20:57.945840Z[0m [33m WARN[0m [2mswarmllm::daemon[0m[2m:[0m Shard file missing on disk — skipping registration [3mmodel[0m[2m=[0mphi-3.5-mini-instruct.q4-k-m [3mshard[0m[2m=[0m0 [3mpath[0m[2m=[0m/home/user/.local/share/swarmllm-test2/models/phi-3.5-mini-instruct.q4-k-m/shard_000.bin
[2m2026-03-16T02:20:57.945894Z[0m [33m WARN[0m [2mswarmllm::daemon[0m[2m:[0m Shard file missing on disk — skipping registration [3mmodel[0m[2m=[0mphi-3.5-mini-instruct.q4-k-m [3mshard[0m[2m=[0m2 [3mpath[0m[2m=[0m/home/user/.local/share/swarmllm-test2/models/phi-3.5-mini-instruct.q4-k-m/shard_002.bin
[2m2026-03-16T02:20:57.945909Z[0m [33m WARN[0m [2mswarmllm::daemon[0m[2m:[0m Shard file missing on disk — skipping registration [3mmodel[0m[2m=[0mphi-3.5-mini-instruct.q4-k-m [3mshard[0m[2m=[0m4 [3mpath[0m[2m=[0m/home/user/.local/share/swarmllm-test2/models/phi-3.5-mini-instruct.q4-k-m/shard_004.bin
[2m2026-03-16T02:20:57.946000Z[0m [33m WARN[0m [2mswarmllm::daemon[0m[2m:[0m Shard file missing on disk — skipping registration [3mmodel[0m[2m=[0mqwen2.5-coder-7b-instruct-q4-k-m [3mshard[0m[2m=[0m0 [3mpath[0m[2m=[0m/home/user/.local/share/swarmllm-test2/models/qwen2.5-coder-7b-instruct-q4-k-m/shard_000.bin
[2m2026-03-16T02:20:57.946015Z[0m [33m WARN[0m [2mswarmllm::daemon[0m[2m:[0m Shard file missing on disk — skipping registration [3mmodel[0m[2m=[0mqwen2.5-coder-7b-instruct-q4-k-m [3mshard[0m[2m=[0m2 [3mpath[0m[2m=[0m/home/user/.local/share/swarmllm-test2/models/qwen2.5-coder-7b-instruct-q4-k-m/shard_002.bin
[2m2026-03-16T02:20:57.946028Z[0m [33m WARN[0m [2mswarmllm::daemon[0m[2m:[0m Shard file missing on disk — skipping registration [3mmodel[0m[2m=[0mqwen2.5-coder-7b-instruct-q4-k-m [3mshard[0m[2m=[0m4 [3mpath[0m[2m=[0m/home/user/.local/share/swarmllm-test2/models/qwen2.5-coder-7b-instruct-q4-k-m/shard_004.bin
[2m2026-03-16T02:20:57.946036Z[0m [33m WARN[0m [2mswarmllm::daemon[0m[2m:[0m Shard file missing on disk — skipping registration [3mmodel[0m[2m=[0mqwen2.5-coder-7b-instruct-q4-k-m [3mshard[0m[2m=[0m5 [3mpath[0m[2m=[0m/home/user/.local/share/swarmllm-test2/models/qwen2.5-coder-7b-instruct-q4-k-m/shard_005.bin
[2m2026-03-16T02:20:57.946077Z[0m [33m WARN[0m [2mswarmllm::daemon[0m[2m:[0m Shard file missing on disk — skipping registration [3mmodel[0m[2m=[0mqwen2.5-coder-7b-instruct-q4-k-m [3mshard[0m[2m=[0m6 [3mpath[0m[2m=[0m/home/user/.local/share/swarmllm-test2/models/qwen2.5-coder-7b-instruct-q4-k-m/shard_006.bin
[2m2026-03-16T02:20:57.946150Z[0m [33m WARN[0m [2mswarmllm::daemon[0m[2m:[0m Shard file missing on disk — skipping registration [3mmodel[0m[2m=[0mtinyllama-1.1b-chat-v1.0.q4-k-m [3mshard[0m[2m=[0m0 [3mpath[0m[2m=[0m/home/user/.local/share/swarmllm-test2/models/tinyllama-1.1b-chat-v1.0.q4-k-m/shard_000.bin
[2m2026-03-16T02:21:04.270090Z[0m [32m INFO[0m [2mswarmllm::model::shard[0m[2m:[0m DIAG: load_all_local complete [3mmodel_count[0m[2m=[0m3 [3mtotal_shards[0m[2m=[0m6 [3mrejected_count[0m[2m=[0m0
[2m2026-03-16T02:21:04.446136Z[0m [32m INFO[0m [2mswarmllm::daemon[0m[2m:[0m Loaded GGUF metadata from shard header [3mmodel[0m[2m=[0mphi-3.5-mini-instruct.q4-k-m [3mlayers[0m[2m=[0m32
[2m2026-03-16T02:21:04.446868Z[0m [32m INFO[0m [2mswarmllm::model::registry[0m[2m:[0m DIAG: register_manifest [3mmodel[0m[2m=[0mphi-3.5-mini-instruct.q4-k-m [3mname[0m[2m=[0mPhi 3.5 Mini Instruct [3mschema_version[0m[2m=[0m2 [3mshard_count[0m[2m=[0m5
[2m2026-03-16T02:21:04.449062Z[0m [32m INFO[0m [2mswarmllm::daemon[0m[2m:[0m Registered manifest from local shard directory [3mmodel[0m[2m=[0mphi-3.5-mini-instruct.q4-k-m [3mshards[0m[2m=[0m5
[2m2026-03-16T02:21:05.463489Z[0m [32m INFO[0m [2mswarmllm::daemon[0m[2m:[0m Loaded GGUF metadata from shard header [3mmodel[0m[2m=[0mqwen2.5-coder-7b-instruct-q4-k-m [3mlayers[0m[2m=[0m28
[2m2026-03-16T02:21:05.468988Z[0m [32m INFO[0m [2mswarmllm::model::registry[0m[2m:[0m DIAG: register_manifest [3mmodel[0m[2m=[0mqwen2.5-coder-7b-instruct-q4-k-m [3mname[0m[2m=[0mQwen2.5 Coder 7B Instruct GGUF [3mschema_version[0m[2m=[0m2 [3mshard_count[0m[2m=[0m8
[2m2026-03-16T02:21:05.470987Z[0m [32m INFO[0m [2mswarmllm::daemon[0m[2m:[0m Registered manifest from local shard directory [3mmodel[0m[2m=[0mqwen2.5-coder-7b-instruct-q4-k-m [3mshards[0m[2m=[0m8
[2m2026-03-16T02:21:05.799303Z[0m [32m INFO[0m [2mswarmllm::daemon[0m[2m:[0m Loaded GGUF metadata from shard header [3mmodel[0m[2m=[0mtinyllama-1.1b-chat-v1.0.q4-k-m [3mlayers[0m[2m=[0m22
[2m2026-03-16T02:21:05.799657Z[0m [32m INFO[0m [2mswarmllm::model::registry[0m[2m:[0m DIAG: register_manifest [3mmodel[0m[2m=[0mtinyllama-1.1b-chat-v1.0.q4-k-m [3mname[0m[2m=[0mtinyllama_tinyllama-1.1b-chat-v1.0 [3mschema_version[0m[2m=[0m2 [3mshard_count[0m[2m=[0m2
[2m2026-03-16T02:21:05.801340Z[0m [32m INFO[0m [2mswarmllm::daemon[0m[2m:[0m Registered manifest from local shard directory [3mmodel[0m[2m=[0mtinyllama-1.1b-chat-v1.0.q4-k-m [3mshards[0m[2m=[0m2
[2m2026-03-16T02:21:05.801796Z[0m [32m INFO[0m [2mswarmllm::network::manager[0m[2m:[0m Initializing network [3mpeer_id[0m[2m=[0m12D3KooWP3xpwmAoNWP3RboxdnMbaX94yTzW7WzgiZtJFDAWvdp1
[2m2026-03-16T02:21:05.801872Z[0m [32m INFO[0m [2mswarmllm::network::peer_cache[0m[2m:[0m Loaded cached peers from last session [3mcount[0m[2m=[0m6
[2m2026-03-16T02:21:05.802896Z[0m [32m INFO[0m [2mswarmllm::network::behaviour[0m[2m:[0m Auto-scaled GossipSub mesh parameters [3mknown_peers[0m[2m=[0m6 [3mmesh_n[0m[2m=[0m2 [3mmesh_n_low[0m[2m=[0m1 [3mmesh_n_high[0m[2m=[0m4
[2m2026-03-16T02:21:05.802984Z[0m [32m INFO[0m [2mswarmllm::network::behaviour[0m[2m:[0m DIAG: connection limits configured [3mmax_per_peer[0m[2m=[0m1 [3mmax_total[0m[2m=[0m500
[2m2026-03-16T02:21:05.803332Z[0m [32m INFO[0m [2mswarmllm::credit::ledger[0m[2m:[0m Restored credit balance from database [3mbalance[0m[2m=[0m4500 [3mlifetime_earned[0m[2m=[0m4500
[2m2026-03-16T02:21:05.803464Z[0m [32m INFO[0m [2mswarmllm::daemon[0m[2m:[0m SwarmLLM daemon running [3mnode_id[0m[2m=[0mc4a3ab5093da731a [3mport[0m[2m=[0m8901
[2m2026-03-16T02:21:05.803469Z[0m [32m INFO[0m [2mswarmllm::inference::router[0m[2m:[0m InferenceRouter running [3mmax_batch_size[0m[2m=[0m1 [3mbatch_timeout_ms[0m[2m=[0m50
[2m2026-03-16T02:21:05.803605Z[0m [32m INFO[0m [2mswarmllm::health::monitor[0m[2m:[0m HealthMonitor running
[2m2026-03-16T02:21:05.803660Z[0m [32m INFO[0m [2mswarmllm::health::rebalancer[0m[2m:[0m ShardRebalancer running
[2m2026-03-16T02:21:05.803677Z[0m [32m INFO[0m [2mswarmllm::credit::ledger[0m[2m:[0m CreditLedger running
[2m2026-03-16T02:21:05.803726Z[0m [32m INFO[0m [2mswarmllm::pool::manager[0m[2m:[0m PoolManager running
[2m2026-03-16T02:21:05.803724Z[0m [32m INFO[0m [2mswarmllm::network::manager[0m[2m:[0m Listening for P2P connections (QUIC disabled) [3mtcp_addr[0m[2m=[0m/ip4/0.0.0.0/tcp/8911
[2m2026-03-16T02:21:05.803767Z[0m [32m INFO[0m [2mswarmllm::network::discovery[0m[2m:[0m Subscribed to GossipSub topic [3mtopic[0m[2m=[0mswarm/models
[2m2026-03-16T02:21:05.803767Z[0m [32m INFO[0m [2mswarmllm::model::acquisition[0m[2m:[0m AcquisitionManager running
[2m2026-03-16T02:21:05.803775Z[0m [32m INFO[0m [2mswarmllm::network::discovery[0m[2m:[0m Subscribed to GossipSub topic [3mtopic[0m[2m=[0mswarm/governance
[2m2026-03-16T02:21:05.803806Z[0m [32m INFO[0m [2mswarmllm::network::discovery[0m[2m:[0m Subscribed to GossipSub topic [3mtopic[0m[2m=[0mswarm/health
[2m2026-03-16T02:21:05.803812Z[0m [32m INFO[0m [2mswarmllm::network::discovery[0m[2m:[0m Subscribed to GossipSub topic [3mtopic[0m[2m=[0mswarm/credits
[2m2026-03-16T02:21:05.803817Z[0m [32m INFO[0m [2mswarmllm::network::discovery[0m[2m:[0m Subscribed to GossipSub topic [3mtopic[0m[2m=[0mswarm/identity
[2m2026-03-16T02:21:05.803822Z[0m [32m INFO[0m [2mswarmllm::network::discovery[0m[2m:[0m Subscribed to GossipSub topic [3mtopic[0m[2m=[0mswarm/pools
[2m2026-03-16T02:21:05.803846Z[0m [32m INFO[0m [2mswarmllm::network::peer_cache[0m[2m:[0m Loaded cached peers from last session [3mcount[0m[2m=[0m6
[2m2026-03-16T02:21:05.804068Z[0m [32m INFO[0m [2mswarmllm::network::discovery[0m[2m:[0m Dialing bootstrap peer [3maddr[0m[2m=[0m/ip4/127.0.0.1/tcp/8912/p2p/12D3KooWAyFfLinkAgFyQsC2SfHDizZ6yBg6BUUFYDYP1ZRVFaNr [3mpeer_id[0m[2m=[0mSome(PeerId("12D3KooWAyFfLinkAgFyQsC2SfHDizZ6yBg6BUUFYDYP1ZRVFaNr"))
[2m2026-03-16T02:21:05.804174Z[0m [32m INFO[0m [2mswarmllm::network::discovery[0m[2m:[0m Dialing bootstrap peer [3maddr[0m[2m=[0m/ip4/10.255.255.254/tcp/8912/p2p/12D3KooWAyFfLinkAgFyQsC2SfHDizZ6yBg6BUUFYDYP1ZRVFaNr [3mpeer_id[0m[2m=[0mSome(PeerId("12D3KooWAyFfLinkAgFyQsC2SfHDizZ6yBg6BUUFYDYP1ZRVFaNr"))
[2m2026-03-16T02:21:05.804246Z[0m [32m INFO[0m [2mswarmllm::network::discovery[0m[2m:[0m Dialing bootstrap peer [3maddr[0m[2m=[0m/ip4/172.27.198.18/tcp/8912/p2p/12D3KooWAyFfLinkAgFyQsC2SfHDizZ6yBg6BUUFYDYP1ZRVFaNr [3mpeer_id[0m[2m=[0mSome(PeerId("12D3KooWAyFfLinkAgFyQsC2SfHDizZ6yBg6BUUFYDYP1ZRVFaNr"))
[2m2026-03-16T02:21:05.804381Z[0m [32m INFO[0m [2mswarmllm::network::discovery[0m[2m:[0m Dialing bootstrap peer [3maddr[0m[2m=[0m/ip4/127.0.0.1/tcp/8910/p2p/12D3KooWSUjzxjgP5ZfafMxfkMEMEo7RwrF7khpEAKaEMHgJ5Pfv [3mpeer_id[0m[2m=[0mSome(PeerId("12D3KooWSUjzxjgP5ZfafMxfkMEMEo7RwrF7khpEAKaEMHgJ5Pfv"))
[2m2026-03-16T02:21:05.804472Z[0m [32m INFO[0m [2mswarmllm::network::discovery[0m[2m:[0m Dialing bootstrap peer [3maddr[0m[2m=[0m/ip4/10.255.255.254/tcp/8910/p2p/12D3KooWSUjzxjgP5ZfafMxfkMEMEo7RwrF7khpEAKaEMHgJ5Pfv [3mpeer_id[0m[2m=[0mSome(PeerId("12D3KooWSUjzxjgP5ZfafMxfkMEMEo7RwrF7khpEAKaEMHgJ5Pfv"))
[2m2026-03-16T02:21:05.804542Z[0m [32m INFO[0m [2mswarmllm::network::discovery[0m[2m:[0m Dialing bootstrap peer [3maddr[0m[2m=[0m/ip4/172.27.198.18/tcp/8910/p2p/12D3KooWSUjzxjgP5ZfafMxfkMEMEo7RwrF7khpEAKaEMHgJ5Pfv [3mpeer_id[0m[2m=[0mSome(PeerId("12D3KooWSUjzxjgP5ZfafMxfkMEMEo7RwrF7khpEAKaEMHgJ5Pfv"))
[2m2026-03-16T02:21:05.804571Z[0m [32m INFO[0m [2mswarmllm::network::manager[0m[2m:[0m Dialing cached peers from last session [3mcount[0m[2m=[0m6
[2m2026-03-16T02:21:05.804595Z[0m [32m INFO[0m [2mswarmllm::crypto::key_rotation[0m[2m:[0m Key rotation task started (eviction + ephemeral re-keying)
[2m2026-03-16T02:21:05.804714Z[0m [32m INFO[0m [2mswarmllm::model::auto_manage[0m[2m:[0m AutoShardManager running [3minterval_secs[0m[2m=[0m60 [3mmax_storage_mb[0m[2m=[0m0
[2m2026-03-16T02:21:05.804763Z[0m [32m INFO[0m [2mswarmllm::network::manager[0m[2m:[0m NetworkManager running
[2m2026-03-16T02:21:05.805965Z[0m [32m INFO[0m [2mswarmllm::network::peer_cache[0m[2m:[0m Loaded cached peers from last session [3mcount[0m[2m=[0m6
[2m2026-03-16T02:21:05.806127Z[0m [32m INFO[0m [2mswarmllm::network::discovery[0m[2m:[0m Dialing bootstrap peer [3maddr[0m[2m=[0m/ip4/127.0.0.1/tcp/8912/p2p/12D3KooWAyFfLinkAgFyQsC2SfHDizZ6yBg6BUUFYDYP1ZRVFaNr [3mpeer_id[0m[2m=[0mSome(PeerId("12D3KooWAyFfLinkAgFyQsC2SfHDizZ6yBg6BUUFYDYP1ZRVFaNr"))
[2m2026-03-16T02:21:05.806226Z[0m [32m INFO[0m [2mswarmllm::network::discovery[0m[2m:[0m Dialing bootstrap peer [3maddr[0m[2m=[0m/ip4/10.255.255.254/tcp/8912/p2p/12D3KooWAyFfLinkAgFyQsC2SfHDizZ6yBg6BUUFYDYP1ZRVFaNr [3mpeer_id[0m[2m=[0mSome(PeerId("12D3KooWAyFfLinkAgFyQsC2SfHDizZ6yBg6BUUFYDYP1ZRVFaNr"))
[2m2026-03-16T02:21:05.806272Z[0m [32m INFO[0m [2mswarmllm::network::discovery[0m[2m:[0m Dialing bootstrap peer [3maddr[0m[2m=[0m/ip4/172.27.198.18/tcp/8912/p2p/12D3KooWAyFfLinkAgFyQsC2SfHDizZ6yBg6BUUFYDYP1ZRVFaNr [3mpeer_id[0m[2m=[0mSome(PeerId("12D3KooWAyFfLinkAgFyQsC2SfHDizZ6yBg6BUUFYDYP1ZRVFaNr"))
[2m2026-03-16T02:21:05.806382Z[0m [32m INFO[0m [2mswarmllm::network::discovery[0m[2m:[0m Dialing bootstrap peer [3maddr[0m[2m=[0m/ip4/127.0.0.1/tcp/8910/p2p/12D3KooWSUjzxjgP5ZfafMxfkMEMEo7RwrF7khpEAKaEMHgJ5Pfv [3mpeer_id[0m[2m=[0mSome(PeerId("12D3KooWSUjzxjgP5ZfafMxfkMEMEo7RwrF7khpEAKaEMHgJ5Pfv"))
[2m2026-03-16T02:21:05.806468Z[0m [32m INFO[0m [2mswarmllm::network::discovery[0m[2m:[0m Dialing bootstrap peer [3maddr[0m[2m=[0m/ip4/10.255.255.254/tcp/8910/p2p/12D3KooWSUjzxjgP5ZfafMxfkMEMEo7RwrF7khpEAKaEMHgJ5Pfv [3mpeer_id[0m[2m=[0mSome(PeerId("12D3KooWSUjzxjgP5ZfafMxfkMEMEo7RwrF7khpEAKaEMHgJ5Pfv"))
[2m2026-03-16T02:21:05.806557Z[0m [32m INFO[0m [2mswarmllm::network::discovery[0m[2m:[0m Dialing bootstrap peer [3maddr[0m[2m=[0m/ip4/172.27.198.18/tcp/8910/p2p/12D3KooWSUjzxjgP5ZfafMxfkMEMEo7RwrF7khpEAKaEMHgJ5Pfv [3mpeer_id[0m[2m=[0mSome(PeerId("12D3KooWSUjzxjgP5ZfafMxfkMEMEo7RwrF7khpEAKaEMHgJ5Pfv"))
[2m2026-03-16T02:21:05.806603Z[0m [32m INFO[0m [2mswarmllm::credit::ledger[0m[2m:[0m Earned shard hosting credits [3mshards[0m[2m=[0m6 [3mcredits_earned[0m[2m=[0m0
[2m2026-03-16T02:21:05.806625Z[0m [32m INFO[0m [2mswarmllm::credit::ledger[0m[2m:[0m Gossiping credit balance [3mbalance_bucket[0m[2m=[0m4500 [3mtier[0m[2m=[0mSilver
[2m2026-03-16T02:21:05.808018Z[0m [32m INFO[0m [2mswarmllm::network::manager[0m[2m:[0m DIAG: connection established [3mpeer_id[0m[2m=[0m12D3KooWAyFfLinkAgFyQsC2SfHDizZ6yBg6BUUFYDYP1ZRVFaNr [3mconnection_id[0m[2m=[0m3 [3mcount[0m[2m=[0m1 [3mremote_addr[0m[2m=[0m/ip4/172.27.198.18/tcp/8912/p2p/12D3KooWAyFfLinkAgFyQsC2SfHDizZ6yBg6BUUFYDYP1ZRVFaNr [3mis_loopback[0m[2m=[0mfalse [3mis_dialer[0m[2m=[0mtrue [3mtotal_established[0m[2m=[0m1 [3mtotal_peers[0m[2m=[0m1 [3mpending_tensor_forwards[0m[2m=[0m0
[2m2026-03-16T02:21:05.812284Z[0m [32m INFO[0m [2mswarmllm::network::manager[0m[2m:[0m DIAG: key exchange initiated [3mpeer_id[0m[2m=[0m12D3KooWAyFfLinkAgFyQsC2SfHDizZ6yBg6BUUFYDYP1ZRVFaNr [3mnode_id[0m[2m=[0m11228e88372ae2f0 [3msession_type[0m[2m=[0m"static"
[2m2026-03-16T02:21:05.812395Z[0m [32m INFO[0m [2mswarmllm::network::manager[0m[2m:[0m DIAG: encryption session established [3mpeer_id[0m[2m=[0m12D3KooWAyFfLinkAgFyQsC2SfHDizZ6yBg6BUUFYDYP1ZRVFaNr [3mnode_id[0m[2m=[0m11228e88372ae2f0 [3msession_type[0m[2m=[0m"static" [3msession_count[0m[2m=[0m1
[2m2026-03-16T02:21:05.812972Z[0m [32m INFO[0m [2mswarmllm::network::manager[0m[2m:[0m Replayed buffered GossipSub messages [3mcount[0m[2m=[0m6
[2m2026-03-16T02:21:05.813176Z[0m [32m INFO[0m [2mswarmllm::network::manager[0m[2m:[0m Replayed buffered GossipSub messages [3mcount[0m[2m=[0m1
[2m2026-03-16T02:21:05.813315Z[0m [32m INFO[0m [2mswarmllm::network::manager[0m[2m:[0m Replayed buffered GossipSub messages [3mcount[0m[2m=[0m1
[2m2026-03-16T02:21:05.813336Z[0m [32m INFO[0m [2mswarmllm::network::manager[0m[2m:[0m Received request [3mpeer[0m[2m=[0m12D3KooWAyFfLinkAgFyQsC2SfHDizZ6yBg6BUUFYDYP1ZRVFaNr [3mkind[0m[2m=[0m"message"
[2m2026-03-16T02:21:05.813587Z[0m [32m INFO[0m [2mswarmllm::network::manager[0m[2m:[0m DIAG: received response [3mpeer[0m[2m=[0m12D3KooWAyFfLinkAgFyQsC2SfHDizZ6yBg6BUUFYDYP1ZRVFaNr [3mkind[0m[2m=[0m"message" [3mrequest_id[0m[2m=[0mOutboundRequestId(1) [3mwas_tensor_forward[0m[2m=[0mfalse [3mpending_tensor_out[0m[2m=[0m0
[2m2026-03-16T02:21:05.813755Z[0m [32m INFO[0m [2mswarmllm::network::manager[0m[2m:[0m DIAG: ResponseSent event — response written to wire [3mpeer[0m[2m=[0m12D3KooWAyFfLinkAgFyQsC2SfHDizZ6yBg6BUUFYDYP1ZRVFaNr [3mrequest_id[0m[2m=[0mInboundRequestId(1)
[2m2026-03-16T02:21:05.815354Z[0m [32m INFO[0m [2mswarmllm::network::manager[0m[2m:[0m New listen address [3maddress[0m[2m=[0m/ip4/127.0.0.1/tcp/8911
[2m2026-03-16T02:21:05.815404Z[0m [32m INFO[0m [2mswarmllm::network::manager[0m[2m:[0m New listen address [3maddress[0m[2m=[0m/ip4/10.255.255.254/tcp/8911
[2m2026-03-16T02:21:05.815435Z[0m [32m INFO[0m [2mswarmllm::network::manager[0m[2m:[0m New listen address [3maddress[0m[2m=[0m/ip4/172.27.198.18/tcp/8911
[2m2026-03-16T02:21:05.817305Z[0m [32m INFO[0m [2mswarmllm::network::manager[0m[2m:[0m DIAG: received response [3mpeer[0m[2m=[0m12D3KooWAyFfLinkAgFyQsC2SfHDizZ6yBg6BUUFYDYP1ZRVFaNr [3mkind[0m[2m=[0m"ack" [3mrequest_id[0m[2m=[0mOutboundRequestId(2) [3mwas_tensor_forward[0m[2m=[0mfalse [3mpending_tensor_out[0m[2m=[0m0
[2m2026-03-16T02:21:05.817587Z[0m [32m INFO[0m [2mswarmllm::network::manager[0m[2m:[0m Received request [3mpeer[0m[2m=[0m12D3KooWAyFfLinkAgFyQsC2SfHDizZ6yBg6BUUFYDYP1ZRVFaNr [3mkind[0m[2m=[0m"message"
[2m2026-03-16T02:21:05.817712Z[0m [32m INFO[0m [2mswarmllm::network::manager[0m[2m:[0m DIAG: ResponseSent event — response written to wire [3mpeer[0m[2m=[0m12D3KooWAyFfLinkAgFyQsC2SfHDizZ6yBg6BUUFYDYP1ZRVFaNr [3mrequest_id[0m[2m=[0mInboundRequestId(2)
[2m2026-03-16T02:21:06.287282Z[0m [32m INFO[0m [2mswarmllm::daemon[0m[2m:[0m Auto-detected region via IP geolocation [3mregion[0m[2m=[0mTH
[2m2026-03-16T02:21:07.806266Z[0m [32m INFO[0m [2mswarmllm::model::auto_manage[0m[2m:[0m DIAG: check_and_load_model [3mmodel[0m[2m=[0mqwen2.5-coder-7b-instruct-q4-k-m [3mavailable_shards[0m[2m=[0m3 [3mmissing_shards[0m[2m=[0m5 [3mtotal_shards[0m[2m=[0m8 [3mranges[0m[2m=[0m[(2, 6), (10, 14), (26, 28)] [3mready[0m[2m=[0mfalse [3mlocal_shard_indices[0m[2m=[0m[1, 3, 7]
[2m2026-03-16T02:21:07.807601Z[0m [32m INFO[0m [2mswarmllm::daemon::shard_loader[0m[2m:[0m Loading split model from shard files (no full GGUF) [3mmodel[0m[2m=[0mqwen2.5-coder-7b-instruct-q4-k-m [3mshards[0m[2m=[0m3 [3mlayers[0m[2m=[0m"[2..6)"
[2m2026-03-16T02:21:07.883112Z[0m [32m INFO[0m [2mswarmllm::inference::split[0m[2m:[0m Loading split model from shard files [3mmodel_dir[0m[2m=[0m/home/user/.local/share/swarmllm-test2/models/qwen2.5-coder-7b-instruct-q4-k-m [3mheader_bytes[0m[2m=[0m5953536 [3mtensor_data_offset[0m[2m=[0m5953536 [3mshards[0m[2m=[0m3 [3mlayers[0m[2m=[0m"[2..6)"
[2m2026-03-16T02:21:07.926474Z[0m [32m INFO[0m [2mswarmllm::inference::split[0m[2m:[0m DIAG: tensor mapping check [3mtensor[0m[2m=[0mblk.24.ffn_down.weight [3mgguf_seek[0m[2m=[0m4086622208 [3msize[0m[2m=[0m55695360 [3mshard_mapping[0m[2m=[0mNone
[2m2026-03-16T02:21:07.926580Z[0m [32m INFO[0m [2mswarmllm::inference::split[0m[2m:[0m DIAG: tensor mapping check [3mtensor[0m[2m=[0mblk.13.attn_norm.weight [3mgguf_seek[0m[2m=[0m1599154176 [3msize[0m[2m=[0m14336 [3mshard_mapping[0m[2m=[0mSome((1, 411383808))
[2m2026-03-16T02:21:07.926604Z[0m [32m INFO[0m [2mswarmllm::inference::split[0m[2m:[0m DIAG: tensor mapping check [3mtensor[0m[2m=[0mblk.5.ffn_gate.weight [3mgguf_seek[0m[2m=[0m1077833728 [3msize[0m[2m=[0m38191104 [3mshard_mapping[0m[2m=[0mSome((0, 467093504))
[2m2026-03-16T02:21:07.926611Z[0m [32m INFO[0m [2mswarmllm::inference::split[0m[2m:[0m DIAG: tensor mapping check [3mtensor[0m[2m=[0mblk.0.attn_k.bias [3mgguf_seek[0m[2m=[0m444620800 [3msize[0m[2m=[0m2048 [3mshard_mapping[0m[2m=[0mNone
[2m2026-03-16T02:21:07.926616Z[0m [32m INFO[0m [2mswarmllm::inference::split[0m[2m:[0m DIAG: tensor mapping check [3mtensor[0m[2m=[0mblk.4.attn_q.bias [3mgguf_seek[0m[2m=[0m1013850112 [3msize[0m[2m=[0m14336 [3mshard_mapping[0m[2m=[0mSome((0, 403109888))
[2m2026-03-16T02:21:07.926632Z[0m [31mERROR[0m [2mswarmllm::inference::split[0m[2m:[0m ShardReader: position is in a missing shard region [3mpos[0m[2m=[0m312514560 [3mtotal_size[0m[2m=[0m4683073536 [3mheader_len[0m[2m=[0m5953536 [3mbuf_len[0m[2m=[0m16 [3mtensor_map_sample[0m[2m=[0m["shard[0]@gguf[610740224..610754560)", "shard[0]@gguf[610754560..666449920)", "shard[0]@gguf[666449920..704641024)", "shard[0]@gguf[704641024..742832128)", "shard[0]@gguf[742832128..742846464)"]
[2m2026-03-16T02:21:07.926648Z[0m [32m INFO[0m [2mswarmllm::inference::split[0m[2m:[0m Split model using CPU (no CUDA available)
[2m2026-03-16T02:21:07.926656Z[0m [32m INFO[0m [2mswarmllm::inference::split[0m[2m:[0m Detected model architecture [3march[0m[2m=[0mqwen2
[2m2026-03-16T02:21:09.944347Z[0m [32m INFO[0m [2mswarmllm::inference::split[0m[2m:[0m Loaded BPE tokenizer from GGUF header [3mmerges[0m[2m=[0m151387 [3mpre_type[0m[2m=[0mqwen2 [3mtokenizer_model[0m[2m=[0mgpt2
[2m2026-03-16T02:21:10.069212Z[0m [32m INFO[0m [2mswarmllm::inference::split[0m[2m:[0m Loaded chat template from GGUF header [3mbos[0m[2m=[0m<|endoftext|> [3meos[0m[2m=[0m<|im_end|>
[2m2026-03-16T02:21:10.069275Z[0m [32m INFO[0m [2mswarmllm::inference::split[0m[2m:[0m Loaded split model from shard files [3march[0m[2m=[0mqwen2 [3mlayers[0m[2m=[0m"[2..6)" [3mtotal[0m[2m=[0m28 [3mis_first[0m[2m=[0mfalse [3mis_last[0m[2m=[0mfalse [3mhas_qkv_biases[0m[2m=[0mtrue [3mrope[0m[2m=[0m"contiguous" [3mactivation[0m[2m=[0mSiLU [3mcontext_length[0m[2m=[0m131072 [3mhead_count[0m[2m=[0m28 [3mhead_count_kv[0m[2m=[0m4 [3mhead_dim[0m[2m=[0m128 [3mrope_dim[0m[2m=[0m128 [3membedding_length[0m[2m=[0m3584 [3mhas_post_norms[0m[2m=[0mfalse
[2m2026-03-16T02:21:10.080679Z[0m [32m INFO[0m [2mswarmllm::model::auto_manage[0m[2m:[0m Auto-manage: model segment loaded and ready for inference [3mmodel[0m[2m=[0mqwen2.5-coder-7b-instruct-q4-k-m [3mname[0m[2m=[0mQwen2.5 Coder 7B Instruct GGUF [3mlayers[0m[2m=[0m"[2..6)"
[2m2026-03-16T02:21:10.082001Z[0m [32m INFO[0m [2mswarmllm::daemon::shard_loader[0m[2m:[0m Loading split model from shard files (no full GGUF) [3mmodel[0m[2m=[0mqwen2.5-coder-7b-instruct-q4-k-m [3mshards[0m[2m=[0m3 [3mlayers[0m[2m=[0m"[10..14)"
[2m2026-03-16T02:21:10.122921Z[0m [32m INFO[0m [2mswarmllm::inference::split[0m[2m:[0m Loading split model from shard files [3mmodel_dir[0m[2m=[0m/home/user/.local/share/swarmllm-test2/models/qwen2.5-coder-7b-instruct-q4-k-m [3mheader_bytes[0m[2m=[0m5953536 [3mtensor_data_offset[0m[2m=[0m5953536 [3mshards[0m[2m=[0m3 [3mlayers[0m[2m=[0m"[10..14)"
[2m2026-03-16T02:21:10.159695Z[0m [32m INFO[0m [2mswarmllm::inference::split[0m[2m:[0m DIAG: tensor mapping check [3mtensor[0m[2m=[0mblk.8.attn_k.weight [3mgguf_seek[0m[2m=[0m2163333120 [3msize[0m[2m=[0m1032192 [3mshard_mapping[0m[2m=[0mNone
[2m2026-03-16T02:21:10.159780Z[0m [32m INFO[0m [2mswarmllm::inference::split[0m[2m:[0m DIAG: tensor mapping check [3mtensor[0m[2m=[0mblk.23.attn_norm.weight [3mgguf_seek[0m[2m=[0m3937495040 [3msize[0m[2m=[0m14336 [3mshard_mapping[0m[2m=[0mNone
[2m2026-03-16T02:21:10.159786Z[0m [32m INFO[0m [2mswarmllm::inference::split[0m[2m:[0m DIAG: tensor mapping check [3mtensor[0m[2m=[0mblk.11.ffn_up.weight [3mgguf_seek[0m[2m=[0m1395302400 [3msize[0m[2m=[0m38191104 [3mshard_mapping[0m[2m=[0mSome((1, 207532032))
[2m2026-03-16T02:21:10.159792Z[0m [32m INFO[0m [2mswarmllm::inference::split[0m[2m:[0m DIAG: tensor mapping check [3mtensor[0m[2m=[0mblk.21.attn_v.weight [3mgguf_seek[0m[2m=[0m3358259200 [3msize[0m[2m=[0m1032192 [3mshard_mapping[0m[2m=[0mNone
[2m2026-03-16T02:21:10.159796Z[0m [32m INFO[0m [2mswarmllm::inference::split[0m[2m:[0m DIAG: tensor mapping check [3mtensor[0m[2m=[0mblk.9.attn_q.weight [3mgguf_seek[0m[2m=[0m2302740480 [3msize[0m[2m=[0m7225344 [3mshard_mapping[0m[2m=[0mNone
[2m2026-03-16T02:21:10.159805Z[0m [31mERROR[0m [2mswarmllm::inference::split[0m[2m:[0m ShardReader: position is in a missing shard region [3mpos[0m[2m=[0m312514560 [3mtotal_size[0m[2m=[0m4683073536 [3mheader_len[0m[2m=[0m5953536 [3mbuf_len[0m[2m=[0m16 [3mtensor_map_sample[0m[2m=[0m["shard[0]@gguf[610740224..610754560)", "shard[0]@gguf[610754560..666449920)", "shard[0]@gguf[666449920..704641024)", "shard[0]@gguf[704641024..742832128)", "shard[0]@gguf[742832128..742846464)"]
[2m2026-03-16T02:21:10.159816Z[0m [32m INFO[0m [2mswarmllm::inference::split[0m[2m:[0m Split model using CPU (no CUDA available)
[2m2026-03-16T02:21:10.159822Z[0m [32m INFO[0m [2mswarmllm::inference::split[0m[2m:[0m Detected model architecture [3march[0m[2m=[0mqwen2
[2m2026-03-16T02:21:12.182434Z[0m [32m INFO[0m [2mswarmllm::inference::split[0m[2m:[0m Loaded BPE tokenizer from GGUF header [3mmerges[0m[2m=[0m151387 [3mpre_type[0m[2m=[0mqwen2 [3mtokenizer_model[0m[2m=[0mgpt2
[2m2026-03-16T02:21:12.306083Z[0m [32m INFO[0m [2mswarmllm::inference::split[0m[2m:[0m Loaded chat template from GGUF header [3mbos[0m[2m=[0m<|endoftext|> [3meos[0m[2m=[0m<|im_end|>
[2m2026-03-16T02:21:12.306169Z[0m [32m INFO[0m [2mswarmllm::inference::split[0m[2m:[0m Loaded split model from shard files [3march[0m[2m=[0mqwen2 [3mlayers[0m[2m=[0m"[10..14)" [3mtotal[0m[2m=[0m28 [3mis_first[0m[2m=[0mfalse [3mis_last[0m[2m=[0mfalse [3mhas_qkv_biases[0m[2m=[0mtrue [3mrope[0m[2m=[0m"contiguous" [3mactivation[0m[2m=[0mSiLU [3mcontext_length[0m[2m=[0m131072 [3mhead_count[0m[2m=[0m28 [3mhead_count_kv[0m[2m=[0m4 [3mhead_dim[0m[2m=[0m128 [3mrope_dim[0m[2m=[0m128 [3membedding_length[0m[2m=[0m3584 [3mhas_post_norms[0m[2m=[0mfalse
[2m2026-03-16T02:21:12.318155Z[0m [32m INFO[0m [2mswarmllm::model::auto_manage[0m[2m:[0m Auto-manage: model segment loaded and ready for inference [3mmodel[0m[2m=[0mqwen2.5-coder-7b-instruct-q4-k-m [3mname[0m[2m=[0mQwen2.5 Coder 7B Instruct GGUF [3mlayers[0m[2m=[0m"[10..14)"
[2m2026-03-16T02:21:12.319253Z[0m [32m INFO[0m [2mswarmllm::daemon::shard_loader[0m[2m:[0m Loading split model from shard files (no full GGUF) [3mmodel[0m[2m=[0mqwen2.5-coder-7b-instruct-q4-k-m [3mshards[0m[2m=[0m3 [3mlayers[0m[2m=[0m"[26..28)"
[2m2026-03-16T02:21:12.355494Z[0m [32m INFO[0m [2mswarmllm::inference::split[0m[2m:[0m Loading split model from shard files [3mmodel_dir[0m[2m=[0m/home/user/.local/share/swarmllm-test2/models/qwen2.5-coder-7b-instruct-q4-k-m [3mheader_bytes[0m[2m=[0m5953536 [3mtensor_data_offset[0m[2m=[0m5953536 [3mshards[0m[2m=[0m3 [3mlayers[0m[2m=[0m"[26..28)"
[2m2026-03-16T02:21:12.396425Z[0m [32m INFO[0m [2mswarmllm::inference::split[0m[2m:[0m DIAG: tensor mapping check [3mtensor[0m[2m=[0mblk.1.ffn_up.weight [3mgguf_seek[0m[2m=[0m555528192 [3msize[0m[2m=[0m38191104 [3mshard_mapping[0m[2m=[0mNone
[2m2026-03-16T02:21:12.396547Z[0m [32m INFO[0m [2mswarmllm::inference::split[0m[2m:[0m DIAG: tensor mapping check [3mtensor[0m[2m=[0mblk.2.attn_v.bias [3mgguf_seek[0m[2m=[0m758345728 [3msize[0m[2m=[0m2048 [3mshard_mapping[0m[2m=[0mSome((0, 147605504))
[2m2026-03-16T02:21:12.396556Z[0m [32m INFO[0m [2mswarmllm::inference::split[0m[2m:[0m DIAG: tensor mapping check [3mtensor[0m[2m=[0mblk.0.ffn_norm.weight [3mgguf_seek[0m[2m=[0m444606464 [3msize[0m[2m=[0m14336 [3mshard_mapping[0m[2m=[0mNone
[2m2026-03-16T02:21:12.396563Z[0m [32m INFO[0m [2mswarmllm::inference::split[0m[2m:[0m DIAG: tensor mapping check [3mtensor[0m[2m=[0mblk.3.attn_v.weight [3mgguf_seek[0m[2m=[0m889956352 [3msize[0m[2m=[0m1032192 [3mshard_mapping[0m[2m=[0mSome((0, 279216128))
[2m2026-03-16T02:21:12.396570Z[0m [32m INFO[0m [2mswarmllm::inference::split[0m[2m:[0m DIAG: tensor mapping check [3mtensor[0m[2m=[0mblk.11.attn_output.weight [3mgguf_seek[0m[2m=[0m1434542080 [3msize[0m[2m=[0m7225344 [3mshard_mapping[0m[2m=[0mSome((1, 246771712))
[2m2026-03-16T02:21:12.396582Z[0m [31mERROR[0m [2mswarmllm::inference::split[0m[2m:[0m ShardReader: position is in a missing shard region [3mpos[0m[2m=[0m312514560 [3mtotal_size[0m[2m=[0m4683073536 [3mheader_len[0m[2m=[0m5953536 [3mbuf_len[0m[2m=[0m16 [3mtensor_map_sample[0m[2m=[0m["shard[0]@gguf[610740224..610754560)", "shard[0]@gguf[610754560..666449920)", "shard[0]@gguf[666449920..704641024)", "shard[0]@gguf[704641024..742832128)", "shard[0]@gguf[742832128..742846464)"]
[2m2026-03-16T02:21:12.396597Z[0m [32m INFO[0m [2mswarmllm::inference::split[0m[2m:[0m Split model using CPU (no CUDA available)
[2m2026-03-16T02:21:12.396605Z[0m [32m INFO[0m [2mswarmllm::inference::split[0m[2m:[0m Detected model architecture [3march[0m[2m=[0mqwen2
[2m2026-03-16T02:21:12.444684Z[0m [32m INFO[0m [2mswarmllm::inference::split[0m[2m:[0m Loaded BPE tokenizer from GGUF header [3mmerges[0m[2m=[0m151387 [3mpre_type[0m[2m=[0mqwen2 [3mtokenizer_model[0m[2m=[0mgpt2
[2m2026-03-16T02:21:12.548785Z[0m [32m INFO[0m [2mswarmllm::inference::split[0m[2m:[0m Loaded chat template from GGUF header [3mbos[0m[2m=[0m<|endoftext|> [3meos[0m[2m=[0m<|im_end|>
[2m2026-03-16T02:21:12.548845Z[0m [32m INFO[0m [2mswarmllm::inference::split[0m[2m:[0m Loaded split model from shard files [3march[0m[2m=[0mqwen2 [3mlayers[0m[2m=[0m"[26..28)" [3mtotal[0m[2m=[0m28 [3mis_first[0m[2m=[0mfalse [3mis_last[0m[2m=[0mtrue [3mhas_qkv_biases[0m[2m=[0mtrue [3mrope[0m[2m=[0m"contiguous" [3mactivation[0m[2m=[0mSiLU [3mcontext_length[0m[2m=[0m131072 [3mhead_count[0m[2m=[0m28 [3mhead_count_kv[0m[2m=[0m4 [3mhead_dim[0m[2m=[0m128 [3mrope_dim[0m[2m=[0m128 [3membedding_length[0m[2m=[0m3584 [3mhas_post_norms[0m[2m=[0mfalse
[2m2026-03-16T02:21:12.557677Z[0m [32m INFO[0m [2mswarmllm::model::auto_manage[0m[2m:[0m Auto-manage: model segment loaded and ready for inference [3mmodel[0m[2m=[0mqwen2.5-coder-7b-instruct-q4-k-m [3mname[0m[2m=[0mQwen2.5 Coder 7B Instruct GGUF [3mlayers[0m[2m=[0m"[26..28)"
[2m2026-03-16T02:21:12.557823Z[0m [32m INFO[0m [2mswarmllm::model::auto_manage[0m[2m:[0m DIAG: check_and_load_model [3mmodel[0m[2m=[0mphi-3.5-mini-instruct.q4-k-m [3mavailable_shards[0m[2m=[0m2 [3mmissing_shards[0m[2m=[0m3 [3mtotal_shards[0m[2m=[0m5 [3mranges[0m[2m=[0m[(6, 13), (20, 27)] [3mready[0m[2m=[0mfalse [3mlocal_shard_indices[0m[2m=[0m[1, 3]
[2m2026-03-16T02:21:12.558994Z[0m [32m INFO[0m [2mswarmllm::daemon::shard_loader[0m[2m:[0m Loading split model from shard files (no full GGUF) [3mmodel[0m[2m=[0mphi-3.5-mini-instruct.q4-k-m [3mshards[0m[2m=[0m2 [3mlayers[0m[2m=[0m"[6..13)"
[2m2026-03-16T02:21:12.564371Z[0m [32m INFO[0m [2mswarmllm::inference::split[0m[2m:[0m Loading split model from shard files [3mmodel_dir[0m[2m=[0m/home/user/.local/share/swarmllm-test2/models/phi-3.5-mini-instruct.q4-k-m [3mheader_bytes[0m[2m=[0m738656 [3mtensor_data_offset[0m[2m=[0m738656 [3mshards[0m[2m=[0m2 [3mlayers[0m[2m=[0m"[6..13)"
[2m2026-03-16T02:21:12.568980Z[0m [32m INFO[0m [2mswarmllm::inference::split[0m[2m:[0m DIAG: tensor mapping check [3mtensor[0m[2m=[0mblk.18.ffn_up.weight [3mgguf_seek[0m[2m=[0m781886816 [3msize[0m[2m=[0m28311552 [3mshard_mapping[0m[2m=[0mNone
[2m2026-03-16T02:21:12.569029Z[0m [32m INFO[0m [2mswarmllm::inference::split[0m[2m:[0m DIAG: tensor mapping check [3mtensor[0m[2m=[0mblk.28.ffn_down.weight [3mgguf_seek[0m[2m=[0m2098221920 [3msize[0m[2m=[0m20643840 [3mshard_mapping[0m[2m=[0mNone
[2m2026-03-16T02:21:12.569034Z[0m [32m INFO[0m [2mswarmllm::inference::split[0m[2m:[0m DIAG: tensor mapping check [3mtensor[0m[2m=[0mblk.19.ffn_down.weight [3mgguf_seek[0m[2m=[0m834995552 [3msize[0m[2m=[0m14155776 [3mshard_mapping[0m[2m=[0mNone
[2m2026-03-16T02:21:12.569038Z[0m [32m INFO[0m [2mswarmllm::inference::split[0m[2m:[0m DIAG: tensor mapping check [3mtensor[0m[2m=[0mblk.15.attn_norm.weight [3mgguf_seek[0m[2m=[0m559437152 [3msize[0m[2m=[0m12288 [3mshard_mapping[0m[2m=[0mNone
[2m2026-03-16T02:21:12.569043Z[0m [32m INFO[0m [2mswarmllm::inference::split[0m[2m:[0m DIAG: tensor mapping check [3mtensor[0m[2m=[0mblk.20.attn_qkv.weight [3mgguf_seek[0m[2m=[0m1023800672 [3msize[0m[2m=[0m19464192 [3mshard_mapping[0m[2m=[0mSome((1, 47800320))
[2m2026-03-16T02:21:12.569052Z[0m [31mERROR[0m [2mswarmllm::inference::split[0m[2m:[0m ShardReader: position is in a missing shard region [3mpos[0m[2m=[0m56145248 [3mtotal_size[0m[2m=[0m2393232608 [3mheader_len[0m[2m=[0m738656 [3mbuf_len[0m[2m=[0m16 [3mtensor_map_sample[0m[2m=[0m["shard[0]@gguf[203650400..203662688)", "shard[0]@gguf[203662688..224306528)", "shard[0]@gguf[224306528..252618080)", "shard[0]@gguf[252618080..252630368)", "shard[0]@gguf[252630368..257938784)"]
[2m2026-03-16T02:21:12.569062Z[0m [32m INFO[0m [2mswarmllm::inference::split[0m[2m:[0m Split model using CPU (no CUDA available)
[2m2026-03-16T02:21:12.569067Z[0m [32m INFO[0m [2mswarmllm::inference::split[0m[2m:[0m Detected model architecture [3march[0m[2m=[0mphi3
[2m2026-03-16T02:21:12.569083Z[0m [31mERROR[0m [2mswarmllm::inference::split[0m[2m:[0m ShardReader: position is in a missing shard region [3mpos[0m[2m=[0m2393232224 [3mtotal_size[0m[2m=[0m2393232608 [3mheader_len[0m[2m=[0m738656 [3mbuf_len[0m[2m=[0m192 [3mtensor_map_sample[0m[2m=[0m["shard[0]@gguf[203650400..203662688)", "shard[0]@gguf[203662688..224306528)", "shard[0]@gguf[224306528..252618080)", "shard[0]@gguf[252618080..252630368)", "shard[0]@gguf[252630368..257938784)"]
[2m2026-03-16T02:21:14.680877Z[0m [32m INFO[0m [2mswarmllm::inference::split[0m[2m:[0m Building SPM tokenizer from GGUF header sentencepiece data [3mvocab_size[0m[2m=[0m32064 [3mscores[0m[2m=[0m32064 [3madd_space_prefix[0m[2m=[0mtrue [3madd_bos_token[0m[2m=[0mfalse
[2m2026-03-16T02:21:14.689268Z[0m [32m INFO[0m [2mswarmllm::inference::tokenizer[0m[2m:[0m Built SPM tokenizer from GGUF vocab [3mvocab_size[0m[2m=[0m32064 [3mspecial_tokens[0m[2m=[0m271 [3madd_space_prefix[0m[2m=[0mtrue [3madd_bos_token[0m[2m=[0mfalse [3munk_id[0m[2m=[0mSome(0) [3mbos_id[0m[2m=[0mNone
[2m2026-03-16T02:21:14.689389Z[0m [32m INFO[0m [2mswarmllm::inference::split[0m[2m:[0m Loaded chat template from GGUF header [3mbos[0m[2m=[0m<s> [3meos[0m[2m=[0m<|endoftext|>
[2m2026-03-16T02:21:14.689399Z[0m [32m INFO[0m [2mswarmllm::inference::split[0m[2m:[0m Loaded split model from shard files [3march[0m[2m=[0mphi3 [3mlayers[0m[2m=[0m"[6..13)" [3mtotal[0m[2m=[0m32 [3mis_first[0m[2m=[0mfalse [3mis_last[0m[2m=[0mfalse [3mhas_qkv_biases[0m[2m=[0mfalse [3mrope[0m[2m=[0m"contiguous" [3mactivation[0m[2m=[0mSiLU [3mcontext_length[0m[2m=[0m131072 [3mhead_count[0m[2m=[0m32 [3mhead_count_kv[0m[2m=[0m32 [3mhead_dim[0m[2m=[0m96 [3mrope_dim[0m[2m=[0m96 [3membedding_length[0m[2m=[0m3072 [3mhas_post_norms[0m[2m=[0mfalse
[2m2026-03-16T02:21:14.690641Z[0m [32m INFO[0m [2mswarmllm::model::auto_manage[0m[2m:[0m Auto-manage: model segment loaded and ready for inference [3mmodel[0m[2m=[0mphi-3.5-mini-instruct.q4-k-m [3mname[0m[2m=[0mPhi 3.5 Mini Instruct [3mlayers[0m[2m=[0m"[6..13)"
[2m2026-03-16T02:21:14.691613Z[0m [32m INFO[0m [2mswarmllm::daemon::shard_loader[0m[2m:[0m Loading split model from shard files (no full GGUF) [3mmodel[0m[2m=[0mphi-3.5-mini-instruct.q4-k-m [3mshards[0m[2m=[0m2 [3mlayers[0m[2m=[0m"[20..27)"
[2m2026-03-16T02:21:14.698946Z[0m [32m INFO[0m [2mswarmllm::inference::split[0m[2m:[0m Loading split model from shard files [3mmodel_dir[0m[2m=[0m/home/user/.local/share/swarmllm-test2/models/phi-3.5-mini-instruct.q4-k-m [3mheader_bytes[0m[2m=[0m738656 [3mtensor_data_offset[0m[2m=[0m738656 [3mshards[0m[2m=[0m2 [3mlayers[0m[2m=[0m"[20..27)"
[2m2026-03-16T02:21:14.706631Z[0m [32m INFO[0m [2mswarmllm::inference::split[0m[2m:[0m DIAG: tensor mapping check [3mtensor[0m[2m=[0mblk.25.ffn_norm.weight [3mgguf_seek[0m[2m=[0m1932407648 [3msize[0m[2m=[0m12288 [3mshard_mapping[0m[2m=[0mSome((1, 391778304))
[2m2026-03-16T02:21:14.706690Z[0m [32m INFO[0m [2mswarmllm::inference::split[0m[2m:[0m DIAG: tensor mapping check [3mtensor[0m[2m=[0mblk.5.attn_output.weight [3mgguf_seek[0m[2m=[0m1232082272 [3msize[0m[2m=[0m5308416 [3mshard_mapping[0m[2m=[0mNone
[2m2026-03-16T02:21:14.706699Z[0m [32m INFO[0m [2mswarmllm::inference::split[0m[2m:[0m DIAG: tensor mapping check [3mtensor[0m[2m=[0mblk.1.attn_norm.weight [3mgguf_seek[0m[2m=[0m129897824 [3msize[0m[2m=[0m12288 [3mshard_mapping[0m[2m=[0mNone
[2m2026-03-16T02:21:14.706705Z[0m [32m INFO[0m [2mswarmllm::inference::split[0m[2m:[0m DIAG: tensor mapping check [3mtensor[0m[2m=[0mblk.28.attn_qkv.weight [3mgguf_seek[0m[2m=[0m2152498016 [3msize[0m[2m=[0m19464192 [3mshard_mapping[0m[2m=[0mNone
[2m2026-03-16T02:21:14.706713Z[0m [32m INFO[0m [2mswarmllm::inference::split[0m[2m:[0m DIAG: tensor mapping check [3mtensor[0m[2m=[0mblk.2.ffn_norm.weight [3mgguf_seek[0m[2m=[0m951215456 [3msize[0m[2m=[0m12288 [3mshard_mapping[0m[2m=[0mNone
[2m2026-03-16T02:21:14.706726Z[0m [31mERROR[0m [2mswarmllm::inference::split[0m[2m:[0m ShardReader: position is in a missing shard region [3mpos[0m[2m=[0m56145248 [3mtotal_size[0m[2m=[0m2393232608 [3mheader_len[0m[2m=[0m738656 [3mbuf_len[0m[2m=[0m16 [3mtensor_map_sample[0m[2m=[0m["shard[0]@gguf[203650400..203662688)", "shard[0]@gguf[203662688..224306528)", "shard[0]@gguf[224306528..252618080)", "shard[0]@gguf[252618080..252630368)", "shard[0]@gguf[252630368..257938784)"]
[2m2026-03-16T02:21:14.706740Z[0m [32m INFO[0m [2mswarmllm::inference::split[0m[2m:[0m Split model using CPU (no CUDA available)
[2m2026-03-16T02:21:14.706748Z[0m [32m INFO[0m [2mswarmllm::inference::split[0m[2m:[0m Detected model architecture [3march[0m[2m=[0mphi3
[2m2026-03-16T02:21:14.706770Z[0m [31mERROR[0m [2mswarmllm::inference::split[0m[2m:[0m ShardReader: position is in a missing shard region [3mpos[0m[2m=[0m2393232224 [3mtotal_size[0m[2m=[0m2393232608 [3mheader_len[0m[2m=[0m738656 [3mbuf_len[0m[2m=[0m192 [3mtensor_map_sample[0m[2m=[0m["shard[0]@gguf[203650400..203662688)", "shard[0]@gguf[203662688..224306528)", "shard[0]@gguf[224306528..252618080)", "shard[0]@gguf[252618080..252630368)", "shard[0]@gguf[252630368..257938784)"]
[2m2026-03-16T02:21:16.142432Z[0m [32m INFO[0m [2mswarmllm::inference::split[0m[2m:[0m Building SPM tokenizer from GGUF header sentencepiece data [3mvocab_size[0m[2m=[0m32064 [3mscores[0m[2m=[0m32064 [3madd_space_prefix[0m[2m=[0mtrue [3madd_bos_token[0m[2m=[0mfalse
[2m2026-03-16T02:21:16.150692Z[0m [32m INFO[0m [2mswarmllm::inference::tokenizer[0m[2m:[0m Built SPM tokenizer from GGUF vocab [3mvocab_size[0m[2m=[0m32064 [3mspecial_tokens[0m[2m=[0m271 [3madd_space_prefix[0m[2m=[0mtrue [3madd_bos_token[0m[2m=[0mfalse [3munk_id[0m[2m=[0mSome(0) [3mbos_id[0m[2m=[0mNone
[2m2026-03-16T02:21:16.150781Z[0m [32m INFO[0m [2mswarmllm::inference::split[0m[2m:[0m Loaded chat template from GGUF header [3mbos[0m[2m=[0m<s> [3meos[0m[2m=[0m<|endoftext|>
[2m2026-03-16T02:21:16.150793Z[0m [32m INFO[0m [2mswarmllm::inference::split[0m[2m:[0m Loaded split model from shard files [3march[0m[2m=[0mphi3 [3mlayers[0m[2m=[0m"[20..27)" [3mtotal[0m[2m=[0m32 [3mis_first[0m[2m=[0mfalse [3mis_last[0m[2m=[0mfalse [3mhas_qkv_biases[0m[2m=[0mfalse [3mrope[0m[2m=[0m"contiguous" [3mactivation[0m[2m=[0mSiLU [3mcontext_length[0m[2m=[0m131072 [3mhead_count[0m[2m=[0m32 [3mhead_count_kv[0m[2m=[0m32 [3mhead_dim[0m[2m=[0m96 [3mrope_dim[0m[2m=[0m96 [3membedding_length[0m[2m=[0m3072 [3mhas_post_norms[0m[2m=[0mfalse
[2m2026-03-16T02:21:16.152950Z[0m [32m INFO[0m [2mswarmllm::model::auto_manage[0m[2m:[0m Auto-manage: model segment loaded and ready for inference [3mmodel[0m[2m=[0mphi-3.5-mini-instruct.q4-k-m [3mname[0m[2m=[0mPhi 3.5 Mini Instruct [3mlayers[0m[2m=[0m"[20..27)"
[2m2026-03-16T02:21:16.153142Z[0m [32m INFO[0m [2mswarmllm::model::auto_manage[0m[2m:[0m DIAG: check_and_load_model [3mmodel[0m[2m=[0mtinyllama-1.1b-chat-v1.0.q4-k-m [3mavailable_shards[0m[2m=[0m1 [3mmissing_shards[0m[2m=[0m1 [3mtotal_shards[0m[2m=[0m2 [3mranges[0m[2m=[0m[(12, 22)] [3mready[0m[2m=[0mfalse [3mlocal_shard_indices[0m[2m=[0m[1]
[2m2026-03-16T02:21:16.155078Z[0m [32m INFO[0m [2mswarmllm::daemon::shard_loader[0m[2m:[0m Loading split model from shard files (no full GGUF) [3mmodel[0m[2m=[0mtinyllama-1.1b-chat-v1.0.q4-k-m [3mshards[0m[2m=[0m1 [3mlayers[0m[2m=[0m"[12..22)"
[2m2026-03-16T02:21:16.171642Z[0m [32m INFO[0m [2mswarmllm::inference::split[0m[2m:[0m Loading split model from shard files [3mmodel_dir[0m[2m=[0m/home/user/.local/share/swarmllm-test2/models/tinyllama-1.1b-chat-v1.0.q4-k-m [3mheader_bytes[0m[2m=[0m1709440 [3mtensor_data_offset[0m[2m=[0m1709440 [3mshards[0m[2m=[0m1 [3mlayers[0m[2m=[0m"[12..22)"
[2m2026-03-16T02:21:16.182820Z[0m [32m INFO[0m [2mswarmllm::inference::split[0m[2m:[0m DIAG: tensor mapping check [3mtensor[0m[2m=[0mblk.21.ffn_norm.weight [3mgguf_seek[0m[2m=[0m477504896 [3msize[0m[2m=[0m8192 [3mshard_mapping[0m[2m=[0mSome((0, 308768768))
[2m2026-03-16T02:21:16.182878Z[0m [32m INFO[0m [2mswarmllm::inference::split[0m[2m:[0m DIAG: tensor mapping check [3mtensor[0m[2m=[0mblk.12.attn_k.weight [3mgguf_seek[0m[2m=[0m220161408 [3msize[0m[2m=[0m294912 [3mshard_mapping[0m[2m=[0mSome((0, 76214272))
[2m2026-03-16T02:21:16.182884Z[0m [32m INFO[0m [2mswarmllm::inference::split[0m[2m:[0m DIAG: tensor mapping check [3mtensor[0m[2m=[0mblk.2.ffn_norm.weight [3mgguf_seek[0m[2m=[0m424818048 [3msize[0m[2m=[0m8192 [3mshard_mapping[0m[2m=[0mNone
[2m2026-03-16T02:21:16.182889Z[0m [32m INFO[0m [2mswarmllm::inference::split[0m[2m:[0m DIAG: tensor mapping check [3mtensor[0m[2m=[0mblk.19.ffn_gate.weight [3mgguf_seek[0m[2m=[0m387052928 [3msize[0m[2m=[0m6488064 [3mshard_mapping[0m[2m=[0mSome((0, 243105792))
[2m2026-03-16T02:21:16.182893Z[0m [32m INFO[0m [2mswarmllm::inference::split[0m[2m:[0m DIAG: tensor mapping check [3mtensor[0m[2m=[0mblk.20.ffn_down.weight [3mgguf_seek[0m[2m=[0m430142848 [3msize[0m[2m=[0m9461760 [3mshard_mapping[0m[2m=[0mSome((0, 261406720))
[2m2026-03-16T02:21:16.182902Z[0m [31mERROR[0m [2mswarmllm::inference::split[0m[2m:[0m ShardReader: position is in a missing shard region [3mpos[0m[2m=[0m92333440 [3mtotal_size[0m[2m=[0m668788096 [3mheader_len[0m[2m=[0m1709440 [3mbuf_len[0m[2m=[0m16 [3mtensor_map_sample[0m[2m=[0m["shard[0]@gguf[1709440..55469440)", "shard[0]@gguf[197707136..197715328)", "shard[0]@gguf[197715328..207177088)", "shard[0]@gguf[207177088..213665152)", "shard[0]@gguf[213665152..220153216)"]
[2m2026-03-16T02:21:16.182930Z[0m [32m INFO[0m [2mswarmllm::inference::split[0m[2m:[0m Split model using CPU (no CUDA available)
[2m2026-03-16T02:21:16.182936Z[0m [32m INFO[0m [2mswarmllm::inference::split[0m[2m:[0m Detected model architecture [3march[0m[2m=[0mllama
[2m2026-03-16T02:21:16.813438Z[0m [32m INFO[0m [2mswarmllm::inference::split[0m[2m:[0m Loaded BPE tokenizer from GGUF header [3mmerges[0m[2m=[0m61249 [3mpre_type[0m[2m=[0mgpt2 [3mtokenizer_model[0m[2m=[0mllama
[2m2026-03-16T02:21:16.837980Z[0m [32m INFO[0m [2mswarmllm::inference::split[0m[2m:[0m Loaded chat template from GGUF header [3mbos[0m[2m=[0m<s> [3meos[0m[2m=[0m</s>
[2m2026-03-16T02:21:16.838033Z[0m [32m INFO[0m [2mswarmllm::inference::split[0m[2m:[0m Loaded split model from shard files [3march[0m[2m=[0mllama [3mlayers[0m[2m=[0m"[12..22)" [3mtotal[0m[2m=[0m22 [3mis_first[0m[2m=[0mfalse [3mis_last[0m[2m=[0mtrue [3mhas_qkv_biases[0m[2m=[0mfalse [3mrope[0m[2m=[0m"interleaved" [3mactivation[0m[2m=[0mSiLU [3mcontext_length[0m[2m=[0m2048 [3mhead_count[0m[2m=[0m32 [3mhead_count_kv[0m[2m=[0m4 [3mhead_dim[0m[2m=[0m64 [3mrope_dim[0m[2m=[0m64 [3membedding_length[0m[2m=[0m2048 [3mhas_post_norms[0m[2m=[0mfalse
[2m2026-03-16T02:21:16.841583Z[0m [32m INFO[0m [2mswarmllm::model::auto_manage[0m[2m:[0m Auto-manage: model segment loaded and ready for inference [3mmodel[0m[2m=[0mtinyllama-1.1b-chat-v1.0.q4-k-m [3mname[0m[2m=[0mtinyllama_tinyllama-1.1b-chat-v1.0 [3mlayers[0m[2m=[0m"[12..22)"
[2m2026-03-16T02:21:16.842240Z[0m [32m INFO[0m [2mswarmllm::daemon[0m[2m:[0m Broadcasting initial shard announcement [3mshards[0m[2m=[0m6
[2m2026-03-16T02:21:26.059919Z[0m [32m INFO[0m [2mswarmllm::network::manager[0m[2m:[0m DIAG: received response [3mpeer[0m[2m=[0m12D3KooWAyFfLinkAgFyQsC2SfHDizZ6yBg6BUUFYDYP1ZRVFaNr [3mkind[0m[2m=[0m"ack" [3mrequest_id[0m[2m=[0mOutboundRequestId(3) [3mwas_tensor_forward[0m[2m=[0mfalse [3mpending_tensor_out[0m[2m=[0m0
[2m2026-03-16T02:21:27.453280Z[0m [32m INFO[0m [2mswarmllm::network::manager[0m[2m:[0m DIAG: connection established [3mpeer_id[0m[2m=[0m12D3KooWSUjzxjgP5ZfafMxfkMEMEo7RwrF7khpEAKaEMHgJ5Pfv [3mconnection_id[0m[2m=[0m24 [3mcount[0m[2m=[0m1 [3mremote_addr[0m[2m=[0m/ip4/10.255.255.254/tcp/37180 [3mis_loopback[0m[2m=[0mfalse [3mis_dialer[0m[2m=[0mfalse [3mtotal_established[0m[2m=[0m2 [3mtotal_peers[0m[2m=[0m2 [3mpending_tensor_forwards[0m[2m=[0m0
[2m2026-03-16T02:21:27.455150Z[0m [32m INFO[0m [2mswarmllm::network::manager[0m[2m:[0m DIAG: key exchange initiated [3mpeer_id[0m[2m=[0m12D3KooWSUjzxjgP5ZfafMxfkMEMEo7RwrF7khpEAKaEMHgJ5Pfv [3mnode_id[0m[2m=[0mf78fbf0fba02769a [3msession_type[0m[2m=[0m"static"
[2m2026-03-16T02:21:27.455334Z[0m [32m INFO[0m [2mswarmllm::network::manager[0m[2m:[0m DIAG: encryption session established [3mpeer_id[0m[2m=[0m12D3KooWSUjzxjgP5ZfafMxfkMEMEo7RwrF7khpEAKaEMHgJ5Pfv [3mnode_id[0m[2m=[0mf78fbf0fba02769a [3msession_type[0m[2m=[0m"static" [3msession_count[0m[2m=[0m2
[2m2026-03-16T02:21:27.456088Z[0m [32m INFO[0m [2mswarmllm::network::manager[0m[2m:[0m Received request [3mpeer[0m[2m=[0m12D3KooWSUjzxjgP5ZfafMxfkMEMEo7RwrF7khpEAKaEMHgJ5Pfv [3mkind[0m[2m=[0m"message"
[2m2026-03-16T02:21:27.456375Z[0m [32m INFO[0m [2mswarmllm::network::manager[0m[2m:[0m DIAG: ResponseSent event — response written to wire [3mpeer[0m[2m=[0m12D3KooWSUjzxjgP5ZfafMxfkMEMEo7RwrF7khpEAKaEMHgJ5Pfv [3mrequest_id[0m[2m=[0mInboundRequestId(3)
[2m2026-03-16T02:21:27.456951Z[0m [32m INFO[0m [2mswarmllm::network::manager[0m[2m:[0m DIAG: received response [3mpeer[0m[2m=[0m12D3KooWSUjzxjgP5ZfafMxfkMEMEo7RwrF7khpEAKaEMHgJ5Pfv [3mkind[0m[2m=[0m"message" [3mrequest_id[0m[2m=[0mOutboundRequestId(4) [3mwas_tensor_forward[0m[2m=[0mfalse [3mpending_tensor_out[0m[2m=[0m0
[2m2026-03-16T02:21:27.456999Z[0m [32m INFO[0m [2mswarmllm::network::manager[0m[2m:[0m Low-latency peer auto-detected as LAN [3mpeer[0m[2m=[0m12D3KooWSUjzxjgP5ZfafMxfkMEMEo7RwrF7khpEAKaEMHgJ5Pfv [3mrtt_ms[0m[2m=[0m3 [3mlan_peers[0m[2m=[0m1
[2m2026-03-16T02:21:27.460945Z[0m [32m INFO[0m [2mswarmllm::daemon::dispatch[0m[2m:[0m Received shard announce from peer [3mnode_id[0m[2m=[0mf78fbf0fba02769a [3mshards[0m[2m=[0m9
[2m2026-03-16T02:21:27.463618Z[0m [32m INFO[0m [2mswarmllm::daemon::dispatch[0m[2m:[0m Received model manifest from network [3mmodel[0m[2m=[0mphi-3.5-mini-instruct.q4-k-m [3mname[0m[2m=[0mPhi 3.5 Mini Instruct [3mshards[0m[2m=[0m5 [3mpublisher[0m[2m=[0mf78fbf0fba02769a
[2m2026-03-16T02:21:27.463883Z[0m [32m INFO[0m [2mswarmllm::model::registry[0m[2m:[0m DIAG: register_manifest [3mmodel[0m[2m=[0mphi-3.5-mini-instruct.q4-k-m [3mname[0m[2m=[0mPhi 3.5 Mini Instruct [3mschema_version[0m[2m=[0m2 [3mshard_count[0m[2m=[0m5
[2m2026-03-16T02:21:27.463926Z[0m [32m INFO[0m [2mswarmllm::daemon::dispatch[0m[2m:[0m Received model manifest from network [3mmodel[0m[2m=[0mtinyllama-1.1b-chat-v1.0.q4-k-m [3mname[0m[2m=[0mtinyllama_tinyllama-1.1b-chat-v1.0 [3mshards[0m[2m=[0m2 [3mpublisher[0m[2m=[0mf78fbf0fba02769a
[2m2026-03-16T02:21:27.464106Z[0m [32m INFO[0m [2mswarmllm::model::registry[0m[2m:[0m DIAG: register_manifest [3mmodel[0m[2m=[0mtinyllama-1.1b-chat-v1.0.q4-k-m [3mname[0m[2m=[0mtinyllama_tinyllama-1.1b-chat-v1.0 [3mschema_version[0m[2m=[0m2 [3mshard_count[0m[2m=[0m2
[2m2026-03-16T02:21:27.465297Z[0m [32m INFO[0m [2mswarmllm::network::manager[0m[2m:[0m DIAG: received response [3mpeer[0m[2m=[0m12D3KooWSUjzxjgP5ZfafMxfkMEMEo7RwrF7khpEAKaEMHgJ5Pfv [3mkind[0m[2m=[0m"ack" [3mrequest_id[0m[2m=[0mOutboundRequestId(5) [3mwas_tensor_forward[0m[2m=[0mfalse [3mpending_tensor_out[0m[2m=[0m0
[2m2026-03-16T02:21:27.908653Z[0m [32m INFO[0m [2mswarmllm::network::manager[0m[2m:[0m Received request [3mpeer[0m[2m=[0m12D3KooWSUjzxjgP5ZfafMxfkMEMEo7RwrF7khpEAKaEMHgJ5Pfv [3mkind[0m[2m=[0m"message"
[2m2026-03-16T02:21:27.908859Z[0m [32m INFO[0m [2mswarmllm::network::manager[0m[2m:[0m DIAG: ResponseSent event — response written to wire [3mpeer[0m[2m=[0m12D3KooWSUjzxjgP5ZfafMxfkMEMEo7RwrF7khpEAKaEMHgJ5Pfv [3mrequest_id[0m[2m=[0mInboundRequestId(4)
[2m2026-03-16T02:21:32.908253Z[0m [32m INFO[0m [2mswarmllm::network::manager[0m[2m:[0m Received request [3mpeer[0m[2m=[0m12D3KooWAyFfLinkAgFyQsC2SfHDizZ6yBg6BUUFYDYP1ZRVFaNr [3mkind[0m[2m=[0m"message"
[2m2026-03-16T02:21:32.908503Z[0m [32m INFO[0m [2mswarmllm::network::manager[0m[2m:[0m DIAG: ResponseSent event — response written to wire [3mpeer[0m[2m=[0m12D3KooWAyFfLinkAgFyQsC2SfHDizZ6yBg6BUUFYDYP1ZRVFaNr [3mrequest_id[0m[2m=[0mInboundRequestId(5)
[2m2026-03-16T02:21:33.181326Z[0m [33m WARN[0m [2mswarmllm::update[0m[2m:[0m Update check failed [3merror[0m[2m=[0mNetwork error: GitHub API returned 404 Not Found
[2m2026-03-16T02:21:39.884453Z[0m [32m INFO[0m [2mswarmllm::daemon::dispatch[0m[2m:[0m Received shard announce from peer [3mnode_id[0m[2m=[0mf78fbf0fba02769a [3mshards[0m[2m=[0m9
[2m2026-03-16T02:21:39.885236Z[0m [32m INFO[0m [2mswarmllm::daemon::dispatch[0m[2m:[0m Received model manifest from network [3mmodel[0m[2m=[0mphi-3.5-mini-instruct.q4-k-m [3mname[0m[2m=[0mPhi 3.5 Mini Instruct [3mshards[0m[2m=[0m5 [3mpublisher[0m[2m=[0mc4a3ab5093da731a
[2m2026-03-16T02:21:39.885353Z[0m [32m INFO[0m [2mswarmllm::model::registry[0m[2m:[0m DIAG: register_manifest [3mmodel[0m[2m=[0mphi-3.5-mini-instruct.q4-k-m [3mname[0m[2m=[0mPhi 3.5 Mini Instruct [3mschema_version[0m[2m=[0m2 [3mshard_count[0m[2m=[0m5
[2m2026-03-16T02:21:39.885835Z[0m [32m INFO[0m [2mswarmllm::daemon::dispatch[0m[2m:[0m Received model manifest from network [3mmodel[0m[2m=[0mtinyllama-1.1b-chat-v1.0.q4-k-m [3mname[0m[2m=[0mtinyllama_tinyllama-1.1b-chat-v1.0 [3mshards[0m[2m=[0m2 [3mpublisher[0m[2m=[0mc4a3ab5093da731a
[2m2026-03-16T02:21:39.885947Z[0m [32m INFO[0m [2mswarmllm::model::registry[0m[2m:[0m DIAG: register_manifest [3mmodel[0m[2m=[0mtinyllama-1.1b-chat-v1.0.q4-k-m [3mname[0m[2m=[0mtinyllama_tinyllama-1.1b-chat-v1.0 [3mschema_version[0m[2m=[0m2 [3mshard_count[0m[2m=[0m2
[2m2026-03-16T02:21:39.886402Z[0m [32m INFO[0m [2mswarmllm::daemon::dispatch[0m[2m:[0m Received model manifest from network [3mmodel[0m[2m=[0mqwen2.5-coder-7b-instruct-q4-k-m [3mname[0m[2m=[0mQwen2.5 Coder 7B Instruct GGUF [3mshards[0m[2m=[0m8 [3mpublisher[0m[2m=[0mf78fbf0fba02769a
[2m2026-03-16T02:21:39.886469Z[0m [32m INFO[0m [2mswarmllm::network::manager[0m[2m:[0m Received request [3mpeer[0m[2m=[0m12D3KooWSUjzxjgP5ZfafMxfkMEMEo7RwrF7khpEAKaEMHgJ5Pfv [3mkind[0m[2m=[0m"message"
[2m2026-03-16T02:21:39.886492Z[0m [32m INFO[0m [2mswarmllm::model::registry[0m[2m:[0m DIAG: register_manifest [3mmodel[0m[2m=[0mqwen2.5-coder-7b-instruct-q4-k-m [3mname[0m[2m=[0mQwen2.5 Coder 7B Instruct GGUF [3mschema_version[0m[2m=[0m2 [3mshard_count[0m[2m=[0m8
[2m2026-03-16T02:21:39.886591Z[0m [32m INFO[0m [2mswarmllm::network::manager[0m[2m:[0m DIAG: ResponseSent event — response written to wire [3mpeer[0m[2m=[0m12D3KooWSUjzxjgP5ZfafMxfkMEMEo7RwrF7khpEAKaEMHgJ5Pfv [3mrequest_id[0m[2m=[0mInboundRequestId(6)
[2m2026-03-16T02:21:39.896264Z[0m [32m INFO[0m [2mswarmllm::model::auto_manage[0m[2m:[0m AutoShardManager: triggered by new HF source or manifest
[2m2026-03-16T02:21:40.149464Z[0m [32m INFO[0m [2mswarmllm::model::auto_manage[0m[2m:[0m DIAG: evaluate_and_prune starting [3mresource_pressure[0m[2m=[0m"0.12" [3mpressure_urgent[0m[2m=[0mfalse
[2m2026-03-16T02:21:53.494094Z[0m [32m INFO[0m [2mswarmllm::network::manager[0m[2m:[0m DIAG: received response [3mpeer[0m[2m=[0m12D3KooWAyFfLinkAgFyQsC2SfHDizZ6yBg6BUUFYDYP1ZRVFaNr [3mkind[0m[2m=[0m"ack" [3mrequest_id[0m[2m=[0mOutboundRequestId(6) [3mwas_tensor_forward[0m[2m=[0mfalse [3mpending_tensor_out[0m[2m=[0m0
[2m2026-03-16T02:21:54.884833Z[0m [32m INFO[0m [2mswarmllm::network::manager[0m[2m:[0m DIAG: received response [3mpeer[0m[2m=[0m12D3KooWSUjzxjgP5ZfafMxfkMEMEo7RwrF7khpEAKaEMHgJ5Pfv [3mkind[0m[2m=[0m"ack" [3mrequest_id[0m[2m=[0mOutboundRequestId(7) [3mwas_tensor_forward[0m[2m=[0mfalse [3mpending_tensor_out[0m[2m=[0m0
[2m2026-03-16T02:21:54.887261Z[0m [32m INFO[0m [2mswarmllm::daemon::dispatch[0m[2m:[0m Received shard announce from peer [3mnode_id[0m[2m=[0mf78fbf0fba02769a [3mshards[0m[2m=[0m9
[2m2026-03-16T02:21:54.888103Z[0m [32m INFO[0m [2mswarmllm::daemon::dispatch[0m[2m:[0m Received model manifest from network [3mmodel[0m[2m=[0mqwen2.5-coder-7b-instruct-q4-k-m [3mname[0m[2m=[0mQwen2.5 Coder 7B Instruct GGUF [3mshards[0m[2m=[0m8 [3mpublisher[0m[2m=[0mf78fbf0fba02769a
[2m2026-03-16T02:21:54.888280Z[0m [32m INFO[0m [2mswarmllm::model::registry[0m[2m:[0m DIAG: register_manifest [3mmodel[0m[2m=[0mqwen2.5-coder-7b-instruct-q4-k-m [3mname[0m[2m=[0mQwen2.5 Coder 7B Instruct GGUF [3mschema_version[0m[2m=[0m2 [3mshard_count[0m[2m=[0m8
[2m2026-03-16T02:22:00.341388Z[0m [32m INFO[0m [2mswarmllm::network::manager[0m[2m:[0m Received request [3mpeer[0m[2m=[0m12D3KooWSUjzxjgP5ZfafMxfkMEMEo7RwrF7khpEAKaEMHgJ5Pfv [3mkind[0m[2m=[0m"message"
[2m2026-03-16T02:22:00.341459Z[0m [32m INFO[0m [2mswarmllm::network::manager[0m[2m:[0m Received request [3mpeer[0m[2m=[0m12D3KooWAyFfLinkAgFyQsC2SfHDizZ6yBg6BUUFYDYP1ZRVFaNr [3mkind[0m[2m=[0m"message"
[2m2026-03-16T02:22:00.341580Z[0m [32m INFO[0m [2mswarmllm::network::manager[0m[2m:[0m DIAG: ResponseSent event — response written to wire [3mpeer[0m[2m=[0m12D3KooWSUjzxjgP5ZfafMxfkMEMEo7RwrF7khpEAKaEMHgJ5Pfv [3mrequest_id[0m[2m=[0mInboundRequestId(7)
[2m2026-03-16T02:22:00.341659Z[0m [32m INFO[0m [2mswarmllm::network::manager[0m[2m:[0m DIAG: ResponseSent event — response written to wire [3mpeer[0m[2m=[0m12D3KooWAyFfLinkAgFyQsC2SfHDizZ6yBg6BUUFYDYP1ZRVFaNr [3mrequest_id[0m[2m=[0mInboundRequestId(8)
[2m2026-03-16T02:22:12.646107Z[0m [32m INFO[0m [2mswarmllm::model::auto_manage[0m[2m:[0m DIAG: evaluate_and_prune starting [3mresource_pressure[0m[2m=[0m"0.12" [3mpressure_urgent[0m[2m=[0mfalse
[2m2026-03-16T02:22:20.549208Z[0m [32m INFO[0m [2mswarmllm::network::manager[0m[2m:[0m DIAG: received response [3mpeer[0m[2m=[0m12D3KooWAyFfLinkAgFyQsC2SfHDizZ6yBg6BUUFYDYP1ZRVFaNr [3mkind[0m[2m=[0m"ack" [3mrequest_id[0m[2m=[0mOutboundRequestId(8) [3mwas_tensor_forward[0m[2m=[0mfalse [3mpending_tensor_out[0m[2m=[0m0
[2m2026-03-16T02:22:21.940790Z[0m [32m INFO[0m [2mswarmllm::network::manager[0m[2m:[0m DIAG: received response [3mpeer[0m[2m=[0m12D3KooWSUjzxjgP5ZfafMxfkMEMEo7RwrF7khpEAKaEMHgJ5Pfv [3mkind[0m[2m=[0m"ack" [3mrequest_id[0m[2m=[0mOutboundRequestId(9) [3mwas_tensor_forward[0m[2m=[0mfalse [3mpending_tensor_out[0m[2m=[0m0
[2m2026-03-16T02:22:21.943094Z[0m [32m INFO[0m [2mswarmllm::daemon::dispatch[0m[2m:[0m Received shard announce from peer [3mnode_id[0m[2m=[0mf78fbf0fba02769a [3mshards[0m[2m=[0m9
[2m2026-03-16T02:22:21.944055Z[0m [32m INFO[0m [2mswarmllm::daemon::dispatch[0m[2m:[0m Received model manifest from network [3mmodel[0m[2m=[0mqwen2.5-coder-7b-instruct-q4-k-m [3mname[0m[2m=[0mQwen2.5 Coder 7B Instruct GGUF [3mshards[0m[2m=[0m8 [3mpublisher[0m[2m=[0mf78fbf0fba02769a
[2m2026-03-16T02:22:21.944167Z[0m [32m INFO[0m [2mswarmllm::model::registry[0m[2m:[0m DIAG: register_manifest [3mmodel[0m[2m=[0mqwen2.5-coder-7b-instruct-q4-k-m [3mname[0m[2m=[0mQwen2.5 Coder 7B Instruct GGUF [3mschema_version[0m[2m=[0m2 [3mshard_count[0m[2m=[0m8
[2m2026-03-16T02:22:27.397155Z[0m [32m INFO[0m [2mswarmllm::network::manager[0m[2m:[0m Received request [3mpeer[0m[2m=[0m12D3KooWAyFfLinkAgFyQsC2SfHDizZ6yBg6BUUFYDYP1ZRVFaNr [3mkind[0m[2m=[0m"message"
[2m2026-03-16T02:22:27.397215Z[0m [32m INFO[0m [2mswarmllm::network::manager[0m[2m:[0m Received request [3mpeer[0m[2m=[0m12D3KooWSUjzxjgP5ZfafMxfkMEMEo7RwrF7khpEAKaEMHgJ5Pfv [3mkind[0m[2m=[0m"message"
[2m2026-03-16T02:22:27.397295Z[0m [32m INFO[0m [2mswarmllm::network::manager[0m[2m:[0m DIAG: ResponseSent event — response written to wire [3mpeer[0m[2m=[0m12D3KooWAyFfLinkAgFyQsC2SfHDizZ6yBg6BUUFYDYP1ZRVFaNr [3mrequest_id[0m[2m=[0mInboundRequestId(10)
[2m2026-03-16T02:22:27.397326Z[0m [32m INFO[0m [2mswarmllm::network::manager[0m[2m:[0m DIAG: ResponseSent event — response written to wire [3mpeer[0m[2m=[0m12D3KooWSUjzxjgP5ZfafMxfkMEMEo7RwrF7khpEAKaEMHgJ5Pfv [3mrequest_id[0m[2m=[0mInboundRequestId(9)
